/*
 Navicat Premium Data Transfer

 Source Server         : localhost
 Source Server Type    : MySQL
 Source Server Version : 50612
 Source Host           : localhost
 Source Database       : smiles_and_frowns

 Target Server Type    : MySQL
 Target Server Version : 50612
 File Encoding         : utf-8

 Date: 11/23/2015 13:33:19 PM
*/

SET NAMES utf8;
SET FOREIGN_KEY_CHECKS = 0;

-- ----------------------------
--  Table structure for `auth_group`
-- ----------------------------
DROP TABLE IF EXISTS `auth_group`;
CREATE TABLE `auth_group` (
  `id` int(11) NOT NULL AUTO_INCREMENT,
  `name` varchar(80) NOT NULL,
  PRIMARY KEY (`id`),
  UNIQUE KEY `name` (`name`)
) ENGINE=InnoDB DEFAULT CHARSET=latin1;

-- ----------------------------
--  Table structure for `auth_group_permissions`
-- ----------------------------
DROP TABLE IF EXISTS `auth_group_permissions`;
CREATE TABLE `auth_group_permissions` (
  `id` int(11) NOT NULL AUTO_INCREMENT,
  `group_id` int(11) NOT NULL,
  `permission_id` int(11) NOT NULL,
  PRIMARY KEY (`id`),
  UNIQUE KEY `group_id` (`group_id`,`permission_id`),
  KEY `auth_group__permission_id_1f49ccbbdc69d2fc_fk_auth_permission_id` (`permission_id`),
  CONSTRAINT `auth_group__permission_id_1f49ccbbdc69d2fc_fk_auth_permission_id` FOREIGN KEY (`permission_id`) REFERENCES `auth_permission` (`id`),
  CONSTRAINT `auth_group_permission_group_id_689710a9a73b7457_fk_auth_group_id` FOREIGN KEY (`group_id`) REFERENCES `auth_group` (`id`)
) ENGINE=InnoDB DEFAULT CHARSET=latin1;

-- ----------------------------
--  Table structure for `auth_permission`
-- ----------------------------
DROP TABLE IF EXISTS `auth_permission`;
CREATE TABLE `auth_permission` (
  `id` int(11) NOT NULL AUTO_INCREMENT,
  `name` varchar(255) NOT NULL,
  `content_type_id` int(11) NOT NULL,
  `codename` varchar(100) NOT NULL,
  PRIMARY KEY (`id`),
  UNIQUE KEY `content_type_id` (`content_type_id`,`codename`),
  CONSTRAINT `auth__content_type_id_508cf46651277a81_fk_django_content_type_id` FOREIGN KEY (`content_type_id`) REFERENCES `django_content_type` (`id`)
) ENGINE=InnoDB AUTO_INCREMENT=67 DEFAULT CHARSET=latin1;

-- ----------------------------
--  Records of `auth_permission`
-- ----------------------------
BEGIN;
INSERT INTO `auth_permission` VALUES ('1', 'Can add log entry', '1', 'add_logentry'), ('2', 'Can change log entry', '1', 'change_logentry'), ('3', 'Can delete log entry', '1', 'delete_logentry'), ('4', 'Can add permission', '2', 'add_permission'), ('5', 'Can change permission', '2', 'change_permission'), ('6', 'Can delete permission', '2', 'delete_permission'), ('7', 'Can add group', '3', 'add_group'), ('8', 'Can change group', '3', 'change_group'), ('9', 'Can delete group', '3', 'delete_group'), ('10', 'Can add user', '4', 'add_user'), ('11', 'Can change user', '4', 'change_user'), ('12', 'Can delete user', '4', 'delete_user'), ('13', 'Can add content type', '5', 'add_contenttype'), ('14', 'Can change content type', '5', 'change_contenttype'), ('15', 'Can delete content type', '5', 'delete_contenttype'), ('16', 'Can add session', '6', 'add_session'), ('17', 'Can change session', '6', 'change_session'), ('18', 'Can delete session', '6', 'delete_session'), ('19', 'Can add user social auth', '7', 'add_usersocialauth'), ('20', 'Can change user social auth', '7', 'change_usersocialauth'), ('21', 'Can delete user social auth', '7', 'delete_usersocialauth'), ('22', 'Can add nonce', '8', 'add_nonce'), ('23', 'Can change nonce', '8', 'change_nonce'), ('24', 'Can delete nonce', '8', 'delete_nonce'), ('25', 'Can add association', '9', 'add_association'), ('26', 'Can change association', '9', 'change_association'), ('27', 'Can delete association', '9', 'delete_association'), ('28', 'Can add code', '10', 'add_code'), ('29', 'Can change code', '10', 'change_code'), ('30', 'Can delete code', '10', 'delete_code'), ('31', 'Can add profile', '11', 'add_profile'), ('32', 'Can change profile', '11', 'change_profile'), ('33', 'Can delete profile', '11', 'delete_profile'), ('34', 'Can add board', '12', 'add_board'), ('35', 'Can change board', '12', 'change_board'), ('36', 'Can delete board', '12', 'delete_board'), ('37', 'Can add user role', '13', 'add_userrole'), ('38', 'Can change user role', '13', 'change_userrole'), ('39', 'Can delete user role', '13', 'delete_userrole'), ('40', 'Can add behavior', '14', 'add_behavior'), ('41', 'Can change behavior', '14', 'change_behavior'), ('42', 'Can delete behavior', '14', 'delete_behavior'), ('43', 'Can add reward', '15', 'add_reward'), ('44', 'Can change reward', '15', 'change_reward'), ('45', 'Can delete reward', '15', 'delete_reward'), ('46', 'Can add smile', '16', 'add_smile'), ('47', 'Can change smile', '16', 'change_smile'), ('48', 'Can delete smile', '16', 'delete_smile'), ('49', 'Can add frown', '17', 'add_frown'), ('50', 'Can change frown', '17', 'change_frown'), ('51', 'Can delete frown', '17', 'delete_frown'), ('52', 'Can add invite', '18', 'add_invite'), ('53', 'Can change invite', '18', 'change_invite'), ('54', 'Can delete invite', '18', 'delete_invite'), ('55', 'Can add temp profile image', '19', 'add_tempprofileimage'), ('56', 'Can change temp profile image', '19', 'change_tempprofileimage'), ('57', 'Can delete temp profile image', '19', 'delete_tempprofileimage'), ('58', 'Can add predefined behavior', '20', 'add_predefinedbehavior'), ('59', 'Can change predefined behavior', '20', 'change_predefinedbehavior'), ('60', 'Can delete predefined behavior', '20', 'delete_predefinedbehavior'), ('61', 'Can add predefined board', '21', 'add_predefinedboard'), ('62', 'Can change predefined board', '21', 'change_predefinedboard'), ('63', 'Can delete predefined board', '21', 'delete_predefinedboard'), ('64', 'Can add predefined behavior group', '22', 'add_predefinedbehaviorgroup'), ('65', 'Can change predefined behavior group', '22', 'change_predefinedbehaviorgroup'), ('66', 'Can delete predefined behavior group', '22', 'delete_predefinedbehaviorgroup');
COMMIT;

-- ----------------------------
--  Table structure for `auth_user`
-- ----------------------------
DROP TABLE IF EXISTS `auth_user`;
CREATE TABLE `auth_user` (
  `id` int(11) NOT NULL AUTO_INCREMENT,
  `password` varchar(128) NOT NULL,
  `last_login` datetime(6) DEFAULT NULL,
  `is_superuser` tinyint(1) NOT NULL,
  `username` varchar(64) NOT NULL,
  `first_name` varchar(30) NOT NULL,
  `last_name` varchar(30) NOT NULL,
  `email` varchar(254) NOT NULL,
  `is_staff` tinyint(1) NOT NULL,
  `is_active` tinyint(1) NOT NULL,
  `date_joined` datetime(6) NOT NULL,
  PRIMARY KEY (`id`),
  UNIQUE KEY `username` (`username`)
) ENGINE=InnoDB AUTO_INCREMENT=3 DEFAULT CHARSET=latin1;

-- ----------------------------
--  Records of `auth_user`
-- ----------------------------
BEGIN;
INSERT INTO `auth_user` VALUES ('1', 'pbkdf2_sha256$20000$RPv6RPXnvBgi$sfqqAtAHR8e2kAHivudXUnxAZC25Voj2fC6QBvrrIRM=', '2015-11-23 18:23:24.852590', '1', 'admin', '', '', 'info@apptitude-digital.com', '1', '1', '2015-11-23 18:23:01.541822'), ('2', 'pbkdf2_sha256$20000$y1jVX787ubFo$n9QUX3N/nbK4lIgqMb/KlSUDLCGE87k9+OJk5I8rk70=', '2015-11-23 18:46:11.061828', '0', '9c62dea4-552c-41c9-9185-f52431312ab6', 'Aaron', 'Smith', 'gngrwzrd@gmail.com', '0', '1', '2015-11-23 18:46:10.865953');
COMMIT;

-- ----------------------------
--  Table structure for `auth_user_groups`
-- ----------------------------
DROP TABLE IF EXISTS `auth_user_groups`;
CREATE TABLE `auth_user_groups` (
  `id` int(11) NOT NULL AUTO_INCREMENT,
  `user_id` int(11) NOT NULL,
  `group_id` int(11) NOT NULL,
  PRIMARY KEY (`id`),
  UNIQUE KEY `user_id` (`user_id`,`group_id`),
  KEY `auth_user_groups_group_id_33ac548dcf5f8e37_fk_auth_group_id` (`group_id`),
  CONSTRAINT `auth_user_groups_group_id_33ac548dcf5f8e37_fk_auth_group_id` FOREIGN KEY (`group_id`) REFERENCES `auth_group` (`id`),
  CONSTRAINT `auth_user_groups_user_id_4b5ed4ffdb8fd9b0_fk_auth_user_id` FOREIGN KEY (`user_id`) REFERENCES `auth_user` (`id`)
) ENGINE=InnoDB DEFAULT CHARSET=latin1;

-- ----------------------------
--  Table structure for `auth_user_user_permissions`
-- ----------------------------
DROP TABLE IF EXISTS `auth_user_user_permissions`;
CREATE TABLE `auth_user_user_permissions` (
  `id` int(11) NOT NULL AUTO_INCREMENT,
  `user_id` int(11) NOT NULL,
  `permission_id` int(11) NOT NULL,
  PRIMARY KEY (`id`),
  UNIQUE KEY `user_id` (`user_id`,`permission_id`),
  KEY `auth_user_u_permission_id_384b62483d7071f0_fk_auth_permission_id` (`permission_id`),
  CONSTRAINT `auth_user_u_permission_id_384b62483d7071f0_fk_auth_permission_id` FOREIGN KEY (`permission_id`) REFERENCES `auth_permission` (`id`),
  CONSTRAINT `auth_user_user_permissi_user_id_7f0938558328534a_fk_auth_user_id` FOREIGN KEY (`user_id`) REFERENCES `auth_user` (`id`)
) ENGINE=InnoDB DEFAULT CHARSET=latin1;

-- ----------------------------
--  Table structure for `django_admin_log`
-- ----------------------------
DROP TABLE IF EXISTS `django_admin_log`;
CREATE TABLE `django_admin_log` (
  `id` int(11) NOT NULL AUTO_INCREMENT,
  `action_time` datetime(6) NOT NULL,
  `object_id` longtext,
  `object_repr` varchar(200) NOT NULL,
  `action_flag` smallint(5) unsigned NOT NULL,
  `change_message` longtext NOT NULL,
  `content_type_id` int(11) DEFAULT NULL,
  `user_id` int(11) NOT NULL,
  PRIMARY KEY (`id`),
  KEY `djang_content_type_id_697914295151027a_fk_django_content_type_id` (`content_type_id`),
  KEY `django_admin_log_user_id_52fdd58701c5f563_fk_auth_user_id` (`user_id`),
  CONSTRAINT `django_admin_log_user_id_52fdd58701c5f563_fk_auth_user_id` FOREIGN KEY (`user_id`) REFERENCES `auth_user` (`id`),
  CONSTRAINT `djang_content_type_id_697914295151027a_fk_django_content_type_id` FOREIGN KEY (`content_type_id`) REFERENCES `django_content_type` (`id`)
) ENGINE=InnoDB AUTO_INCREMENT=584 DEFAULT CHARSET=latin1;

-- ----------------------------
--  Records of `django_admin_log`
-- ----------------------------
BEGIN;
INSERT INTO `django_admin_log` VALUES ('1', '2015-11-23 20:21:29.014671', '17', 'Custom', '3', '', '22', '1'), ('2', '2015-11-23 20:29:53.340897', '277', '', '3', '', '20', '1'), ('3', '2015-11-23 20:29:53.343081', '276', '', '3', '', '20', '1'), ('4', '2015-11-23 20:29:53.343683', '275', '', '3', '', '20', '1'), ('5', '2015-11-23 20:29:53.344286', '274', '', '3', '', '20', '1'), ('6', '2015-11-23 20:29:53.345078', '273', '', '3', '', '20', '1'), ('7', '2015-11-23 20:29:53.345871', '272', '', '3', '', '20', '1'), ('8', '2015-11-23 20:29:53.346657', '271', '', '3', '', '20', '1'), ('9', '2015-11-23 20:29:53.347441', '270', '', '3', '', '20', '1'), ('10', '2015-11-23 20:29:53.348484', '269', '', '3', '', '20', '1'), ('11', '2015-11-23 20:29:53.349124', '268', '', '3', '', '20', '1'), ('12', '2015-11-23 20:29:53.349714', '267', '', '3', '', '20', '1'), ('13', '2015-11-23 20:29:53.350298', '266', '', '3', '', '20', '1'), ('14', '2015-11-23 20:29:53.350879', '265', '', '3', '', '20', '1'), ('15', '2015-11-23 20:29:53.351445', '264', '', '3', '', '20', '1'), ('16', '2015-11-23 20:29:53.352032', '263', '', '3', '', '20', '1'), ('17', '2015-11-23 20:29:53.352718', '262', '', '3', '', '20', '1'), ('18', '2015-11-23 20:29:53.353316', '261', '', '3', '', '20', '1'), ('19', '2015-11-23 20:29:53.353883', '260', '', '3', '', '20', '1'), ('20', '2015-11-23 20:29:53.354462', '259', '', '3', '', '20', '1'), ('21', '2015-11-23 20:29:53.355040', '258', '', '3', '', '20', '1'), ('22', '2015-11-23 20:29:53.355616', '257', '', '3', '', '20', '1'), ('23', '2015-11-23 20:29:53.356190', '256', '', '3', '', '20', '1'), ('24', '2015-11-23 20:29:53.356773', '255', '', '3', '', '20', '1'), ('25', '2015-11-23 20:29:53.357334', '254', 'Completing team responsibilities', '3', '', '20', '1'), ('26', '2015-11-23 20:29:53.357884', '253', 'Using time wisely', '3', '', '20', '1'), ('27', '2015-11-23 20:29:53.358436', '252', 'Showing focus and effort', '3', '', '20', '1'), ('28', '2015-11-23 20:29:53.359000', '251', 'Being persistent', '3', '', '20', '1'), ('29', '2015-11-23 20:29:53.359554', '250', 'Being self-directed', '3', '', '20', '1'), ('30', '2015-11-23 20:29:53.360112', '249', 'Using study planner', '3', '', '20', '1'), ('31', '2015-11-23 20:29:53.360671', '248', 'Keeping binder organzied', '3', '', '20', '1'), ('32', '2015-11-23 20:29:53.361568', '247', 'Doing assigned classroom jobs', '3', '', '20', '1'), ('33', '2015-11-23 20:29:53.362190', '246', 'Getting parents signatures', '3', '', '20', '1'), ('34', '2015-11-23 20:29:53.362765', '245', 'Bringing take-home folder', '3', '', '20', '1'), ('35', '2015-11-23 20:29:53.363330', '244', 'Putting name on assignments', '3', '', '20', '1'), ('36', '2015-11-23 20:29:53.363899', '243', 'Turning in daily assignments', '3', '', '20', '1'), ('37', '2015-11-23 20:29:53.364462', '242', 'Completing check-ins without reminders', '3', '', '20', '1'), ('38', '2015-11-23 20:29:53.365029', '241', 'Obeying cafeteria rules and routines', '3', '', '20', '1'), ('39', '2015-11-23 20:29:53.365595', '240', 'Following restroom rules', '3', '', '20', '1'), ('40', '2015-11-23 20:29:53.366142', '239', 'Playing by recess rules', '3', '', '20', '1'), ('41', '2015-11-23 20:29:53.366717', '238', 'Walking quietly in hallways', '3', '', '20', '1'), ('42', '2015-11-23 20:29:53.367406', '237', 'Respecting classroom rules', '3', '', '20', '1'), ('43', '2015-11-23 20:29:53.368058', '236', 'Being respectful to adults', '3', '', '20', '1'), ('44', '2015-11-23 20:29:53.368667', '235', 'Taking responsiblity for actions', '3', '', '20', '1'), ('45', '2015-11-23 20:29:53.369257', '234', 'Following directions the first time', '3', '', '20', '1'), ('46', '2015-11-23 20:29:53.369824', '233', 'Using good manners', '3', '', '20', '1'), ('47', '2015-11-23 20:29:53.370437', '232', 'Using signals and cues', '3', '', '20', '1'), ('48', '2015-11-23 20:29:53.371040', '231', 'Using conversatin skills', '3', '', '20', '1'), ('49', '2015-11-23 20:29:53.371634', '230', 'Being kind and helpful', '3', '', '20', '1'), ('50', '2015-11-23 20:29:53.372510', '229', 'Being honest', '3', '', '20', '1'), ('51', '2015-11-23 20:29:53.373090', '228', '', '3', '', '20', '1'), ('52', '2015-11-23 20:29:53.373663', '227', '', '3', '', '20', '1'), ('53', '2015-11-23 20:29:53.374268', '226', '', '3', '', '20', '1'), ('54', '2015-11-23 20:29:53.374883', '225', '', '3', '', '20', '1'), ('55', '2015-11-23 20:29:53.375445', '224', '', '3', '', '20', '1'), ('56', '2015-11-23 20:29:53.376010', '223', '', '3', '', '20', '1'), ('57', '2015-11-23 20:29:53.376572', '222', '', '3', '', '20', '1'), ('58', '2015-11-23 20:29:53.377375', '221', '', '3', '', '20', '1'), ('59', '2015-11-23 20:29:53.377947', '220', '', '3', '', '20', '1'), ('60', '2015-11-23 20:29:53.378518', '219', '', '3', '', '20', '1'), ('61', '2015-11-23 20:29:53.379090', '218', '', '3', '', '20', '1'), ('62', '2015-11-23 20:29:53.379659', '217', '', '3', '', '20', '1'), ('63', '2015-11-23 20:29:53.380217', '216', '', '3', '', '20', '1'), ('64', '2015-11-23 20:29:53.380849', '215', '', '3', '', '20', '1'), ('65', '2015-11-23 20:29:53.381585', '214', '', '3', '', '20', '1'), ('66', '2015-11-23 20:29:53.382173', '213', '', '3', '', '20', '1'), ('67', '2015-11-23 20:29:53.382728', '212', '', '3', '', '20', '1'), ('68', '2015-11-23 20:29:53.383290', '211', '', '3', '', '20', '1'), ('69', '2015-11-23 20:29:53.383923', '210', 'Planning ahead for big projects', '3', '', '20', '1'), ('70', '2015-11-23 20:29:53.384623', '209', 'Prioritizing work', '3', '', '20', '1'), ('71', '2015-11-23 20:29:53.385523', '208', 'Breaking down big assignments', '3', '', '20', '1'), ('72', '2015-11-23 20:29:53.386156', '207', 'Estimating time for each step', '3', '', '20', '1'), ('73', '2015-11-23 20:29:53.386768', '206', 'Creating to do lists', '3', '', '20', '1'), ('74', '2015-11-23 20:29:53.387374', '205', 'Knowing deadlines', '3', '', '20', '1'), ('75', '2015-11-23 20:29:53.387993', '204', 'Figuring our what works', '3', '', '20', '1'), ('76', '2015-11-23 20:29:53.388597', '203', 'Having good body posture', '3', '', '20', '1'), ('77', '2015-11-23 20:29:53.389226', '202', 'Eliminating disctractions', '3', '', '20', '1'), ('78', '2015-11-23 20:29:53.389810', '201', 'Completing homework', '3', '', '20', '1'), ('79', '2015-11-23 20:29:53.390416', '200', 'Sticking to a routine', '3', '', '20', '1'), ('80', '2015-11-23 20:29:53.391203', '199', 'Creating flash cards', '3', '', '20', '1'), ('81', '2015-11-23 20:29:53.391831', '198', 'Ready all material', '3', '', '20', '1'), ('82', '2015-11-23 20:29:53.392423', '197', 'Having resources ready', '3', '', '20', '1'), ('83', '2015-11-23 20:29:53.393013', '196', 'Asking for help', '3', '', '20', '1'), ('84', '2015-11-23 20:29:53.393604', '195', 'Knowing expectations', '3', '', '20', '1'), ('85', '2015-11-23 20:29:53.394180', '194', 'Preparing work space', '3', '', '20', '1'), ('86', '2015-11-23 20:29:53.394756', '193', 'Having materials for assignments', '3', '', '20', '1'), ('87', '2015-11-23 20:29:53.395349', '192', 'Using study planner', '3', '', '20', '1'), ('88', '2015-11-23 20:29:53.395928', '191', 'Having notes ready', '3', '', '20', '1'), ('89', '2015-11-23 20:29:53.396521', '190', 'Keeping binder organized', '3', '', '20', '1'), ('90', '2015-11-23 20:29:53.397261', '189', 'Having needed school supplies', '3', '', '20', '1'), ('91', '2015-11-23 20:29:53.397816', '188', '', '3', '', '20', '1'), ('92', '2015-11-23 20:29:53.398362', '187', '', '3', '', '20', '1'), ('93', '2015-11-23 20:29:53.398918', '186', '', '3', '', '20', '1'), ('94', '2015-11-23 20:29:53.399464', '185', '', '3', '', '20', '1'), ('95', '2015-11-23 20:29:53.400022', '184', '', '3', '', '20', '1'), ('96', '2015-11-23 20:29:53.400646', '183', '', '3', '', '20', '1'), ('97', '2015-11-23 20:29:53.401360', '182', '', '3', '', '20', '1'), ('98', '2015-11-23 20:29:53.402005', '181', '', '3', '', '20', '1'), ('99', '2015-11-23 20:29:53.402606', '180', '', '3', '', '20', '1'), ('100', '2015-11-23 20:29:53.403186', '179', '', '3', '', '20', '1'), ('101', '2015-11-23 20:29:53.403804', '178', '', '3', '', '20', '1'), ('102', '2015-11-23 20:29:57.923657', '177', '', '3', '', '20', '1'), ('103', '2015-11-23 20:29:57.925680', '176', '', '3', '', '20', '1'), ('104', '2015-11-23 20:29:57.926644', '175', '', '3', '', '20', '1'), ('105', '2015-11-23 20:29:57.927256', '174', '', '3', '', '20', '1'), ('106', '2015-11-23 20:29:57.927844', '173', '', '3', '', '20', '1'), ('107', '2015-11-23 20:29:57.928428', '172', '', '3', '', '20', '1'), ('108', '2015-11-23 20:29:57.929013', '171', '', '3', '', '20', '1'), ('109', '2015-11-23 20:29:57.929664', '170', '', '3', '', '20', '1'), ('110', '2015-11-23 20:29:57.930399', '169', 'Keeping things organized', '3', '', '20', '1'), ('111', '2015-11-23 20:29:57.931022', '168', 'Keeping a routine', '3', '', '20', '1'), ('112', '2015-11-23 20:29:57.931610', '167', 'Taking baths', '3', '', '20', '1'), ('113', '2015-11-23 20:29:57.932193', '166', 'Going to bed on time', '3', '', '20', '1'), ('114', '2015-11-23 20:29:57.932775', '165', 'Brushing teeth', '3', '', '20', '1'), ('115', '2015-11-23 20:29:57.933432', '164', 'Using proper table manners', '3', '', '20', '1'), ('116', '2015-11-23 20:29:57.935838', '163', 'Respecting adults', '3', '', '20', '1'), ('117', '2015-11-23 20:29:57.936441', '162', 'Thanking our hosts', '3', '', '20', '1'), ('118', '2015-11-23 20:29:57.937023', '161', 'Using polite language', '3', '', '20', '1'), ('119', '2015-11-23 20:29:57.937604', '160', 'Holding doors for people', '3', '', '20', '1'), ('120', '2015-11-23 20:29:57.938509', '159', 'Greeting people nicely', '3', '', '20', '1'), ('121', '2015-11-23 20:29:57.939093', '158', 'Eating properly', '3', '', '20', '1'), ('122', '2015-11-23 20:29:57.939658', '157', 'Cooperating', '3', '', '20', '1'), ('123', '2015-11-23 20:29:57.940225', '156', 'Following instructions', '3', '', '20', '1'), ('124', '2015-11-23 20:29:57.940983', '155', 'Being ready to go', '3', '', '20', '1'), ('125', '2015-11-23 20:29:57.941705', '154', 'Using social voices', '3', '', '20', '1'), ('126', '2015-11-23 20:29:57.942481', '153', 'Not running', '3', '', '20', '1'), ('127', '2015-11-23 20:29:57.943139', '152', 'Listening to others', '3', '', '20', '1'), ('128', '2015-11-23 20:29:57.943846', '151', 'Staying calm and close by', '3', '', '20', '1'), ('129', '2015-11-23 20:29:57.944571', '150', 'Being open to new things', '3', '', '20', '1'), ('130', '2015-11-23 20:29:57.945344', '149', 'Respecting different rules', '3', '', '20', '1'), ('131', '2015-11-23 20:29:57.946063', '148', 'Behaving in public', '3', '', '20', '1'), ('132', '2015-11-23 20:29:57.946805', '147', 'Behaving while traveling', '3', '', '20', '1'), ('133', '2015-11-23 20:29:57.947505', '146', '', '3', '', '20', '1'), ('134', '2015-11-23 20:29:57.948171', '145', '', '3', '', '20', '1'), ('135', '2015-11-23 20:29:57.948844', '144', '', '3', '', '20', '1'), ('136', '2015-11-23 20:29:57.949464', '143', '', '3', '', '20', '1'), ('137', '2015-11-23 20:29:57.950069', '142', '', '3', '', '20', '1'), ('138', '2015-11-23 20:29:57.950715', '141', '', '3', '', '20', '1'), ('139', '2015-11-23 20:29:57.951774', '140', '', '3', '', '20', '1'), ('140', '2015-11-23 20:29:57.952517', '139', '', '3', '', '20', '1'), ('141', '2015-11-23 20:29:57.953177', '138', '', '3', '', '20', '1'), ('142', '2015-11-23 20:29:57.953938', '137', '', '3', '', '20', '1'), ('143', '2015-11-23 20:29:57.954639', '136', '', '3', '', '20', '1'), ('144', '2015-11-23 20:29:57.955416', '135', '', '3', '', '20', '1'), ('145', '2015-11-23 20:29:57.956127', '134', '', '3', '', '20', '1'), ('146', '2015-11-23 20:29:57.956782', '133', '', '3', '', '20', '1'), ('147', '2015-11-23 20:29:57.957480', '132', '', '3', '', '20', '1'), ('148', '2015-11-23 20:29:57.958193', '131', '', '3', '', '20', '1'), ('149', '2015-11-23 20:29:57.958854', '130', '', '3', '', '20', '1'), ('150', '2015-11-23 20:29:57.959602', '129', '', '3', '', '20', '1'), ('151', '2015-11-23 20:29:57.960375', '128', '', '3', '', '20', '1'), ('152', '2015-11-23 20:29:57.961050', '127', '', '3', '', '20', '1'), ('153', '2015-11-23 20:29:57.961714', '126', '', '3', '', '20', '1'), ('154', '2015-11-23 20:29:57.962512', '125', '', '3', '', '20', '1'), ('155', '2015-11-23 20:29:57.963265', '124', 'Asking instead of reaching', '3', '', '20', '1'), ('156', '2015-11-23 20:29:57.964031', '123', 'Eathing everything on plate', '3', '', '20', '1'), ('157', '2015-11-23 20:29:57.964837', '122', 'Using napkin', '3', '', '20', '1'), ('158', '2015-11-23 20:29:57.965527', '121', 'Chewing with mouth closed', '3', '', '20', '1'), ('159', '2015-11-23 20:29:57.966303', '120', 'Using utensils properly', '3', '', '20', '1'), ('160', '2015-11-23 20:29:57.967074', '119', 'Sitting properly at table', '3', '', '20', '1'), ('161', '2015-11-23 20:29:57.967893', '118', 'Covering mouth when coughing', '3', '', '20', '1'), ('162', '2015-11-23 20:29:57.968624', '117', 'Not leaving a mess for others', '3', '', '20', '1'), ('163', '2015-11-23 20:29:57.969399', '116', 'Giving compliments', '3', '', '20', '1'), ('164', '2015-11-23 20:29:57.970158', '115', 'Showing appreciation', '3', '', '20', '1'), ('165', '2015-11-23 20:29:57.970929', '114', 'Letting others go first', '3', '', '20', '1'), ('166', '2015-11-23 20:29:57.971672', '113', 'Respecting the space of others', '3', '', '20', '1'), ('167', '2015-11-23 20:29:57.972315', '112', 'Thinking about how others feel', '3', '', '20', '1'), ('168', '2015-11-23 20:29:57.972985', '111', 'Greeting someone nicely', '3', '', '20', '1'), ('169', '2015-11-23 20:29:57.973644', '110', 'Wishing \"Good morniing or night\"', '3', '', '20', '1'), ('170', '2015-11-23 20:29:57.974272', '109', 'Asking \"How are you?\"', '3', '', '20', '1'), ('171', '2015-11-23 20:29:57.974931', '108', 'Saying \"Excuse Me!\"', '3', '', '20', '1'), ('172', '2015-11-23 20:29:57.975583', '107', 'Saying \"You\'re Welcome!\"', '3', '', '20', '1'), ('173', '2015-11-23 20:29:57.976191', '106', 'Saying \"Thank You!\"', '3', '', '20', '1'), ('174', '2015-11-23 20:29:57.976782', '105', 'Saying \"Please!\"', '3', '', '20', '1'), ('175', '2015-11-23 20:29:57.977366', '104', 'Showing good sportsmanship', '3', '', '20', '1'), ('176', '2015-11-23 20:29:57.977945', '103', 'Behaving in public', '3', '', '20', '1'), ('177', '2015-11-23 20:29:57.978560', '102', 'Practicing eye contact', '3', '', '20', '1'), ('178', '2015-11-23 20:29:57.979150', '101', 'Offering to help', '3', '', '20', '1'), ('179', '2015-11-23 20:29:57.980071', '100', 'Sharing or taking turns', '3', '', '20', '1'), ('180', '2015-11-23 20:29:57.980729', '99', 'Asking for permission', '3', '', '20', '1'), ('181', '2015-11-23 20:29:57.981382', '98', 'Using inside voice', '3', '', '20', '1'), ('182', '2015-11-23 20:29:57.982008', '97', '', '3', '', '20', '1'), ('183', '2015-11-23 20:29:57.982602', '96', '', '3', '', '20', '1'), ('184', '2015-11-23 20:29:57.983198', '95', '', '3', '', '20', '1'), ('185', '2015-11-23 20:29:57.983785', '94', '', '3', '', '20', '1'), ('186', '2015-11-23 20:29:57.984372', '93', '', '3', '', '20', '1'), ('187', '2015-11-23 20:29:57.984960', '92', '', '3', '', '20', '1'), ('188', '2015-11-23 20:29:57.985534', '91', '', '3', '', '20', '1'), ('189', '2015-11-23 20:29:57.986093', '90', '', '3', '', '20', '1'), ('190', '2015-11-23 20:29:57.986732', '89', '', '3', '', '20', '1'), ('191', '2015-11-23 20:29:57.987337', '88', '', '3', '', '20', '1'), ('192', '2015-11-23 20:29:57.987907', '87', '', '3', '', '20', '1'), ('193', '2015-11-23 20:29:57.988469', '86', '', '3', '', '20', '1'), ('194', '2015-11-23 20:29:57.989034', '85', '', '3', '', '20', '1'), ('195', '2015-11-23 20:29:57.989592', '84', '', '3', '', '20', '1'), ('196', '2015-11-23 20:29:57.990135', '83', '', '3', '', '20', '1'), ('197', '2015-11-23 20:29:57.990694', '82', '', '3', '', '20', '1'), ('198', '2015-11-23 20:29:57.991483', '81', '', '3', '', '20', '1'), ('199', '2015-11-23 20:29:57.992111', '80', '', '3', '', '20', '1'), ('200', '2015-11-23 20:29:57.992713', '79', '', '3', '', '20', '1'), ('201', '2015-11-23 20:29:57.993425', '78', 'Washing pet', '3', '', '20', '1'), ('202', '2015-11-23 20:30:02.442761', '77', 'Walking pet', '3', '', '20', '1'), ('203', '2015-11-23 20:30:02.444732', '76', 'Clipping nails', '3', '', '20', '1'), ('204', '2015-11-23 20:30:02.445637', '75', 'Grooming pet', '3', '', '20', '1'), ('205', '2015-11-23 20:30:02.446456', '74', 'Cleaning litter box or droppings', '3', '', '20', '1'), ('206', '2015-11-23 20:30:02.447265', '73', 'Giving water to pet', '3', '', '20', '1'), ('207', '2015-11-23 20:30:02.448055', '72', 'Feeding pet', '3', '', '20', '1'), ('208', '2015-11-23 20:30:02.448855', '71', 'Putting away dishes', '3', '', '20', '1'), ('209', '2015-11-23 20:30:02.449651', '70', 'Washing/Drying dishes', '3', '', '20', '1'), ('210', '2015-11-23 20:30:02.450440', '69', 'Clearing the table', '3', '', '20', '1'), ('211', '2015-11-23 20:30:02.451228', '68', 'Setting the table', '3', '', '20', '1'), ('212', '2015-11-23 20:30:02.452012', '67', 'Making dinner', '3', '', '20', '1'), ('213', '2015-11-23 20:30:02.452796', '66', 'Making lunch', '3', '', '20', '1'), ('214', '2015-11-23 20:30:02.453604', '65', 'Making breakfast', '3', '', '20', '1'), ('215', '2015-11-23 20:30:02.454378', '64', 'Shoveling snow', '3', '', '20', '1'), ('216', '2015-11-23 20:30:02.455152', '63', 'Watering plants', '3', '', '20', '1'), ('217', '2015-11-23 20:30:02.455935', '62', 'Sweeping up', '3', '', '20', '1'), ('218', '2015-11-23 20:30:02.456708', '61', 'Cleaning up yard', '3', '', '20', '1'), ('219', '2015-11-23 20:30:02.457547', '60', 'Raking leaves', '3', '', '20', '1'), ('220', '2015-11-23 20:30:02.458385', '59', 'Mowing lawn', '3', '', '20', '1'), ('221', '2015-11-23 20:30:02.459465', '58', 'Taking out trash', '3', '', '20', '1'), ('222', '2015-11-23 20:30:02.460120', '57', 'Vacuuming', '3', '', '20', '1'), ('223', '2015-11-23 20:30:02.460745', '56', 'Putting away clothes', '3', '', '20', '1'), ('224', '2015-11-23 20:30:02.461338', '55', 'Doing laundry', '3', '', '20', '1'), ('225', '2015-11-23 20:30:02.461925', '54', 'Cleaning up a room', '3', '', '20', '1'), ('226', '2015-11-23 20:30:02.462507', '53', 'Making bed', '3', '', '20', '1'), ('227', '2015-11-23 20:30:02.463094', '52', '', '3', '', '20', '1'), ('228', '2015-11-23 20:30:02.463824', '51', '', '3', '', '20', '1'), ('229', '2015-11-23 20:30:02.464427', '50', '', '3', '', '20', '1'), ('230', '2015-11-23 20:30:02.465002', '49', '', '3', '', '20', '1'), ('231', '2015-11-23 20:30:02.465571', '48', '', '3', '', '20', '1'), ('232', '2015-11-23 20:30:02.466136', '47', '', '3', '', '20', '1'), ('233', '2015-11-23 20:30:02.466690', '46', '', '3', '', '20', '1'), ('234', '2015-11-23 20:30:02.467254', '45', '', '3', '', '20', '1'), ('235', '2015-11-23 20:30:02.467803', '44', '', '3', '', '20', '1'), ('236', '2015-11-23 20:30:02.468368', '43', '', '3', '', '20', '1'), ('237', '2015-11-23 20:30:02.468928', '42', '', '3', '', '20', '1'), ('238', '2015-11-23 20:30:02.469466', '41', '', '3', '', '20', '1'), ('239', '2015-11-23 20:30:02.470026', '40', '', '3', '', '20', '1'), ('240', '2015-11-23 20:30:02.470586', '39', '', '3', '', '20', '1'), ('241', '2015-11-23 20:30:02.471146', '38', '', '3', '', '20', '1'), ('242', '2015-11-23 20:30:02.472042', '37', '', '3', '', '20', '1'), ('243', '2015-11-23 20:30:02.472600', '36', '', '3', '', '20', '1'), ('244', '2015-11-23 20:30:02.473158', '35', '', '3', '', '20', '1'), ('245', '2015-11-23 20:30:02.473762', '34', '', '3', '', '20', '1'), ('246', '2015-11-23 20:30:02.474321', '33', '', '3', '', '20', '1'), ('247', '2015-11-23 20:30:02.474880', '32', '', '3', '', '20', '1'), ('248', '2015-11-23 20:30:02.475436', '31', '', '3', '', '20', '1'), ('249', '2015-11-23 20:30:02.475994', '30', '', '3', '', '20', '1'), ('250', '2015-11-23 20:30:02.476540', '29', 'Conserving resources', '3', '', '20', '1'), ('251', '2015-11-23 20:30:02.477086', '28', 'Washing up or bathing', '3', '', '20', '1'), ('252', '2015-11-23 20:30:02.477651', '27', 'Combing hair', '3', '', '20', '1'), ('253', '2015-11-23 20:30:02.478403', '26', 'Brushing teeth', '3', '', '20', '1'), ('254', '2015-11-23 20:30:02.479017', '25', 'Picking up or putting away', '3', '', '20', '1'), ('255', '2015-11-23 20:30:02.479606', '24', 'Making bed', '3', '', '20', '1'), ('256', '2015-11-23 20:30:02.480187', '23', 'Clearing table', '3', '', '20', '1'), ('257', '2015-11-23 20:30:02.480766', '22', 'Doing chores', '3', '', '20', '1'), ('258', '2015-11-23 20:30:02.481339', '21', 'Doing homework', '3', '', '20', '1'), ('259', '2015-11-23 20:30:02.481911', '20', 'Using good table manners', '3', '', '20', '1'), ('260', '2015-11-23 20:30:02.482469', '19', 'Behaving in public', '3', '', '20', '1'), ('261', '2015-11-23 20:30:02.483045', '18', 'Greeting someone nicely', '3', '', '20', '1'), ('262', '2015-11-23 20:30:02.483906', '17', 'Using polite language', '3', '', '20', '1'), ('263', '2015-11-23 20:30:02.484468', '16', 'Saying \"Please\" or \"Thank You!\"', '3', '', '20', '1'), ('264', '2015-11-23 20:30:02.485524', '15', 'Eating well', '3', '', '20', '1'), ('265', '2015-11-23 20:30:02.486071', '14', 'Encouraging others', '3', '', '20', '1'), ('266', '2015-11-23 20:30:02.486628', '13', 'Using juicy words', '3', '', '20', '1'), ('267', '2015-11-23 20:30:02.487189', '12', 'Being persistent', '3', '', '20', '1'), ('268', '2015-11-23 20:30:02.487745', '11', 'Trying something new', '3', '', '20', '1'), ('269', '2015-11-23 20:30:02.488299', '10', 'Ready to go', '3', '', '20', '1'), ('270', '2015-11-23 20:30:02.488857', '9', 'Self-starting', '3', '', '20', '1'), ('271', '2015-11-23 20:30:02.489416', '8', 'Making good choices', '3', '', '20', '1'), ('272', '2015-11-23 20:30:02.489969', '7', 'Being brave', '3', '', '20', '1'), ('273', '2015-11-23 20:30:02.490526', '6', 'Using indoor voice', '3', '', '20', '1'), ('274', '2015-11-23 20:30:02.491343', '5', 'Cooperating', '3', '', '20', '1'), ('275', '2015-11-23 20:30:02.491886', '4', 'Sharing', '3', '', '20', '1'), ('276', '2015-11-23 20:30:02.492444', '3', 'Following directions ', '3', '', '20', '1'), ('277', '2015-11-23 20:30:02.492999', '2', 'First-time listening', '3', '', '20', '1'), ('278', '2015-11-23 20:30:02.493792', '1', 'Being helpful', '3', '', '20', '1'), ('279', '2015-11-23 20:30:10.394988', '6', 'Teacher\'s Helper', '3', '', '21', '1'), ('280', '2015-11-23 20:30:10.397210', '5', 'Study Time', '3', '', '21', '1'), ('281', '2015-11-23 20:30:10.397833', '4', 'On the Road', '3', '', '21', '1'), ('282', '2015-11-23 20:30:10.398415', '3', 'Manners, Please', '3', '', '21', '1'), ('283', '2015-11-23 20:30:10.398988', '2', 'Chores & More', '3', '', '21', '1'), ('284', '2015-11-23 20:30:10.399559', '1', 'Around the House', '3', '', '21', '1'), ('285', '2015-11-23 21:29:15.704781', '16', 'School Work – Tasks', '3', '', '22', '1'), ('286', '2015-11-23 21:29:15.707054', '15', 'School Work – Rules', '3', '', '22', '1'), ('287', '2015-11-23 21:29:15.707762', '14', 'School Work – Time', '3', '', '22', '1'), ('288', '2015-11-23 21:29:15.708393', '13', 'School Work – Habits', '3', '', '22', '1'), ('289', '2015-11-23 21:29:15.709003', '12', 'School Work – Info', '3', '', '22', '1'), ('290', '2015-11-23 21:29:15.709603', '11', 'School Work – Prep', '3', '', '22', '1'), ('291', '2015-11-23 21:29:15.710200', '10', 'Chores – Petcare', '3', '', '22', '1'), ('292', '2015-11-23 21:29:15.710796', '9', 'Chores – Mealtime', '3', '', '22', '1'), ('293', '2015-11-23 21:29:15.711387', '8', 'Chores – Outdoor', '3', '', '22', '1'), ('294', '2015-11-23 21:29:15.711977', '7', 'Chores – Indoor', '3', '', '22', '1'), ('295', '2015-11-23 21:29:15.712562', '6', 'Responsibilities', '3', '', '22', '1'), ('296', '2015-11-23 21:29:15.713405', '5', 'Manners – Mealtime', '3', '', '22', '1'), ('297', '2015-11-23 21:29:15.713990', '4', 'Manners – Consideration', '3', '', '22', '1'), ('298', '2015-11-23 21:29:15.714575', '3', 'Manners – Language', '3', '', '22', '1'), ('299', '2015-11-23 21:29:15.715158', '2', 'Choices', '3', '', '22', '1'), ('300', '2015-11-23 21:29:15.715741', '1', 'Conduct', '3', '', '22', '1'), ('301', '2015-11-23 21:29:22.091754', '12', 'Teacher\'s Helper', '3', '', '21', '1'), ('302', '2015-11-23 21:29:22.093667', '11', 'Study Time', '3', '', '21', '1'), ('303', '2015-11-23 21:29:22.094426', '10', 'On the Road', '3', '', '21', '1'), ('304', '2015-11-23 21:29:22.095080', '9', 'Manners, Please', '3', '', '21', '1'), ('305', '2015-11-23 21:29:22.095702', '8', 'Chores & More', '3', '', '21', '1'), ('306', '2015-11-23 21:29:22.096320', '7', 'Around the House', '3', '', '21', '1'), ('307', '2015-11-23 21:29:28.513174', '554', 'Using supplies incorrectly', '3', '', '20', '1'), ('308', '2015-11-23 21:29:28.515194', '553', 'Using technology inappropriately', '3', '', '20', '1'), ('309', '2015-11-23 21:29:28.515898', '552', 'Interring with others\' work', '3', '', '20', '1'), ('310', '2015-11-23 21:29:28.516535', '551', 'Getting off-task or distracted', '3', '', '20', '1'), ('311', '2015-11-23 21:29:28.517148', '550', 'Rushing or sloppy with work', '3', '', '20', '1'), ('312', '2015-11-23 21:29:28.517755', '549', 'Being unprepared', '3', '', '20', '1'), ('313', '2015-11-23 21:29:28.518645', '548', 'Neglecting classroom duties', '3', '', '20', '1'), ('314', '2015-11-23 21:29:28.519217', '547', 'Missing parent signatures', '3', '', '20', '1'), ('315', '2015-11-23 21:29:28.519797', '546', 'Forgetting notes from home', '3', '', '20', '1'), ('316', '2015-11-23 21:29:28.520408', '545', 'Needing reminders to follow procedures', '3', '', '20', '1'), ('317', '2015-11-23 21:29:28.520994', '544', 'Being late with work', '3', '', '20', '1'), ('318', '2015-11-23 21:29:28.521818', '543', 'Missing assignments', '3', '', '20', '1'), ('319', '2015-11-23 21:29:28.522432', '542', 'Ignoring bathroom rules', '3', '', '20', '1'), ('320', '2015-11-23 21:29:28.523043', '541', 'Being disruptive in cafeteria', '3', '', '20', '1'), ('321', '2015-11-23 21:29:28.523643', '540', 'Breaking rules at recess', '3', '', '20', '1'), ('322', '2015-11-23 21:29:28.524240', '539', 'Running or yelling in hallways', '3', '', '20', '1'), ('323', '2015-11-23 21:29:28.524833', '538', 'Being a poor sport', '3', '', '20', '1'), ('324', '2015-11-23 21:29:28.525750', '537', 'Being disrespectful to others', '3', '', '20', '1'), ('325', '2015-11-23 21:29:28.526333', '536', 'Interrupting', '3', '', '20', '1'), ('326', '2015-11-23 21:29:28.526918', '535', 'Fighting or arguing', '3', '', '20', '1'), ('327', '2015-11-23 21:29:28.527500', '534', 'Yelling, screaming or whining', '3', '', '20', '1'), ('328', '2015-11-23 21:29:28.528167', '533', 'Using aggressive behavior', '3', '', '20', '1'), ('329', '2015-11-23 21:29:28.528865', '532', 'Refusing to follow directions', '3', '', '20', '1'), ('330', '2015-11-23 21:29:28.529475', '531', 'Completing team responsibilities', '3', '', '20', '1'), ('331', '2015-11-23 21:29:28.530199', '530', 'Using time wisely', '3', '', '20', '1'), ('332', '2015-11-23 21:29:28.530863', '529', 'Showing focus and effort', '3', '', '20', '1'), ('333', '2015-11-23 21:29:28.531460', '528', 'Being persistent', '3', '', '20', '1'), ('334', '2015-11-23 21:29:28.532014', '527', 'Being self-directed', '3', '', '20', '1'), ('335', '2015-11-23 21:29:28.532568', '526', 'Using study planner', '3', '', '20', '1'), ('336', '2015-11-23 21:29:28.533118', '525', 'Keeping binder organzied', '3', '', '20', '1'), ('337', '2015-11-23 21:29:28.533669', '524', 'Doing assigned classroom jobs', '3', '', '20', '1'), ('338', '2015-11-23 21:29:28.534252', '523', 'Getting parents signatures', '3', '', '20', '1'), ('339', '2015-11-23 21:29:28.534800', '522', 'Bringing take-home folder', '3', '', '20', '1'), ('340', '2015-11-23 21:29:28.535348', '521', 'Putting name on assignments', '3', '', '20', '1'), ('341', '2015-11-23 21:29:28.535910', '520', 'Turning in daily assignments', '3', '', '20', '1'), ('342', '2015-11-23 21:29:28.536486', '519', 'Completing check-ins without reminders', '3', '', '20', '1'), ('343', '2015-11-23 21:29:28.537340', '518', 'Obeying cafeteria rules and routines', '3', '', '20', '1'), ('344', '2015-11-23 21:29:28.537903', '517', 'Following restroom rules', '3', '', '20', '1'), ('345', '2015-11-23 21:29:28.538563', '516', 'Playing by recess rules', '3', '', '20', '1'), ('346', '2015-11-23 21:29:28.539162', '515', 'Walking quietly in hallways', '3', '', '20', '1'), ('347', '2015-11-23 21:29:28.539737', '514', 'Respecting classroom rules', '3', '', '20', '1'), ('348', '2015-11-23 21:29:28.540314', '513', 'Being respectful to adults', '3', '', '20', '1'), ('349', '2015-11-23 21:29:28.540896', '512', 'Taking responsiblity for actions', '3', '', '20', '1'), ('350', '2015-11-23 21:29:28.541461', '511', 'Following directions the first time', '3', '', '20', '1'), ('351', '2015-11-23 21:29:28.542036', '510', 'Using good manners', '3', '', '20', '1'), ('352', '2015-11-23 21:29:28.542614', '509', 'Using signals and cues', '3', '', '20', '1'), ('353', '2015-11-23 21:29:28.543188', '508', 'Using conversatin skills', '3', '', '20', '1'), ('354', '2015-11-23 21:29:28.543840', '507', 'Being kind and helpful', '3', '', '20', '1'), ('355', '2015-11-23 21:29:28.544481', '506', 'Being honest', '3', '', '20', '1'), ('356', '2015-11-23 21:29:28.545110', '505', 'Not budgeting enough time', '3', '', '20', '1'), ('357', '2015-11-23 21:29:28.545826', '504', 'Not planning ahead', '3', '', '20', '1'), ('358', '2015-11-23 21:29:28.546467', '503', 'Waiting until the last second', '3', '', '20', '1'), ('359', '2015-11-23 21:29:28.547052', '502', 'Procastinating', '3', '', '20', '1'), ('360', '2015-11-23 21:29:28.547647', '501', 'Complaining', '3', '', '20', '1'), ('361', '2015-11-23 21:29:28.548584', '500', 'Rushing or sloppy with work', '3', '', '20', '1'), ('362', '2015-11-23 21:29:28.549173', '499', 'Not completing work', '3', '', '20', '1'), ('363', '2015-11-23 21:29:28.549756', '498', 'Slouching or bad posture', '3', '', '20', '1'), ('364', '2015-11-23 21:29:28.550415', '497', 'Making excuses', '3', '', '20', '1'), ('365', '2015-11-23 21:29:28.551009', '496', 'Letting gadgets distract', '3', '', '20', '1'), ('366', '2015-11-23 21:29:28.551579', '495', 'Misplacing work', '3', '', '20', '1'), ('367', '2015-11-23 21:29:28.552159', '494', 'Not reading all materials', '3', '', '20', '1'), ('368', '2015-11-23 21:29:28.552727', '493', 'Forgetting instructions', '3', '', '20', '1'), ('369', '2015-11-23 21:29:28.553307', '492', 'Forgetting key materials', '3', '', '20', '1'), ('370', '2015-11-23 21:29:28.553878', '491', 'Not using study planner', '3', '', '20', '1'), ('371', '2015-11-23 21:29:28.554457', '490', 'Being disorganized', '3', '', '20', '1'), ('372', '2015-11-23 21:29:28.555035', '489', 'Not having proper notes', '3', '', '20', '1'), ('373', '2015-11-23 21:29:28.555615', '488', 'Being unprepared', '3', '', '20', '1'), ('374', '2015-11-23 21:29:28.556192', '487', 'Planning ahead for big projects', '3', '', '20', '1'), ('375', '2015-11-23 21:29:28.556768', '486', 'Prioritizing work', '3', '', '20', '1'), ('376', '2015-11-23 21:29:28.557349', '485', 'Breaking down big assignments', '3', '', '20', '1'), ('377', '2015-11-23 21:29:28.557952', '484', 'Estimating time for each step', '3', '', '20', '1'), ('378', '2015-11-23 21:29:28.558547', '483', 'Creating to do lists', '3', '', '20', '1'), ('379', '2015-11-23 21:29:28.559672', '482', 'Knowing deadlines', '3', '', '20', '1'), ('380', '2015-11-23 21:29:28.560242', '481', 'Figuring our what works', '3', '', '20', '1'), ('381', '2015-11-23 21:29:28.560810', '480', 'Having good body posture', '3', '', '20', '1'), ('382', '2015-11-23 21:29:28.561379', '479', 'Eliminating disctractions', '3', '', '20', '1'), ('383', '2015-11-23 21:29:28.562110', '478', 'Completing homework', '3', '', '20', '1'), ('384', '2015-11-23 21:29:28.562747', '477', 'Sticking to a routine', '3', '', '20', '1'), ('385', '2015-11-23 21:29:28.563375', '476', 'Creating flash cards', '3', '', '20', '1'), ('386', '2015-11-23 21:29:28.563955', '475', 'Ready all material', '3', '', '20', '1'), ('387', '2015-11-23 21:29:28.564592', '474', 'Having resources ready', '3', '', '20', '1'), ('388', '2015-11-23 21:29:28.565291', '473', 'Asking for help', '3', '', '20', '1'), ('389', '2015-11-23 21:29:28.566000', '472', 'Knowing expectations', '3', '', '20', '1'), ('390', '2015-11-23 21:29:28.566621', '471', 'Preparing work space', '3', '', '20', '1'), ('391', '2015-11-23 21:29:28.567190', '470', 'Having materials for assignments', '3', '', '20', '1'), ('392', '2015-11-23 21:29:28.567753', '469', 'Using study planner', '3', '', '20', '1'), ('393', '2015-11-23 21:29:28.568313', '468', 'Having notes ready', '3', '', '20', '1'), ('394', '2015-11-23 21:29:28.568870', '467', 'Keeping binder organized', '3', '', '20', '1'), ('395', '2015-11-23 21:29:28.569426', '466', 'Having needed school supplies', '3', '', '20', '1'), ('396', '2015-11-23 21:29:28.569983', '465', 'Not brushing teeth', '3', '', '20', '1'), ('397', '2015-11-23 21:29:28.570630', '464', 'Skipping baths or showers', '3', '', '20', '1'), ('398', '2015-11-23 21:29:28.571188', '463', 'Leaving a mess', '3', '', '20', '1'), ('399', '2015-11-23 21:29:28.571738', '462', 'Staying up past bedtime', '3', '', '20', '1'), ('400', '2015-11-23 21:29:28.572296', '461', 'Being careless with others\' things', '3', '', '20', '1'), ('401', '2015-11-23 21:29:28.572915', '460', 'Being disrespectful', '3', '', '20', '1'), ('402', '2015-11-23 21:29:28.573550', '459', 'Cursing', '3', '', '20', '1'), ('403', '2015-11-23 21:29:28.574229', '458', 'Using poor table manners', '3', '', '20', '1'), ('404', '2015-11-23 21:29:28.574823', '457', 'Being rude to hosts', '3', '', '20', '1'), ('405', '2015-11-23 21:29:28.575443', '456', 'Refusing to eat properly', '3', '', '20', '1'), ('406', '2015-11-23 21:29:28.576048', '455', 'Causing group to be late', '3', '', '20', '1'), ('407', '2015-11-23 21:29:32.993930', '454', 'Throwing tantrums', '3', '', '20', '1'), ('408', '2015-11-23 21:29:32.996009', '453', 'Fighting', '3', '', '20', '1'), ('409', '2015-11-23 21:29:32.996755', '452', 'Wandering off', '3', '', '20', '1'), ('410', '2015-11-23 21:29:32.997427', '451', 'Disobeying instructions', '3', '', '20', '1'), ('411', '2015-11-23 21:29:32.998135', '450', 'Running in public places', '3', '', '20', '1'), ('412', '2015-11-23 21:29:32.998807', '449', 'Arguing about plans', '3', '', '20', '1'), ('413', '2015-11-23 21:29:32.999553', '448', 'Yelling, screaming or whining', '3', '', '20', '1'), ('414', '2015-11-23 21:29:33.000356', '447', 'Not respecting different rules', '3', '', '20', '1'), ('415', '2015-11-23 21:29:33.001385', '446', 'Keeping things organized', '3', '', '20', '1'), ('416', '2015-11-23 21:29:33.002108', '445', 'Keeping a routine', '3', '', '20', '1'), ('417', '2015-11-23 21:29:33.002862', '444', 'Taking baths', '3', '', '20', '1'), ('418', '2015-11-23 21:29:33.003615', '443', 'Going to bed on time', '3', '', '20', '1'), ('419', '2015-11-23 21:29:33.004287', '442', 'Brushing teeth', '3', '', '20', '1'), ('420', '2015-11-23 21:29:33.004923', '441', 'Using proper table manners', '3', '', '20', '1'), ('421', '2015-11-23 21:29:33.005819', '440', 'Respecting adults', '3', '', '20', '1'), ('422', '2015-11-23 21:29:33.006516', '439', 'Thanking our hosts', '3', '', '20', '1'), ('423', '2015-11-23 21:29:33.007190', '438', 'Using polite language', '3', '', '20', '1'), ('424', '2015-11-23 21:29:33.007876', '437', 'Holding doors for people', '3', '', '20', '1'), ('425', '2015-11-23 21:29:33.008565', '436', 'Greeting people nicely', '3', '', '20', '1'), ('426', '2015-11-23 21:29:33.009236', '435', 'Eating properly', '3', '', '20', '1'), ('427', '2015-11-23 21:29:33.009975', '434', 'Cooperating', '3', '', '20', '1'), ('428', '2015-11-23 21:29:33.010730', '433', 'Following instructions', '3', '', '20', '1'), ('429', '2015-11-23 21:29:33.011432', '432', 'Being ready to go', '3', '', '20', '1'), ('430', '2015-11-23 21:29:33.012125', '431', 'Using social voices', '3', '', '20', '1'), ('431', '2015-11-23 21:29:33.012798', '430', 'Not running', '3', '', '20', '1'), ('432', '2015-11-23 21:29:33.013399', '429', 'Listening to others', '3', '', '20', '1'), ('433', '2015-11-23 21:29:33.014002', '428', 'Staying calm and close by', '3', '', '20', '1'), ('434', '2015-11-23 21:29:33.014594', '427', 'Being open to new things', '3', '', '20', '1'), ('435', '2015-11-23 21:29:33.015264', '426', 'Respecting different rules', '3', '', '20', '1'), ('436', '2015-11-23 21:29:33.015958', '425', 'Behaving in public', '3', '', '20', '1'), ('437', '2015-11-23 21:29:33.016654', '424', 'Behaving while traveling', '3', '', '20', '1'), ('438', '2015-11-23 21:29:33.017324', '423', 'Using gadgets at table', '3', '', '20', '1'), ('439', '2015-11-23 21:29:33.017933', '422', 'Not staying in seat', '3', '', '20', '1'), ('440', '2015-11-23 21:29:33.018858', '421', 'Being too loud', '3', '', '20', '1'), ('441', '2015-11-23 21:29:33.019473', '420', 'Reaching', '3', '', '20', '1'), ('442', '2015-11-23 21:29:33.020080', '419', 'Playing with food or drink', '3', '', '20', '1'), ('443', '2015-11-23 21:29:33.020677', '418', 'Eating with fingers', '3', '', '20', '1'), ('444', '2015-11-23 21:29:33.021266', '417', 'Littering', '3', '', '20', '1'), ('445', '2015-11-23 21:29:33.021851', '416', 'Putting feet on seats', '3', '', '20', '1'), ('446', '2015-11-23 21:29:33.022437', '415', 'Coughing on someone', '3', '', '20', '1'), ('447', '2015-11-23 21:29:33.023096', '414', 'Spreading rumors or gossip', '3', '', '20', '1'), ('448', '2015-11-23 21:29:33.023720', '413', 'Being disrespectful', '3', '', '20', '1'), ('449', '2015-11-23 21:29:33.024321', '412', 'Talking back', '3', '', '20', '1'), ('450', '2015-11-23 21:29:33.024911', '411', 'Interrupting', '3', '', '20', '1'), ('451', '2015-11-23 21:29:33.025498', '410', 'Using put downs', '3', '', '20', '1'), ('452', '2015-11-23 21:29:33.026107', '409', 'Name calling', '3', '', '20', '1'), ('453', '2015-11-23 21:29:33.026693', '408', 'Cursing', '3', '', '20', '1'), ('454', '2015-11-23 21:29:33.027263', '407', 'Behaving poorly in public', '3', '', '20', '1'), ('455', '2015-11-23 21:29:33.027844', '406', 'Being rude', '3', '', '20', '1'), ('456', '2015-11-23 21:29:33.028423', '405', 'Refusing to help', '3', '', '20', '1'), ('457', '2015-11-23 21:29:33.029004', '404', 'Being selfish', '3', '', '20', '1'), ('458', '2015-11-23 21:29:33.029582', '403', 'Grabbing or taking', '3', '', '20', '1'), ('459', '2015-11-23 21:29:33.030496', '402', 'Yelling, screaming or whining', '3', '', '20', '1'), ('460', '2015-11-23 21:29:33.031187', '401', 'Asking instead of reaching', '3', '', '20', '1'), ('461', '2015-11-23 21:29:33.031893', '400', 'Eathing everything on plate', '3', '', '20', '1'), ('462', '2015-11-23 21:29:33.032530', '399', 'Using napkin', '3', '', '20', '1'), ('463', '2015-11-23 21:29:33.033161', '398', 'Chewing with mouth closed', '3', '', '20', '1'), ('464', '2015-11-23 21:29:33.033790', '397', 'Using utensils properly', '3', '', '20', '1'), ('465', '2015-11-23 21:29:33.034472', '396', 'Sitting properly at table', '3', '', '20', '1'), ('466', '2015-11-23 21:29:33.035096', '395', 'Covering mouth when coughing', '3', '', '20', '1'), ('467', '2015-11-23 21:29:33.035699', '394', 'Not leaving a mess for others', '3', '', '20', '1'), ('468', '2015-11-23 21:29:33.036417', '393', 'Giving compliments', '3', '', '20', '1'), ('469', '2015-11-23 21:29:33.037388', '392', 'Showing appreciation', '3', '', '20', '1'), ('470', '2015-11-23 21:29:33.038144', '391', 'Letting others go first', '3', '', '20', '1'), ('471', '2015-11-23 21:29:33.038845', '390', 'Respecting the space of others', '3', '', '20', '1'), ('472', '2015-11-23 21:29:33.039532', '389', 'Thinking about how others feel', '3', '', '20', '1'), ('473', '2015-11-23 21:29:33.040191', '388', 'Greeting someone nicely', '3', '', '20', '1'), ('474', '2015-11-23 21:29:33.040841', '387', 'Wishing \"Good morniing or night\"', '3', '', '20', '1'), ('475', '2015-11-23 21:29:33.041525', '386', 'Asking \"How are you?\"', '3', '', '20', '1'), ('476', '2015-11-23 21:29:33.042179', '385', 'Saying \"Excuse Me!\"', '3', '', '20', '1'), ('477', '2015-11-23 21:29:33.043124', '384', 'Saying \"You\'re Welcome!\"', '3', '', '20', '1'), ('478', '2015-11-23 21:29:33.043814', '383', 'Saying \"Thank You!\"', '3', '', '20', '1'), ('479', '2015-11-23 21:29:33.044611', '382', 'Saying \"Please!\"', '3', '', '20', '1'), ('480', '2015-11-23 21:29:33.045257', '381', 'Showing good sportsmanship', '3', '', '20', '1'), ('481', '2015-11-23 21:29:33.045971', '380', 'Behaving in public', '3', '', '20', '1'), ('482', '2015-11-23 21:29:33.046728', '379', 'Practicing eye contact', '3', '', '20', '1'), ('483', '2015-11-23 21:29:33.047461', '378', 'Offering to help', '3', '', '20', '1'), ('484', '2015-11-23 21:29:33.048159', '377', 'Sharing or taking turns', '3', '', '20', '1'), ('485', '2015-11-23 21:29:33.048807', '376', 'Asking for permission', '3', '', '20', '1'), ('486', '2015-11-23 21:29:33.049499', '375', 'Using inside voice', '3', '', '20', '1'), ('487', '2015-11-23 21:29:33.050243', '374', 'Not playing with or exercising pet', '3', '', '20', '1'), ('488', '2015-11-23 21:29:33.051015', '373', 'Letting pet get dirty or smelly', '3', '', '20', '1'), ('489', '2015-11-23 21:29:33.051780', '372', 'Ignoring dirty litter box or droppings', '3', '', '20', '1'), ('490', '2015-11-23 21:29:33.052524', '371', 'Letting water get dirty or empty', '3', '', '20', '1'), ('491', '2015-11-23 21:29:33.053280', '370', 'Forgetting to feed pet', '3', '', '20', '1'), ('492', '2015-11-23 21:29:33.054031', '369', 'Leaving dishes in dishwasher', '3', '', '20', '1'), ('493', '2015-11-23 21:29:33.054776', '368', 'Leaving dishes in the sink', '3', '', '20', '1'), ('494', '2015-11-23 21:29:33.055498', '367', 'Leaving plates on the table', '3', '', '20', '1'), ('495', '2015-11-23 21:29:33.056210', '366', 'Refusing to help set table', '3', '', '20', '1'), ('496', '2015-11-23 21:29:33.057218', '365', 'Not helping with assigned meals', '3', '', '20', '1'), ('497', '2015-11-23 21:29:33.057904', '364', 'Letting plants wilt', '3', '', '20', '1'), ('498', '2015-11-23 21:29:33.058590', '363', 'Letting leaves pile up', '3', '', '20', '1'), ('499', '2015-11-23 21:29:33.059282', '362', 'Leaving a mess outside', '3', '', '20', '1'), ('500', '2015-11-23 21:29:33.060024', '361', 'Skipping yard chores', '3', '', '20', '1'), ('501', '2015-11-23 21:29:33.060736', '360', 'Letting trash pile up', '3', '', '20', '1'), ('502', '2015-11-23 21:29:33.061378', '359', 'Throwing clothes on the floor', '3', '', '20', '1'), ('503', '2015-11-23 21:29:33.062036', '358', 'Leaving laundry for others', '3', '', '20', '1'), ('504', '2015-11-23 21:29:33.062688', '357', 'Letting room be a mess', '3', '', '20', '1'), ('505', '2015-11-23 21:29:33.063365', '356', 'Refusing to make bed', '3', '', '20', '1'), ('506', '2015-11-23 21:29:33.064155', '355', 'Washing pet', '3', '', '20', '1'), ('507', '2015-11-23 21:29:37.377378', '354', 'Walking pet', '3', '', '20', '1'), ('508', '2015-11-23 21:29:37.379402', '353', 'Clipping nails', '3', '', '20', '1'), ('509', '2015-11-23 21:29:37.380150', '352', 'Grooming pet', '3', '', '20', '1'), ('510', '2015-11-23 21:29:37.380852', '351', 'Cleaning litter box or droppings', '3', '', '20', '1'), ('511', '2015-11-23 21:29:37.381495', '350', 'Giving water to pet', '3', '', '20', '1'), ('512', '2015-11-23 21:29:37.382073', '349', 'Feeding pet', '3', '', '20', '1'), ('513', '2015-11-23 21:29:37.382693', '348', 'Putting away dishes', '3', '', '20', '1'), ('514', '2015-11-23 21:29:37.383307', '347', 'Washing/Drying dishes', '3', '', '20', '1'), ('515', '2015-11-23 21:29:37.383917', '346', 'Clearing the table', '3', '', '20', '1'), ('516', '2015-11-23 21:29:37.384517', '345', 'Setting the table', '3', '', '20', '1'), ('517', '2015-11-23 21:29:37.385089', '344', 'Making dinner', '3', '', '20', '1'), ('518', '2015-11-23 21:29:37.385694', '343', 'Making lunch', '3', '', '20', '1'), ('519', '2015-11-23 21:29:37.386262', '342', 'Making breakfast', '3', '', '20', '1'), ('520', '2015-11-23 21:29:37.386970', '341', 'Shoveling snow', '3', '', '20', '1'), ('521', '2015-11-23 21:29:37.387632', '340', 'Watering plants', '3', '', '20', '1'), ('522', '2015-11-23 21:29:37.388276', '339', 'Sweeping up', '3', '', '20', '1'), ('523', '2015-11-23 21:29:37.388893', '338', 'Cleaning up yard', '3', '', '20', '1'), ('524', '2015-11-23 21:29:37.389486', '337', 'Raking leaves', '3', '', '20', '1'), ('525', '2015-11-23 21:29:37.390364', '336', 'Mowing lawn', '3', '', '20', '1'), ('526', '2015-11-23 21:29:37.390964', '335', 'Taking out trash', '3', '', '20', '1'), ('527', '2015-11-23 21:29:37.391549', '334', 'Vacuuming', '3', '', '20', '1'), ('528', '2015-11-23 21:29:37.392117', '333', 'Putting away clothes', '3', '', '20', '1'), ('529', '2015-11-23 21:29:37.392696', '332', 'Doing laundry', '3', '', '20', '1'), ('530', '2015-11-23 21:29:37.393280', '331', 'Cleaning up a room', '3', '', '20', '1'), ('531', '2015-11-23 21:29:37.393957', '330', 'Making bed', '3', '', '20', '1'), ('532', '2015-11-23 21:29:37.394582', '329', 'Wasting resources', '3', '', '20', '1'), ('533', '2015-11-23 21:29:37.395184', '328', 'Not washing or brushing teeth', '3', '', '20', '1'), ('534', '2015-11-23 21:29:37.395777', '327', 'Not being ready on time', '3', '', '20', '1'), ('535', '2015-11-23 21:29:37.396411', '326', 'Leaving a mess', '3', '', '20', '1'), ('536', '2015-11-23 21:29:37.397106', '325', 'Not doing homework', '3', '', '20', '1'), ('537', '2015-11-23 21:29:37.397807', '324', 'Talking back', '3', '', '20', '1'), ('538', '2015-11-23 21:29:37.398436', '323', 'Cursing', '3', '', '20', '1'), ('539', '2015-11-23 21:29:37.399046', '322', 'Behaving poorly at the table', '3', '', '20', '1'), ('540', '2015-11-23 21:29:37.399643', '321', 'Interrupting', '3', '', '20', '1'), ('541', '2015-11-23 21:29:37.400230', '320', 'Being rude', '3', '', '20', '1'), ('542', '2015-11-23 21:29:37.400788', '319', 'Refusing to eat properly', '3', '', '20', '1'), ('543', '2015-11-23 21:29:37.401381', '318', 'Discouraging someone', '3', '', '20', '1'), ('544', '2015-11-23 21:29:37.402116', '317', 'Being disrespectful', '3', '', '20', '1'), ('545', '2015-11-23 21:29:37.402696', '316', 'Teasing', '3', '', '20', '1'), ('546', '2015-11-23 21:29:37.403282', '315', 'Name calling', '3', '', '20', '1'), ('547', '2015-11-23 21:29:37.403848', '314', 'Being mean', '3', '', '20', '1'), ('548', '2015-11-23 21:29:37.404428', '313', 'Being dishonest', '3', '', '20', '1'), ('549', '2015-11-23 21:29:37.404998', '312', 'Not thinking it through', '3', '', '20', '1'), ('550', '2015-11-23 21:29:37.405575', '311', 'Yelling or screaming', '3', '', '20', '1'), ('551', '2015-11-23 21:29:37.406137', '310', 'Hurting someone', '3', '', '20', '1'), ('552', '2015-11-23 21:29:37.406699', '309', 'Kicking or hitting', '3', '', '20', '1'), ('553', '2015-11-23 21:29:37.407279', '308', 'Throwing a fit', '3', '', '20', '1'), ('554', '2015-11-23 21:29:37.407878', '307', 'Disobeying', '3', '', '20', '1'), ('555', '2015-11-23 21:29:37.408459', '306', 'Conserving resources', '3', '', '20', '1'), ('556', '2015-11-23 21:29:37.409058', '305', 'Washing up or bathing', '3', '', '20', '1'), ('557', '2015-11-23 21:29:37.409687', '304', 'Combing hair', '3', '', '20', '1'), ('558', '2015-11-23 21:29:37.410278', '303', 'Brushing teeth', '3', '', '20', '1'), ('559', '2015-11-23 21:29:37.410866', '302', 'Picking up or putting away', '3', '', '20', '1'), ('560', '2015-11-23 21:29:37.411457', '301', 'Making bed', '3', '', '20', '1'), ('561', '2015-11-23 21:29:37.412049', '300', 'Clearing table', '3', '', '20', '1'), ('562', '2015-11-23 21:29:37.412639', '299', 'Doing chores', '3', '', '20', '1'), ('563', '2015-11-23 21:29:37.413543', '298', 'Doing homework', '3', '', '20', '1'), ('564', '2015-11-23 21:29:37.414248', '297', 'Using good table manners', '3', '', '20', '1'), ('565', '2015-11-23 21:29:37.414884', '296', 'Behaving in public', '3', '', '20', '1'), ('566', '2015-11-23 21:29:37.415488', '295', 'Greeting someone nicely', '3', '', '20', '1'), ('567', '2015-11-23 21:29:37.416088', '294', 'Using polite language', '3', '', '20', '1'), ('568', '2015-11-23 21:29:37.416688', '293', 'Saying \"Please\" or \"Thank You!\"', '3', '', '20', '1'), ('569', '2015-11-23 21:29:37.417287', '292', 'Eating well', '3', '', '20', '1'), ('570', '2015-11-23 21:29:37.418005', '291', 'Encouraging others', '3', '', '20', '1'), ('571', '2015-11-23 21:29:37.418639', '290', 'Using juicy words', '3', '', '20', '1'), ('572', '2015-11-23 21:29:37.419257', '289', 'Being persistent', '3', '', '20', '1'), ('573', '2015-11-23 21:29:37.419857', '288', 'Trying something new', '3', '', '20', '1'), ('574', '2015-11-23 21:29:37.420412', '287', 'Ready to go', '3', '', '20', '1'), ('575', '2015-11-23 21:29:37.420965', '286', 'Self-starting', '3', '', '20', '1'), ('576', '2015-11-23 21:29:37.421561', '285', 'Making good choices', '3', '', '20', '1'), ('577', '2015-11-23 21:29:37.422154', '284', 'Being brave', '3', '', '20', '1'), ('578', '2015-11-23 21:29:37.422748', '283', 'Using indoor voice', '3', '', '20', '1'), ('579', '2015-11-23 21:29:37.423326', '282', 'Cooperating', '3', '', '20', '1'), ('580', '2015-11-23 21:29:37.423982', '281', 'Sharing', '3', '', '20', '1'), ('581', '2015-11-23 21:29:37.424612', '280', 'Following directions ', '3', '', '20', '1'), ('582', '2015-11-23 21:29:37.425380', '279', 'First-time listening', '3', '', '20', '1'), ('583', '2015-11-23 21:29:37.425969', '278', 'Being helpful', '3', '', '20', '1');
COMMIT;

-- ----------------------------
--  Table structure for `django_content_type`
-- ----------------------------
DROP TABLE IF EXISTS `django_content_type`;
CREATE TABLE `django_content_type` (
  `id` int(11) NOT NULL AUTO_INCREMENT,
  `app_label` varchar(100) NOT NULL,
  `model` varchar(100) NOT NULL,
  PRIMARY KEY (`id`),
  UNIQUE KEY `django_content_type_app_label_45f3b1d93ec8c61c_uniq` (`app_label`,`model`)
) ENGINE=InnoDB AUTO_INCREMENT=23 DEFAULT CHARSET=latin1;

-- ----------------------------
--  Records of `django_content_type`
-- ----------------------------
BEGIN;
INSERT INTO `django_content_type` VALUES ('1', 'admin', 'logentry'), ('3', 'auth', 'group'), ('2', 'auth', 'permission'), ('4', 'auth', 'user'), ('5', 'contenttypes', 'contenttype'), ('9', 'default', 'association'), ('10', 'default', 'code'), ('8', 'default', 'nonce'), ('7', 'default', 'usersocialauth'), ('20', 'predefinedboards', 'predefinedbehavior'), ('22', 'predefinedboards', 'predefinedbehaviorgroup'), ('21', 'predefinedboards', 'predefinedboard'), ('14', 'services', 'behavior'), ('12', 'services', 'board'), ('17', 'services', 'frown'), ('18', 'services', 'invite'), ('11', 'services', 'profile'), ('15', 'services', 'reward'), ('16', 'services', 'smile'), ('19', 'services', 'tempprofileimage'), ('13', 'services', 'userrole'), ('6', 'sessions', 'session');
COMMIT;

-- ----------------------------
--  Table structure for `django_migrations`
-- ----------------------------
DROP TABLE IF EXISTS `django_migrations`;
CREATE TABLE `django_migrations` (
  `id` int(11) NOT NULL AUTO_INCREMENT,
  `app` varchar(255) NOT NULL,
  `name` varchar(255) NOT NULL,
  `applied` datetime(6) NOT NULL,
  PRIMARY KEY (`id`)
) ENGINE=InnoDB AUTO_INCREMENT=47 DEFAULT CHARSET=latin1;

-- ----------------------------
--  Records of `django_migrations`
-- ----------------------------
BEGIN;
INSERT INTO `django_migrations` VALUES ('1', 'contenttypes', '0001_initial', '2015-11-23 18:22:35.377698'), ('2', 'auth', '0001_initial', '2015-11-23 18:22:35.642468'), ('3', 'admin', '0001_initial', '2015-11-23 18:22:35.717582'), ('4', 'contenttypes', '0002_remove_content_type_name', '2015-11-23 18:22:35.815478'), ('5', 'auth', '0002_alter_permission_name_max_length', '2015-11-23 18:22:35.855335'), ('6', 'auth', '0003_alter_user_email_max_length', '2015-11-23 18:22:35.888835'), ('7', 'auth', '0004_alter_user_username_opts', '2015-11-23 18:22:35.905664'), ('8', 'auth', '0005_alter_user_last_login_null', '2015-11-23 18:22:35.956149'), ('9', 'auth', '0006_require_contenttypes_0002', '2015-11-23 18:22:35.957694'), ('10', 'default', '0001_initial', '2015-11-23 18:22:36.204817'), ('11', 'predefinedboards', '0001_initial', '2015-11-23 18:22:36.417998'), ('12', 'predefinedboards', '0002_auto_20151029_2301', '2015-11-23 18:22:36.572844'), ('13', 'predefinedboards', '0003_auto_20151102_1909', '2015-11-23 18:22:36.936956'), ('14', 'predefinedboards', '0004_predefinedbehavior_positive', '2015-11-23 18:22:36.998289'), ('15', 'services', '0001_initial', '2015-11-23 18:22:37.821216'), ('16', 'services', '0002_auto_20151021_2100', '2015-11-23 18:22:37.878512'), ('17', 'services', '0003_auto_20151021_2141', '2015-11-23 18:22:38.216692'), ('18', 'services', '0004_auto_20151021_2201', '2015-11-23 18:22:38.367400'), ('19', 'services', '0005_auto_20151021_2235', '2015-11-23 18:22:38.650375'), ('20', 'services', '0006_auto_20151021_2240', '2015-11-23 18:22:38.949908'), ('21', 'services', '0007_auto_20151022_0047', '2015-11-23 18:22:39.356602'), ('22', 'services', '0008_auto_20151022_1922', '2015-11-23 18:22:39.419730'), ('23', 'services', '0009_auto_20151022_2027', '2015-11-23 18:22:39.682179'), ('24', 'services', '0010_auto_20151023_2144', '2015-11-23 18:22:39.870048'), ('25', 'services', '0011_auto_20151023_2158', '2015-11-23 18:22:41.156774'), ('26', 'services', '0012_auto_20151028_0016', '2015-11-23 18:22:41.675559'), ('27', 'services', '0013_auto_20151028_0018', '2015-11-23 18:22:41.721118'), ('28', 'services', '0014_auto_20151028_2040', '2015-11-23 18:22:41.843818'), ('29', 'services', '0015_auto_20151028_2108', '2015-11-23 18:22:41.908653'), ('30', 'services', '0016_auto_20151028_2118', '2015-11-23 18:22:42.089514'), ('31', 'services', '0017_auto_20151029_2241', '2015-11-23 18:22:42.313166'), ('32', 'services', '0018_predefinedboard_behaviors', '2015-11-23 18:22:42.384710'), ('33', 'services', '0019_auto_20151029_2247', '2015-11-23 18:22:42.420523'), ('34', 'services', '0020_auto_20151030_1723', '2015-11-23 18:22:42.613224'), ('35', 'services', '0021_auto_20151030_2024', '2015-11-23 18:22:42.783098'), ('36', 'services', '0022_invite_sender', '2015-11-23 18:22:42.925141'), ('37', 'services', '0023_invite_uuid', '2015-11-23 18:22:43.016154'), ('38', 'services', '0024_auto_20151105_1525', '2015-11-23 18:22:43.460663'), ('39', 'services', '0025_auto_20151111_0206', '2015-11-23 18:22:43.647071'), ('40', 'services', '0026_auto_20151111_0218', '2015-11-23 18:22:43.933684'), ('41', 'services', '0027_behavior_positive', '2015-11-23 18:22:44.018517'), ('42', 'services', '0028_profile_image', '2015-11-23 18:22:44.072971'), ('43', 'services', '0029_auto_20151112_2351', '2015-11-23 18:22:44.272732'), ('44', 'services', '0030_tempprofileimage', '2015-11-23 18:22:44.301645'), ('45', 'services', '0031_auto_20151113_1847', '2015-11-23 18:22:44.384532'), ('46', 'sessions', '0001_initial', '2015-11-23 18:22:44.437926');
COMMIT;

-- ----------------------------
--  Table structure for `django_session`
-- ----------------------------
DROP TABLE IF EXISTS `django_session`;
CREATE TABLE `django_session` (
  `session_key` varchar(40) NOT NULL,
  `session_data` longtext NOT NULL,
  `expire_date` datetime(6) NOT NULL,
  PRIMARY KEY (`session_key`),
  KEY `django_session_de54fa62` (`expire_date`)
) ENGINE=InnoDB DEFAULT CHARSET=latin1;

-- ----------------------------
--  Records of `django_session`
-- ----------------------------
BEGIN;
INSERT INTO `django_session` VALUES ('59a2rn87jfr7i8nik0y862d34tocmslq', 'YTk3NDBlNWRjYTIwODY1ODI0YzRjZjZiMzcwN2NhNmY1YjVhNTMxMzp7Il9hdXRoX3VzZXJfaGFzaCI6IjY5ZWE0NDA3NTc2YmFkMTFmMTBlOGUyZTEwMWQ4MDc1Yjg1MDEwMDEiLCJfYXV0aF91c2VyX2JhY2tlbmQiOiJkamFuZ28uY29udHJpYi5hdXRoLmJhY2tlbmRzLk1vZGVsQmFja2VuZCIsIl9hdXRoX3VzZXJfaWQiOiIyIn0=', '2016-11-23 00:35:23.064209'), ('nvvgoddsia47jskbwzwtbriutfuo99kx', 'N2JhNmQxNWFlOTNmNTJkNjRiZDE3NjEyYTg4ZTg3ZmJiM2FlNGY0ODp7Il9hdXRoX3VzZXJfaGFzaCI6ImY3MmRjNzQ3NWEyNWJiMTNiYjc0ZTU3NjI4ZmM5MDI4YTkyOWRmYjUiLCJfYXV0aF91c2VyX2JhY2tlbmQiOiJkamFuZ28uY29udHJpYi5hdXRoLmJhY2tlbmRzLk1vZGVsQmFja2VuZCIsIl9hdXRoX3VzZXJfaWQiOiIxIn0=', '2016-11-23 00:12:36.854080');
COMMIT;

-- ----------------------------
--  Table structure for `predefinedboards_predefinedbehavior`
-- ----------------------------
DROP TABLE IF EXISTS `predefinedboards_predefinedbehavior`;
CREATE TABLE `predefinedboards_predefinedbehavior` (
  `id` int(11) NOT NULL AUTO_INCREMENT,
  `title` varchar(128) NOT NULL,
  `uuid` varchar(64) NOT NULL,
  `positive` tinyint(1) NOT NULL,
  PRIMARY KEY (`id`)
) ENGINE=InnoDB AUTO_INCREMENT=808 DEFAULT CHARSET=latin1;

-- ----------------------------
--  Records of `predefinedboards_predefinedbehavior`
-- ----------------------------
BEGIN;
INSERT INTO `predefinedboards_predefinedbehavior` VALUES ('555', 'Being helpful', 'dfff8d37-8578-4ff0-938d-1c86b64fad05', '1'), ('556', 'First-time listening', '973e3b42-3bc0-4606-a3ca-3d52ace369a4', '1'), ('557', 'Following directions ', 'bdeb2919-49be-46e5-8fad-ac7580632d8c', '1'), ('558', 'Sharing', '5f630c55-7446-4f06-9f7c-43c4946462a0', '1'), ('559', 'Cooperating', 'deedf172-bc5a-49c8-9134-045b399b5ffd', '1'), ('560', 'Using indoor voice', 'e1f3184a-218e-4957-8aa1-d7e915232732', '1'), ('561', 'Being brave', '2b51afba-3091-4f25-b896-8c3f1a72c4b2', '1'), ('562', 'Making good choices', 'a2f64d7b-1b49-4119-a393-b988fbabe9a8', '1'), ('563', 'Self-starting', '2ae1a9ec-d4a2-4645-a8aa-cc3e3aaa6fcd', '1'), ('564', 'Ready to go', 'cb410eb9-6a3c-4d4a-9415-31f7f56ca503', '1'), ('565', 'Trying something new', 'e0200957-8aaf-4a63-b46d-413bb4f89d7e', '1'), ('566', 'Being persistent', 'ab4bb9de-ea14-4b1c-9e02-4f7bb43f26f0', '1'), ('567', 'Using juicy words', 'a8487e34-5ed7-4c9c-8bf0-7d6ae568695b', '1'), ('568', 'Encouraging others', '06e25a3c-7f15-4394-af35-6fa53d7e33b5', '1'), ('569', 'Eating well', 'fd6cab02-97fd-4430-9c18-fe0d1e91bffc', '1'), ('570', 'Saying \"Please\" or \"Thank You!\"', 'd15379c3-dbd7-40db-a9ea-1e26353f9897', '1'), ('571', 'Using polite language', '9cc451dc-b318-4577-bba5-4a481e68e048', '1'), ('572', 'Greeting someone nicely', '13a8fadd-70ee-4392-9a8c-cc6dde49cc86', '1'), ('573', 'Behaving in public', 'a8bf291f-6ff0-473d-8550-feebea7c35bb', '1'), ('574', 'Using good table manners', '8c458731-9438-4747-a821-698ceeab1bd8', '1'), ('575', 'Doing homework', '7c3a86b8-77ed-4c43-9593-179f9902c15e', '1'), ('576', 'Doing chores', '584c9ff8-6dee-410e-bf7f-15588566031a', '1'), ('577', 'Clearing table', 'af52c3e5-5712-48a4-a652-62cc770a2c8a', '1'), ('578', 'Making bed', '6f9cf7ea-f379-4413-a498-0a92f54f2fc2', '1'), ('579', 'Picking up or putting away', '6dc72d10-1aa8-4326-a7f2-ccd89bc6b3cb', '1'), ('580', 'Brushing teeth', '13f4f5f6-87b6-4271-9296-b166ceed8422', '1'), ('581', 'Combing hair', 'fc4107cb-ca0b-4abe-a3aa-cec0a9031b92', '1'), ('582', 'Washing up or bathing', '82d9cb23-3824-40d7-9884-4659d5949186', '1'), ('583', 'Conserving resources', '43f46e29-ae65-4061-adde-eaf7ae833b2b', '1'), ('584', 'Disobeying', 'c3c1831b-30d9-40dd-9239-8215e6ca7fa8', '0'), ('585', 'Throwing a fit', '84ddf489-6c3b-463c-9a7e-24b49e10691f', '0'), ('586', 'Kicking or hitting', '297f6386-57f7-4988-858e-42b513040db7', '0'), ('587', 'Hurting someone', '6453fa9d-477e-43ce-8edd-837bcefc28ca', '0'), ('588', 'Yelling or screaming', 'efa40b65-dee4-4608-a508-ebb1c67b0f77', '0'), ('589', 'Not thinking it through', '4f43bc89-ce42-4b3d-9c30-8e2858393930', '0'), ('590', 'Being dishonest', 'f6278341-cb29-4e59-b9fb-a33ccfab0ade', '0'), ('591', 'Being mean', '0f748032-c435-4c29-85d9-62a76a88d1a2', '0'), ('592', 'Name calling', '89e17498-1115-4d8c-99cb-e37f9cce4ab5', '0'), ('593', 'Teasing', 'af6092c0-a7fe-47a4-ac06-793cf3954a44', '0'), ('594', 'Being disrespectful', '01aa2f28-1580-4d25-a53e-d95544e55c8b', '0'), ('595', 'Discouraging someone', '10ac0a99-2ffc-4513-9bb0-c8217d3a152d', '0'), ('596', 'Refusing to eat properly', 'b364a1f3-cacc-4653-abeb-006d7d840c7e', '0'), ('597', 'Being rude', '06cfb91a-a09a-4fd3-95fd-f953fbeb8cda', '0'), ('598', 'Interrupting', '2c352fa2-b046-46c9-8515-a48dcb6bcbf7', '0'), ('599', 'Behaving poorly at the table', '976709e3-610d-47a6-978c-6124be9f57f8', '0'), ('600', 'Cursing', '48fe41ab-8f60-423f-af68-346952051b56', '0'), ('601', 'Talking back', '1388a19e-d3c0-4f5c-807a-d980220e4d02', '0'), ('602', 'Not doing homework', '7af39322-f221-4c5a-aa2f-696b611718ef', '0'), ('603', 'Leaving a mess', 'd0c4174c-4f25-4442-8f09-d10d24fc53f4', '0'), ('604', 'Not being ready on time', '4576fda1-3c0b-42f9-973a-c0bf8db22e34', '0'), ('605', 'Not washing or brushing teeth', 'ad917a9d-a579-4580-a61d-adced54048c5', '0'), ('606', 'Wasting resources', 'dca23ddd-2a6a-4871-a6ef-c5eb099ebdd4', '0'), ('607', 'Cleaning up a room', 'f9c9f86b-18ae-4e80-be69-09e4872279cf', '1'), ('608', 'Doing laundry', '15f72b07-19e6-4e07-9178-9e91c0161c7d', '1'), ('609', 'Putting away clothes', '9c30c721-80d2-423b-a7c8-990a45035ffb', '1'), ('610', 'Vacuuming', '80a38dee-f28b-420d-a77a-0d497d079c18', '1'), ('611', 'Taking out trash', '62a5efe3-ebe8-4b14-885f-b41fb1b8fc7d', '1'), ('612', 'Mowing lawn', '3ac56587-78ae-4fd0-9648-09ff788fa39c', '1'), ('613', 'Raking leaves', '3760fba3-f6db-4e7a-8cff-1ca77e000aea', '1'), ('614', 'Cleaning up yard', 'a940967b-b7b1-4bc6-82d0-70f212c6b1f3', '1'), ('615', 'Sweeping up', 'd97a8e89-4289-4865-b6c8-164d4713bf16', '1'), ('616', 'Watering plants', 'a3027653-158c-4cee-a720-2fe642717e32', '1'), ('617', 'Shoveling snow', '217b8bf7-eeba-44d2-8220-68707e85b20a', '1'), ('618', 'Making breakfast', '46f8865c-88b7-4c3d-b065-2f94547ae296', '1'), ('619', 'Making lunch', 'f07de5f7-2f07-418a-a6ce-4ed132d32ae1', '1'), ('620', 'Making dinner', '72145230-7c0d-402c-a0e7-45c5414ab4eb', '1'), ('621', 'Setting the table', '5b6e3a6b-3458-4961-bc7f-d462b7c8b215', '1'), ('622', 'Clearing the table', '9105ea99-15c0-4e7b-9166-ad5fc70c8152', '1'), ('623', 'Washing/Drying dishes', '988865c1-1831-4d4b-98a0-04367d2e1a79', '1'), ('624', 'Putting away dishes', '8856958a-e424-4f0e-885b-85a7499b94dc', '1'), ('625', 'Feeding pet', 'b85c6101-1e8f-4698-bc75-aa282b1dcd0e', '1'), ('626', 'Giving water to pet', '45012238-0838-4ef5-8244-fc36ad554cc5', '1'), ('627', 'Cleaning litter box or droppings', '75e5c7d6-1726-4f8b-bf37-4233940d70ac', '1'), ('628', 'Grooming pet', '1893e553-ce07-4b62-b11f-bf321a25cb62', '1'), ('629', 'Clipping nails', '7500f4b4-7fb7-4554-8088-4aa46a0f10eb', '1'), ('630', 'Walking pet', '64420fb9-6c7a-45ae-b36f-3f3a30dd0685', '1'), ('631', 'Washing pet', 'e1d148cb-5cd4-40fd-8880-c844f365a044', '1'), ('632', 'Refusing to make bed', '814dcf23-068a-4d98-88b5-111ac03597ff', '0'), ('633', 'Letting room be a mess', '1dfc54a3-3d10-4a03-9ac2-74c3ea560ee9', '0'), ('634', 'Leaving laundry for others', '4b52565b-4775-4863-85a2-55a1bce6927a', '0'), ('635', 'Throwing clothes on the floor', 'f749d225-e97e-4ccd-8d07-770e0b9e647e', '0'), ('636', 'Letting trash pile up', 'ff847765-7a52-4908-babf-ceea59e28439', '0'), ('637', 'Skipping yard chores', '4ba7d134-232d-420b-9c56-827fcbe520ac', '0'), ('638', 'Leaving a mess outside', 'af173e65-3d7e-432b-b89f-e553b7fd0838', '0'), ('639', 'Letting leaves pile up', 'd6689639-323a-4c92-9f08-014441b47994', '0'), ('640', 'Letting plants wilt', '59a7f1d9-8be3-40ef-b3c0-d17d3187ea3b', '0'), ('641', 'Not helping with assigned meals', 'b8d5101b-74c2-4f7a-ae14-d4c8cbf04af4', '0'), ('642', 'Refusing to help set table', '4ad2bd5d-989c-4b6b-aba7-5f06623b5fdb', '0'), ('643', 'Leaving plates on the table', 'e9029b99-1c0a-412d-b595-78846b08f1d7', '0'), ('644', 'Leaving dishes in the sink', '25ce5462-079f-41ff-ba5a-52a72f339f5c', '0'), ('645', 'Leaving dishes in dishwasher', '6cfa143b-f879-4a52-a978-629f1aee844c', '0'), ('646', 'Forgetting to feed pet', '6f42665c-a0f6-4e2a-bf94-827b5673ae6d', '0'), ('647', 'Letting water get dirty or empty', '47077603-a916-4c30-a134-5e38243910d9', '0'), ('648', 'Ignoring dirty litter box or droppings', '7551b374-eeff-4eaa-ad80-bea997461989', '0'), ('649', 'Letting pet get dirty or smelly', 'd47048cf-6f05-41df-a432-613a46e3a03a', '0'), ('650', 'Not playing with or exercising pet', '00b3e591-68fa-4de8-8aa0-b2039128a10f', '0'), ('651', 'Using inside voice', '96c6d916-603c-4de8-aa77-d45bc41943cb', '1'), ('652', 'Asking for permission', 'ab777804-e337-4bd8-915d-c18fd3a742c3', '1'), ('653', 'Sharing or taking turns', '895d9155-192d-4ed9-8173-4998a8eabb7c', '1'), ('654', 'Offering to help', 'ca6ba34c-ee1e-4394-b6b7-cc452ae7c717', '1'), ('655', 'Practicing eye contact', 'c58aeb12-8597-41a4-b416-aadd3f577c91', '1'), ('656', 'Showing good sportsmanship', '92e34e83-feef-4c52-bc1f-e19f4287246b', '1'), ('657', 'Saying \"Please!\"', 'd9fe3e5c-301f-4390-b342-b03420810d98', '1'), ('658', 'Saying \"Thank You!\"', 'd4edd5d0-86a6-4260-a053-7899a9a13b52', '1'), ('659', 'Saying \"You\'re Welcome!\"', 'ed198c52-d64f-479b-929f-b9e36c10ba53', '1'), ('660', 'Saying \"Excuse Me!\"', 'f1405478-5578-4059-b7df-03debf15d885', '1'), ('661', 'Asking \"How are you?\"', '0711f9a1-6594-40f6-bd5e-3f2a1d33924c', '1'), ('662', 'Wishing \"Good morniing or night\"', '2d8ecbf6-1779-4b06-b530-02840fc99a6c', '1'), ('663', 'Thinking about how others feel', '7f180d75-152f-4c15-a82a-b4048bd1dfb8', '1'), ('664', 'Respecting the space of others', '91028704-0431-4186-9e32-a6ad26f5995b', '1'), ('665', 'Letting others go first', '507462b3-8244-4625-a205-bcbe66de4c05', '1'), ('666', 'Showing appreciation', '1085446a-e1da-4ea5-93a7-a558a4fb662b', '1'), ('667', 'Giving compliments', '7af418e5-4a86-4f82-bcfe-6d0c2dcd8ff5', '1'), ('668', 'Not leaving a mess for others', '59232dfc-4383-4c3a-a912-6c1434b8e698', '1'), ('669', 'Covering mouth when coughing', '8092c0e1-a26c-4da1-bfb4-e2bc5f7a64a6', '1'), ('670', 'Sitting properly at table', '5e45a122-a1f7-4624-99df-59c5215e905b', '1'), ('671', 'Using utensils properly', 'a00dae12-55ac-4698-921d-ff625093aa30', '1'), ('672', 'Chewing with mouth closed', 'aa954a9f-aad0-4b2e-b5a0-c99060b041ed', '1'), ('673', 'Using napkin', '0ebd25b4-6278-48a9-964a-b65e9f92a250', '1'), ('674', 'Eathing everything on plate', 'ae0de53b-9bd5-4c68-a03a-f99daad511af', '1'), ('675', 'Asking instead of reaching', '06f3c9f5-3d56-4522-940b-cfe727178d8e', '1'), ('676', 'Yelling, screaming or whining', 'c1b260f6-7137-4bc7-b823-e34053767441', '0'), ('677', 'Grabbing or taking', '6e83f01d-2ec9-4a0c-be2f-def6d8bf8c2e', '0'), ('678', 'Being selfish', 'c3b1edf0-6feb-4455-b610-507ef8e50093', '0'), ('679', 'Refusing to help', 'bf0a9ee8-cb30-4e8a-a640-759526c253cd', '0'), ('680', 'Behaving poorly in public', '9acf9e7c-76e1-48c7-b93e-09a1bba8ee83', '0'), ('681', 'Using put downs', '1042af7e-2363-46f6-8fa4-14bbd1e2d256', '0'), ('682', 'Spreading rumors or gossip', 'c8dca2f1-6a28-4459-8b2b-31270f590844', '0'), ('683', 'Coughing on someone', '7c8f4869-5585-420a-9023-5ae1deaa8e04', '0'), ('684', 'Putting feet on seats', 'efcf560c-b6d3-4df6-aed4-d9489341719f', '0'), ('685', 'Littering', 'a0a80ab2-08e3-4837-9479-dcca4da37407', '0'), ('686', 'Eating with fingers', 'f31af69d-6d40-4a5b-b27a-10d3d87c1bfe', '0'), ('687', 'Playing with food or drink', 'c480fbf0-f044-422a-bca3-364e4aaae0ea', '0'), ('688', 'Reaching', '6c306ceb-fad4-451a-8878-161b9e75e5eb', '0'), ('689', 'Being too loud', '561f752f-fdec-49dd-8ce8-434c9278ea04', '0'), ('690', 'Not staying in seat', 'a200c784-30a2-4d2c-a9fe-155e2cce96b9', '0'), ('691', 'Using gadgets at table', '10db8eba-e243-47ca-8490-09bdb06abf8c', '0'), ('692', 'Behaving while traveling', '860dc6b4-18ed-4e77-b27a-b5d6699246ef', '1'), ('693', 'Respecting different rules', '8640d44a-b368-41bd-a2de-4e9831c7b534', '1'), ('694', 'Being open to new things', 'dc9141dd-a34b-4378-81ad-ea058698ea2e', '1'), ('695', 'Staying calm and close by', 'e8737dcb-a1d7-4e96-85c0-b40e65f95531', '1'), ('696', 'Listening to others', '27ed8fcc-dc3a-4576-a079-525d5c41bc7b', '1'), ('697', 'Not running', 'f3019213-6793-49b5-b81c-cf9dbd355395', '1'), ('698', 'Using social voices', 'f865d6bb-a70e-4463-b2c3-b384bd1175b5', '1'), ('699', 'Being ready to go', 'b981a6b4-d31d-4425-8b7d-66166d2dc47e', '1'), ('700', 'Following instructions', '4eabef9b-5fb0-46ca-917b-b3c3cd9f3694', '1'), ('701', 'Eating properly', '38e3d3e0-f195-4db9-8ef8-7b944c2b17f9', '1'), ('702', 'Greeting people nicely', '717e3213-a81d-43f3-a1df-5cd0da1ea023', '1'), ('703', 'Holding doors for people', '4f8728c8-44cb-42f5-a930-3e22718268d3', '1'), ('704', 'Thanking our hosts', '61c0211e-7a8e-4346-8400-c5d3e513e26e', '1'), ('705', 'Respecting adults', 'cd876e93-6a25-4596-8c1c-89cefa68beee', '1'), ('706', 'Using proper table manners', '7e384f51-8b89-49c9-a77e-c7a05ac643e5', '1'), ('707', 'Going to bed on time', '89160801-ff05-4f9f-91a6-5800d342b0d6', '1'), ('708', 'Taking baths', '7b68e76e-a0bd-4d81-bf08-6659f2cf7306', '1'), ('709', 'Keeping a routine', '211a359a-eb40-41c1-b99b-5aaeafc127b6', '1'), ('710', 'Keeping things organized', 'bef11231-b40a-4e3f-932a-0b74888f8f8d', '1'), ('711', 'Not respecting different rules', '3e3e84e8-483d-4549-8e33-09862d015ec9', '0'), ('712', 'Arguing about plans', 'a1df6127-1ab6-443d-aea7-50030d6f8ba9', '0'), ('713', 'Running in public places', 'ddcabc2f-65ed-4520-a15a-efab6e692589', '0'), ('714', 'Disobeying instructions', 'b0ec86d9-863d-43a7-8d24-3ca8a7a18f1a', '0'), ('715', 'Wandering off', 'f59c5861-9d6d-41c9-aba4-3ef87d5f9a73', '0'), ('716', 'Fighting', '829f798c-2e69-4363-85aa-9dd5efceb8bc', '0'), ('717', 'Throwing tantrums', 'a2ebe3a3-23d6-4f27-bffb-c147ff932e99', '0'), ('718', 'Causing group to be late', 'b27d5ba0-bddb-4d78-8aa5-53f7fb73ef54', '0'), ('719', 'Being rude to hosts', '7b8933f9-7b37-4a44-878a-a32195356022', '0'), ('720', 'Using poor table manners', '5ef5746b-677d-4f08-8448-d2a1d2032037', '0'), ('721', 'Being careless with others\' things', 'cba2f90e-22a4-4a02-996b-4796a06c68e3', '0'), ('722', 'Staying up past bedtime', 'fa3c6e63-b6c7-4c57-ada4-ad131cbb30a2', '0'), ('723', 'Skipping baths or showers', 'd109f0c5-366d-4647-9fd3-4007469d0975', '0'), ('724', 'Not brushing teeth', '1ec05db5-5774-4bb1-982a-a933ffe87755', '0'), ('725', 'Having needed school supplies', '53bfdecb-6c52-4336-b202-b7d2245dd7e2', '1'), ('726', 'Keeping binder organized', 'e2e5f14b-8579-41cb-9e24-6b299e07105d', '1'), ('727', 'Having notes ready', '6bdf1174-dcca-49fd-83a4-693bec0ecd02', '1'), ('728', 'Using study planner', 'd8cfc84d-0576-47e8-88c9-87f26e38d689', '1'), ('729', 'Having materials for assignments', '947dc2fc-379a-47e0-9d18-a3b3000285a0', '1'), ('730', 'Preparing work space', 'a9fa0842-ebc8-4340-968f-ec5ea206a9aa', '1'), ('731', 'Knowing expectations', 'a9663036-9012-4368-b44e-601eb56bb345', '1'), ('732', 'Asking for help', '48f58bec-cc03-4c9b-82fc-2b098eaba9c4', '1'), ('733', 'Having resources ready', 'f6e3817b-d122-4fc6-b357-c194b3a0d893', '1'), ('734', 'Ready all material', 'b1d2e3f2-f3f2-4b5a-985a-ef421258c423', '1'), ('735', 'Creating flash cards', 'dc3409b4-fc98-40e9-a7c2-201f68232d3b', '1'), ('736', 'Sticking to a routine', 'e8338e8a-7222-486e-aa40-c469cb2fbc94', '1'), ('737', 'Completing homework', '577f7bb3-dd83-4f5e-87bc-f837cecd8fc5', '1'), ('738', 'Eliminating disctractions', '7e6fa3c7-ea4a-4786-9b64-5a2070682b36', '1'), ('739', 'Having good body posture', '7a2e5d9e-fa88-4315-b806-ec9a8ffc418b', '1'), ('740', 'Figuring our what works', '13ac78d3-a802-4996-b591-422a85d42628', '1'), ('741', 'Knowing deadlines', '36260cee-1c59-4b66-b29f-d4f7464336d1', '1'), ('742', 'Creating to do lists', 'f13fc13c-6507-4c31-a4c0-b1d691ebaa10', '1'), ('743', 'Estimating time for each step', 'ca2c39a6-a32a-4328-ae88-b117c193f5cb', '1'), ('744', 'Breaking down big assignments', '712d687c-eb72-4812-bbea-2ddb17fb6294', '1'), ('745', 'Prioritizing work', '627045b7-45ee-4bb6-a824-7125e23053a2', '1'), ('746', 'Planning ahead for big projects', '5d60f526-ef64-4679-8737-b93bb949a0ac', '1'), ('747', 'Being unprepared', '9ea2d345-b141-4630-bd11-48998f934a15', '0'), ('748', 'Not having proper notes', 'c183b8fa-4752-411b-af66-cd2d3e8757bc', '0'), ('749', 'Being disorganized', 'e6ac3943-405b-4cfb-9c2b-44b97e06b9a1', '0'), ('750', 'Not using study planner', '4d49cf03-1040-4af5-98db-50dfb23487be', '0'), ('751', 'Forgetting key materials', '0cdec5bc-385a-4d70-b433-3923e47a9587', '0'), ('752', 'Forgetting instructions', 'b9ec0bc2-1898-483b-9755-4e39f36d3a62', '0'), ('753', 'Not reading all materials', 'ca265c3f-5595-4e68-a03f-c8719129ef0e', '0'), ('754', 'Misplacing work', 'a13b34e6-acf5-49b4-92b6-c34bc18c4561', '0'), ('755', 'Letting gadgets distract', '4584b286-ff70-4f6e-8d18-8e5e97c590c6', '0'), ('756', 'Making excuses', '6edd5721-2459-4504-a091-79746444606b', '0'), ('757', 'Slouching or bad posture', '68ac76ae-fd16-498a-8f1e-6eed021a7358', '0'), ('758', 'Not completing work', '18fedfc6-fa65-4771-b257-76388a9380a6', '0'), ('759', 'Rushing or sloppy with work', '5442ee3a-437e-4b44-b5f9-88bfc147459f', '0'), ('760', 'Complaining', 'f5b3c19e-0dd5-4579-98e9-d507784ba152', '0'), ('761', 'Procastinating', 'd5d8c7cc-8880-40b5-8032-8cf163705069', '0'), ('762', 'Waiting until the last second', '5f9b15bf-9b82-4415-962d-ef00a0f12e8b', '0'), ('763', 'Not planning ahead', 'ee1c7982-b007-4301-a0fb-e230287429e0', '0'), ('764', 'Not budgeting enough time', '0aea82df-88ae-4123-99d1-6810100cc931', '0'), ('765', 'Being honest', '4ec8c04c-1747-4fdf-a625-2416548e0ca3', '1'), ('766', 'Being kind and helpful', '7b3fb8ad-d272-42a1-9e4a-bc13f829067d', '1'), ('767', 'Using conversatin skills', '606ea0cc-1823-486e-bec8-7238a17b732c', '1'), ('768', 'Using signals and cues', 'f3f8db5c-5588-465c-9fc3-b04d2522f56f', '1'), ('769', 'Using good manners', 'da570461-7d88-49a2-9ea3-803e85cf1067', '1'), ('770', 'Following directions the first time', '034835f0-a657-432a-bf58-e980f4fd43d3', '1'), ('771', 'Taking responsiblity for actions', '30db27c3-0b82-4f52-9387-fc22411fa476', '1'), ('772', 'Being respectful to adults', '6f6ff967-55ea-44d7-9428-f96a0aad0e5d', '1'), ('773', 'Respecting classroom rules', 'f56b4139-9c07-48d8-80f4-5c5aba6824c6', '1'), ('774', 'Walking quietly in hallways', '5c92f199-1f8a-48cf-ad63-18887af27b89', '1'), ('775', 'Playing by recess rules', '25febc62-962c-4f11-9d27-05b4164cd6b4', '1'), ('776', 'Following restroom rules', '3d4abcbc-907e-4a89-ab2b-c076fc107865', '1'), ('777', 'Obeying cafeteria rules and routines', '76f23c87-7277-46aa-8ef7-ad12446006b5', '1'), ('778', 'Completing check-ins without reminders', 'a412c0f6-a9a7-49f7-904e-9a421f119859', '1'), ('779', 'Turning in daily assignments', '6e65fc8b-55e1-41fe-88a7-d60a8f8974e5', '1'), ('780', 'Putting name on assignments', '049cbd56-3b15-49a9-ad01-d33106f74f5a', '1'), ('781', 'Bringing take-home folder', 'ccef153d-c65d-4cee-a34a-2fc4137afb8f', '1'), ('782', 'Getting parents signatures', '949b293b-3921-4274-81c1-d86db94177de', '1'), ('783', 'Doing assigned classroom jobs', 'e5702e7c-1b0e-4122-b52b-c5648d665ee5', '1'), ('784', 'Keeping binder organzied', '8f65e555-de71-47a0-8793-1fbe7b184042', '1'), ('785', 'Being self-directed', 'fc6a55ce-6872-4653-945b-3a994afa069e', '1'), ('786', 'Showing focus and effort', 'fb0dfdb7-6129-4ac1-90ff-0ec0f64ee990', '1'), ('787', 'Using time wisely', '836e5fd0-4122-4d4c-8254-70907c81aba7', '1'), ('788', 'Completing team responsibilities', '3dc13e31-7788-4f1c-827d-8e2f010b5dbf', '1'), ('789', 'Refusing to follow directions', 'b5e924cd-f57b-44d5-a294-809d5cda74f8', '0'), ('790', 'Using aggressive behavior', 'b4ae8813-a137-4fdc-a4cb-28bd1c1250c5', '0'), ('791', 'Fighting or arguing', 'c0102d93-e954-4ca2-a490-5ce283b870c6', '0'), ('792', 'Being disrespectful to others', 'b4ef2114-878c-4fbe-9668-4cb1aaff5e25', '0'), ('793', 'Being a poor sport', '47dd1f56-5340-4897-b8d0-6984187775e0', '0'), ('794', 'Running or yelling in hallways', 'e6e21539-d194-4636-bafd-c7a903188cd5', '0'), ('795', 'Breaking rules at recess', '77834219-87c9-467a-bc08-ab7d8aa5c2db', '0'), ('796', 'Being disruptive in cafeteria', 'ea1410d5-b36b-4ced-82ff-1a806c8dc3b5', '0'), ('797', 'Ignoring bathroom rules', '359924d1-8637-4556-8e45-9fd4469beb5a', '0'), ('798', 'Missing assignments', 'bd1060dd-99ce-4d5e-95e5-4192c6b39625', '0'), ('799', 'Being late with work', '14a00b1d-cab8-45d0-b145-16f561576938', '0'), ('800', 'Needing reminders to follow procedures', '4239af0b-1459-4931-815d-e3f588068fbd', '0'), ('801', 'Forgetting notes from home', '7bcfe7bc-465d-4117-8276-9c6bc107e3b5', '0'), ('802', 'Missing parent signatures', '2cf6a74f-4da1-4529-b6ef-2d79a1adb737', '0'), ('803', 'Neglecting classroom duties', '55cb08e9-58aa-42aa-a3f5-f82f82f6f11f', '0'), ('804', 'Getting off-task or distracted', '4d0b8587-7b38-4cbb-a40c-267c2b19d1ba', '0'), ('805', 'Interring with others\' work', '0e8ea9b1-5a17-4828-8073-d4ae8ee38352', '0'), ('806', 'Using technology inappropriately', '6838ede7-f8ec-4792-acae-c6ed9e4173c7', '0'), ('807', 'Using supplies incorrectly', '443032f6-c798-4773-8cd8-4b22f70a6f14', '0');
COMMIT;

-- ----------------------------
--  Table structure for `predefinedboards_predefinedbehaviorgroup`
-- ----------------------------
DROP TABLE IF EXISTS `predefinedboards_predefinedbehaviorgroup`;
CREATE TABLE `predefinedboards_predefinedbehaviorgroup` (
  `id` int(11) NOT NULL AUTO_INCREMENT,
  `title` varchar(128) NOT NULL,
  `uuid` varchar(64) NOT NULL,
  PRIMARY KEY (`id`)
) ENGINE=InnoDB AUTO_INCREMENT=34 DEFAULT CHARSET=latin1;

-- ----------------------------
--  Records of `predefinedboards_predefinedbehaviorgroup`
-- ----------------------------
BEGIN;
INSERT INTO `predefinedboards_predefinedbehaviorgroup` VALUES ('18', 'Conduct', 'c7ce92a0-531a-4b52-9c33-93e02999efcf'), ('19', 'Choices', '3c2fe204-b196-4e1f-9238-de4b669eed9e'), ('20', 'Manners – Language', 'f275c23f-ee82-4efb-a985-1e85d731e33e'), ('21', 'Manners – Consideration', 'e39b7ace-7ea0-4290-9910-b776467a1d49'), ('22', 'Manners – Mealtime', 'c153a1b8-9b45-4cd2-ba9f-c9ebf69e1fa5'), ('23', 'Responsibilities', '3c87b814-d39b-4cf5-a031-6a8d20e921a0'), ('24', 'Chores – Indoor', 'b7526ca2-5294-4c5c-bbdc-1fbe0b08204f'), ('25', 'Chores – Outdoor', 'c7915e72-724c-4cb9-aba7-2b544feadc9c'), ('26', 'Chores – Mealtime', '6b3e770e-cfbc-4846-9241-b9a4cf71ffa7'), ('27', 'Chores – Petcare', 'd05bc31f-aaec-42b0-a0e5-17e7dbdade06'), ('28', 'School Work – Prep', 'eb05c5b7-a389-4579-92fd-82f1dcf80679'), ('29', 'School Work – Info', '7dfe6b73-99b4-4482-a031-8eda51a3683a'), ('30', 'School Work – Habits', '9f815f55-9ced-4f58-97ed-622bdc0b6d23'), ('31', 'School Work – Time', 'de5a03d2-5086-467b-8363-de5ef39e5975'), ('32', 'School Work – Rules', '2ed0fe00-9da1-44e0-a8b1-4271b7ad47a6'), ('33', 'School Work – Tasks', 'aaf49d24-41ab-4772-a1ea-d41864eb2f5e');
COMMIT;

-- ----------------------------
--  Table structure for `predefinedboards_predefinedbehaviorgroup_behaviors`
-- ----------------------------
DROP TABLE IF EXISTS `predefinedboards_predefinedbehaviorgroup_behaviors`;
CREATE TABLE `predefinedboards_predefinedbehaviorgroup_behaviors` (
  `id` int(11) NOT NULL AUTO_INCREMENT,
  `predefinedbehaviorgroup_id` int(11) NOT NULL,
  `predefinedbehavior_id` int(11) NOT NULL,
  PRIMARY KEY (`id`),
  UNIQUE KEY `predefinedbehaviorgroup_id` (`predefinedbehaviorgroup_id`,`predefinedbehavior_id`),
  KEY `c414f723f5b159bb30c43f0d234267b9` (`predefinedbehavior_id`),
  CONSTRAINT `c414f723f5b159bb30c43f0d234267b9` FOREIGN KEY (`predefinedbehavior_id`) REFERENCES `predefinedboards_predefinedbehavior` (`id`),
  CONSTRAINT `D98ae8cbd0c2be86063581296ee47345` FOREIGN KEY (`predefinedbehaviorgroup_id`) REFERENCES `predefinedboards_predefinedbehaviorgroup` (`id`)
) ENGINE=InnoDB AUTO_INCREMENT=266 DEFAULT CHARSET=latin1;

-- ----------------------------
--  Records of `predefinedboards_predefinedbehaviorgroup_behaviors`
-- ----------------------------
BEGIN;
INSERT INTO `predefinedboards_predefinedbehaviorgroup_behaviors` VALUES ('1', '18', '555'), ('2', '18', '556'), ('3', '18', '557'), ('4', '18', '558'), ('5', '18', '559'), ('6', '18', '560'), ('7', '18', '561'), ('103', '18', '573'), ('30', '18', '584'), ('31', '18', '585'), ('32', '18', '586'), ('33', '18', '587'), ('34', '18', '588'), ('35', '18', '589'), ('129', '18', '597'), ('248', '18', '598'), ('98', '18', '651'), ('99', '18', '652'), ('100', '18', '653'), ('101', '18', '654'), ('102', '18', '655'), ('104', '18', '656'), ('125', '18', '676'), ('126', '18', '677'), ('127', '18', '678'), ('128', '18', '679'), ('130', '18', '680'), ('145', '18', '692'), ('146', '18', '693'), ('147', '18', '694'), ('148', '18', '695'), ('149', '18', '696'), ('165', '18', '711'), ('166', '18', '712'), ('167', '18', '713'), ('168', '18', '714'), ('169', '18', '715'), ('219', '18', '765'), ('220', '18', '766'), ('221', '18', '767'), ('222', '18', '768'), ('223', '18', '769'), ('224', '18', '770'), ('225', '18', '771'), ('226', '18', '772'), ('245', '18', '789'), ('246', '18', '790'), ('247', '18', '791'), ('249', '18', '792'), ('250', '18', '793'), ('154', '19', '559'), ('8', '19', '562'), ('9', '19', '563'), ('10', '19', '564'), ('11', '19', '565'), ('12', '19', '566'), ('13', '19', '567'), ('14', '19', '568'), ('15', '19', '569'), ('36', '19', '590'), ('37', '19', '591'), ('38', '19', '592'), ('39', '19', '593'), ('40', '19', '594'), ('41', '19', '595'), ('42', '19', '596'), ('150', '19', '697'), ('151', '19', '698'), ('152', '19', '699'), ('153', '19', '700'), ('155', '19', '701'), ('170', '19', '716'), ('171', '19', '717'), ('172', '19', '718'), ('16', '20', '570'), ('17', '20', '571'), ('111', '20', '572'), ('131', '20', '592'), ('133', '20', '598'), ('46', '20', '600'), ('47', '20', '601'), ('105', '20', '657'), ('106', '20', '658'), ('107', '20', '659'), ('108', '20', '660'), ('109', '20', '661'), ('110', '20', '662'), ('132', '20', '681'), ('158', '20', '704'), ('18', '21', '572'), ('19', '21', '573'), ('134', '21', '594'), ('43', '21', '597'), ('44', '21', '598'), ('112', '21', '663'), ('113', '21', '664'), ('114', '21', '665'), ('115', '21', '666'), ('116', '21', '667'), ('117', '21', '668'), ('118', '21', '669'), ('135', '21', '682'), ('136', '21', '683'), ('137', '21', '684'), ('138', '21', '685'), ('156', '21', '702'), ('157', '21', '703'), ('159', '21', '705'), ('173', '21', '719'), ('175', '21', '721'), ('20', '22', '574'), ('45', '22', '599'), ('119', '22', '670'), ('120', '22', '671'), ('121', '22', '672'), ('122', '22', '673'), ('123', '22', '674'), ('124', '22', '675'), ('139', '22', '686'), ('140', '22', '687'), ('141', '22', '688'), ('142', '22', '689'), ('143', '22', '690'), ('144', '22', '691'), ('160', '22', '706'), ('174', '22', '720'), ('22', '23', '576'), ('23', '23', '577'), ('24', '23', '578'), ('25', '23', '579'), ('26', '23', '580'), ('27', '23', '581'), ('28', '23', '582'), ('29', '23', '583'), ('49', '23', '603'), ('50', '23', '604'), ('51', '23', '605'), ('52', '23', '606'), ('161', '23', '707'), ('162', '23', '708'), ('163', '23', '709'), ('164', '23', '710'), ('176', '23', '722'), ('177', '23', '723'), ('178', '23', '724'), ('53', '24', '578'), ('54', '24', '607'), ('55', '24', '608'), ('56', '24', '609'), ('57', '24', '610'), ('58', '24', '611'), ('79', '24', '632'), ('80', '24', '633'), ('81', '24', '634'), ('82', '24', '635'), ('83', '24', '636'), ('59', '25', '612'), ('60', '25', '613'), ('61', '25', '614'), ('62', '25', '615'), ('63', '25', '616'), ('64', '25', '617'), ('84', '25', '637'), ('85', '25', '638'), ('86', '25', '639'), ('87', '25', '640'), ('65', '26', '618'), ('66', '26', '619'), ('67', '26', '620'), ('68', '26', '621'), ('69', '26', '622'), ('70', '26', '623'), ('71', '26', '624'), ('88', '26', '641'), ('89', '26', '642'), ('90', '26', '643'), ('91', '26', '644'), ('92', '26', '645'), ('72', '27', '625'), ('73', '27', '626'), ('74', '27', '627'), ('75', '27', '628'), ('76', '27', '629'), ('77', '27', '630'), ('78', '27', '631'), ('93', '27', '646'), ('94', '27', '647'), ('95', '27', '648'), ('96', '27', '649'), ('97', '27', '650'), ('21', '28', '575'), ('179', '28', '725'), ('180', '28', '726'), ('181', '28', '727'), ('182', '28', '728'), ('183', '28', '729'), ('184', '28', '730'), ('201', '28', '747'), ('202', '28', '748'), ('203', '28', '749'), ('204', '28', '750'), ('185', '29', '731'), ('186', '29', '732'), ('187', '29', '733'), ('188', '29', '734'), ('189', '29', '735'), ('205', '29', '751'), ('206', '29', '752'), ('207', '29', '753'), ('208', '29', '754'), ('241', '30', '566'), ('48', '30', '602'), ('239', '30', '728'), ('190', '30', '736'), ('191', '30', '737'), ('192', '30', '738'), ('193', '30', '739'), ('194', '30', '740'), ('261', '30', '747'), ('209', '30', '755'), ('210', '30', '756'), ('211', '30', '757'), ('212', '30', '758'), ('213', '30', '759'), ('214', '30', '760'), ('238', '30', '784'), ('240', '30', '785'), ('242', '30', '786'), ('262', '30', '804'), ('263', '30', '805'), ('264', '30', '806'), ('265', '30', '807'), ('195', '31', '741'), ('196', '31', '742'), ('197', '31', '743'), ('198', '31', '744'), ('199', '31', '745'), ('200', '31', '746'), ('215', '31', '761'), ('216', '31', '762'), ('217', '31', '763'), ('218', '31', '764'), ('243', '31', '787'), ('227', '32', '773'), ('228', '32', '774'), ('229', '32', '775'), ('230', '32', '776'), ('231', '32', '777'), ('251', '32', '794'), ('252', '32', '795'), ('253', '32', '796'), ('254', '32', '797'), ('232', '33', '778'), ('233', '33', '779'), ('234', '33', '780'), ('235', '33', '781'), ('236', '33', '782'), ('237', '33', '783'), ('244', '33', '788'), ('255', '33', '798'), ('256', '33', '799'), ('257', '33', '800'), ('258', '33', '801'), ('259', '33', '802'), ('260', '33', '803');
COMMIT;

-- ----------------------------
--  Table structure for `predefinedboards_predefinedboard`
-- ----------------------------
DROP TABLE IF EXISTS `predefinedboards_predefinedboard`;
CREATE TABLE `predefinedboards_predefinedboard` (
  `id` int(11) NOT NULL AUTO_INCREMENT,
  `title` varchar(128) NOT NULL,
  `uuid` varchar(64) NOT NULL,
  PRIMARY KEY (`id`)
) ENGINE=InnoDB AUTO_INCREMENT=19 DEFAULT CHARSET=latin1;

-- ----------------------------
--  Records of `predefinedboards_predefinedboard`
-- ----------------------------
BEGIN;
INSERT INTO `predefinedboards_predefinedboard` VALUES ('13', 'Around the House', '854e3dcb-ef66-49ae-a7b5-be77f4942162'), ('14', 'Chores & More', 'b3cbfe92-553d-4d02-9b17-3136f27f1c1a'), ('15', 'Manners, Please', '3f25156c-4cc8-4865-b7c6-9451ef63db21'), ('16', 'On the Road', 'ce831fe5-34d3-489f-b963-333a064edde0'), ('17', 'Study Time', '0126a69b-fb79-4c17-86b7-d337a9acfa34'), ('18', 'Teacher\'s Helper', '6cb6eba2-80dc-4ce0-9137-b5c114868f54');
COMMIT;

-- ----------------------------
--  Table structure for `predefinedboards_predefinedboard_behaviors`
-- ----------------------------
DROP TABLE IF EXISTS `predefinedboards_predefinedboard_behaviors`;
CREATE TABLE `predefinedboards_predefinedboard_behaviors` (
  `id` int(11) NOT NULL AUTO_INCREMENT,
  `predefinedboard_id` int(11) NOT NULL,
  `predefinedbehavior_id` int(11) DEFAULT NULL,
  PRIMARY KEY (`id`),
  UNIQUE KEY `predefinedboard_id` (`predefinedboard_id`,`predefinedbehavior_id`),
  KEY `D8ff4645264186e1bfd26c24f95b61b5` (`predefinedbehavior_id`),
  CONSTRAINT `D5aae6e68146d18268420fce8cb4e8db` FOREIGN KEY (`predefinedboard_id`) REFERENCES `predefinedboards_predefinedboard` (`id`),
  CONSTRAINT `D8ff4645264186e1bfd26c24f95b61b5` FOREIGN KEY (`predefinedbehavior_id`) REFERENCES `predefinedboards_predefinedbehavior` (`id`)
) ENGINE=InnoDB AUTO_INCREMENT=278 DEFAULT CHARSET=latin1;

-- ----------------------------
--  Records of `predefinedboards_predefinedboard_behaviors`
-- ----------------------------
BEGIN;
INSERT INTO `predefinedboards_predefinedboard_behaviors` VALUES ('1', '13', '555'), ('2', '13', '556'), ('3', '13', '557'), ('4', '13', '558'), ('5', '13', '559'), ('6', '13', '560'), ('7', '13', '561'), ('8', '13', '562'), ('9', '13', '563'), ('10', '13', '564'), ('11', '13', '565'), ('12', '13', '566'), ('13', '13', '567'), ('14', '13', '568'), ('15', '13', '569'), ('16', '13', '570'), ('17', '13', '571'), ('18', '13', '572'), ('19', '13', '573'), ('20', '13', '574'), ('21', '13', '575'), ('22', '13', '576'), ('23', '13', '577'), ('24', '13', '578'), ('25', '13', '579'), ('26', '13', '580'), ('27', '13', '581'), ('28', '13', '582'), ('29', '13', '583'), ('30', '13', '584'), ('31', '13', '585'), ('32', '13', '586'), ('33', '13', '587'), ('34', '13', '588'), ('35', '13', '589'), ('36', '13', '590'), ('37', '13', '591'), ('38', '13', '592'), ('39', '13', '593'), ('40', '13', '594'), ('41', '13', '595'), ('42', '13', '596'), ('43', '13', '597'), ('44', '13', '598'), ('45', '13', '599'), ('46', '13', '600'), ('47', '13', '601'), ('48', '13', '602'), ('49', '13', '603'), ('50', '13', '604'), ('51', '13', '605'), ('52', '13', '606'), ('53', '14', '578'), ('54', '14', '607'), ('55', '14', '608'), ('56', '14', '609'), ('57', '14', '610'), ('58', '14', '611'), ('59', '14', '612'), ('60', '14', '613'), ('61', '14', '614'), ('62', '14', '615'), ('63', '14', '616'), ('64', '14', '617'), ('65', '14', '618'), ('66', '14', '619'), ('67', '14', '620'), ('68', '14', '621'), ('69', '14', '622'), ('70', '14', '623'), ('71', '14', '624'), ('72', '14', '625'), ('73', '14', '626'), ('74', '14', '627'), ('75', '14', '628'), ('76', '14', '629'), ('77', '14', '630'), ('78', '14', '631'), ('79', '14', '632'), ('80', '14', '633'), ('81', '14', '634'), ('82', '14', '635'), ('83', '14', '636'), ('84', '14', '637'), ('85', '14', '638'), ('86', '14', '639'), ('87', '14', '640'), ('88', '14', '641'), ('89', '14', '642'), ('90', '14', '643'), ('91', '14', '644'), ('92', '14', '645'), ('93', '14', '646'), ('94', '14', '647'), ('95', '14', '648'), ('96', '14', '649'), ('97', '14', '650'), ('111', '15', '572'), ('103', '15', '573'), ('132', '15', '592'), ('136', '15', '594'), ('129', '15', '597'), ('134', '15', '598'), ('131', '15', '600'), ('135', '15', '601'), ('98', '15', '651'), ('99', '15', '652'), ('100', '15', '653'), ('101', '15', '654'), ('102', '15', '655'), ('104', '15', '656'), ('105', '15', '657'), ('106', '15', '658'), ('107', '15', '659'), ('108', '15', '660'), ('109', '15', '661'), ('110', '15', '662'), ('112', '15', '663'), ('113', '15', '664'), ('114', '15', '665'), ('115', '15', '666'), ('116', '15', '667'), ('117', '15', '668'), ('118', '15', '669'), ('119', '15', '670'), ('120', '15', '671'), ('121', '15', '672'), ('122', '15', '673'), ('123', '15', '674'), ('124', '15', '675'), ('125', '15', '676'), ('126', '15', '677'), ('127', '15', '678'), ('128', '15', '679'), ('130', '15', '680'), ('133', '15', '681'), ('137', '15', '682'), ('138', '15', '683'), ('139', '15', '684'), ('140', '15', '685'), ('141', '15', '686'), ('142', '15', '687'), ('143', '15', '688'), ('144', '15', '689'), ('145', '15', '690'), ('146', '15', '691'), ('157', '16', '559'), ('161', '16', '571'), ('148', '16', '573'), ('165', '16', '580'), ('183', '16', '594'), ('179', '16', '596'), ('182', '16', '600'), ('186', '16', '603'), ('171', '16', '676'), ('147', '16', '692'), ('149', '16', '693'), ('150', '16', '694'), ('151', '16', '695'), ('152', '16', '696'), ('153', '16', '697'), ('154', '16', '698'), ('155', '16', '699'), ('156', '16', '700'), ('158', '16', '701'), ('159', '16', '702'), ('160', '16', '703'), ('162', '16', '704'), ('163', '16', '705'), ('164', '16', '706'), ('166', '16', '707'), ('167', '16', '708'), ('168', '16', '709'), ('169', '16', '710'), ('170', '16', '711'), ('172', '16', '712'), ('173', '16', '713'), ('174', '16', '714'), ('175', '16', '715'), ('176', '16', '716'), ('177', '16', '717'), ('178', '16', '718'), ('180', '16', '719'), ('181', '16', '720'), ('184', '16', '721'), ('185', '16', '722'), ('187', '16', '723'), ('188', '16', '724'), ('189', '17', '725'), ('190', '17', '726'), ('191', '17', '727'), ('192', '17', '728'), ('193', '17', '729'), ('194', '17', '730'), ('195', '17', '731'), ('196', '17', '732'), ('197', '17', '733'), ('198', '17', '734'), ('199', '17', '735'), ('200', '17', '736'), ('201', '17', '737'), ('202', '17', '738'), ('203', '17', '739'), ('204', '17', '740'), ('205', '17', '741'), ('206', '17', '742'), ('207', '17', '743'), ('208', '17', '744'), ('209', '17', '745'), ('210', '17', '746'), ('211', '17', '747'), ('212', '17', '748'), ('213', '17', '749'), ('214', '17', '750'), ('215', '17', '751'), ('216', '17', '752'), ('217', '17', '753'), ('218', '17', '754'), ('219', '17', '755'), ('220', '17', '756'), ('221', '17', '757'), ('222', '17', '758'), ('223', '17', '759'), ('224', '17', '760'), ('225', '17', '761'), ('226', '17', '762'), ('227', '17', '763'), ('228', '17', '764'), ('251', '18', '566'), ('259', '18', '598'), ('257', '18', '676'), ('249', '18', '728'), ('272', '18', '747'), ('273', '18', '759'), ('229', '18', '765'), ('230', '18', '766'), ('231', '18', '767'), ('232', '18', '768'), ('233', '18', '769'), ('234', '18', '770'), ('235', '18', '771'), ('236', '18', '772'), ('237', '18', '773'), ('238', '18', '774'), ('239', '18', '775'), ('240', '18', '776'), ('241', '18', '777'), ('242', '18', '778'), ('243', '18', '779'), ('244', '18', '780'), ('245', '18', '781'), ('246', '18', '782'), ('247', '18', '783'), ('248', '18', '784'), ('250', '18', '785'), ('252', '18', '786'), ('253', '18', '787'), ('254', '18', '788'), ('255', '18', '789'), ('256', '18', '790'), ('258', '18', '791'), ('260', '18', '792'), ('261', '18', '793'), ('262', '18', '794'), ('263', '18', '795'), ('264', '18', '796'), ('265', '18', '797'), ('266', '18', '798'), ('267', '18', '799'), ('268', '18', '800'), ('269', '18', '801'), ('270', '18', '802'), ('271', '18', '803'), ('274', '18', '804'), ('275', '18', '805'), ('276', '18', '806'), ('277', '18', '807');
COMMIT;

-- ----------------------------
--  Table structure for `services_behavior`
-- ----------------------------
DROP TABLE IF EXISTS `services_behavior`;
CREATE TABLE `services_behavior` (
  `id` int(11) NOT NULL AUTO_INCREMENT,
  `uuid` varchar(64) NOT NULL,
  `created_date` datetime(6) NOT NULL,
  `updated_date` datetime(6) NOT NULL,
  `device_date` datetime(6) NOT NULL,
  `deleted` tinyint(1) NOT NULL,
  `title` varchar(128) NOT NULL,
  `note` varchar(256),
  `board_id` int(11) DEFAULT NULL,
  `positive` tinyint(1) NOT NULL,
  PRIMARY KEY (`id`),
  UNIQUE KEY `services_behavior_uuid_784cdcad5c070d28_uniq` (`uuid`),
  KEY `services_behavior_0047b239` (`board_id`),
  CONSTRAINT `services_behavior_board_id_21f5314ceae68c2f_fk_services_board_id` FOREIGN KEY (`board_id`) REFERENCES `services_board` (`id`)
) ENGINE=InnoDB DEFAULT CHARSET=latin1;

-- ----------------------------
--  Table structure for `services_board`
-- ----------------------------
DROP TABLE IF EXISTS `services_board`;
CREATE TABLE `services_board` (
  `id` int(11) NOT NULL AUTO_INCREMENT,
  `uuid` varchar(64) NOT NULL,
  `created_date` datetime(6) NOT NULL,
  `updated_date` datetime(6) NOT NULL,
  `device_date` datetime(6) NOT NULL,
  `deleted` tinyint(1) NOT NULL,
  `title` varchar(128) NOT NULL,
  `transaction_id` varchar(128) DEFAULT NULL,
  `owner_id` int(11) DEFAULT NULL,
  PRIMARY KEY (`id`),
  UNIQUE KEY `services_board_uuid_4f70405795c65acb_uniq` (`uuid`),
  KEY `services_board_5e7b1936` (`owner_id`),
  CONSTRAINT `services_board_owner_id_28b210ff2d087463_fk_auth_user_id` FOREIGN KEY (`owner_id`) REFERENCES `auth_user` (`id`)
) ENGINE=InnoDB DEFAULT CHARSET=latin1;

-- ----------------------------
--  Table structure for `services_frown`
-- ----------------------------
DROP TABLE IF EXISTS `services_frown`;
CREATE TABLE `services_frown` (
  `id` int(11) NOT NULL AUTO_INCREMENT,
  `uuid` varchar(64) NOT NULL,
  `created_date` datetime(6) NOT NULL,
  `updated_date` datetime(6) NOT NULL,
  `device_date` datetime(6) NOT NULL,
  `deleted` tinyint(1) NOT NULL,
  `behavior_id` int(11) DEFAULT NULL,
  `board_id` int(11) DEFAULT NULL,
  `user_id` int(11) DEFAULT NULL,
  `note` varchar(256) NOT NULL,
  `creator_id` int(11),
  PRIMARY KEY (`id`),
  UNIQUE KEY `services_frown_uuid_465d1198c7117035_uniq` (`uuid`),
  KEY `services_frown_board_id_3faf3485b390f85c_fk_services_board_id` (`board_id`),
  KEY `services_fr_behavior_id_14485e1d1e7aab1d_fk_services_behavior_id` (`behavior_id`),
  KEY `services_frown_user_id_43cef0e81a4c3298_fk_auth_user_id` (`user_id`),
  KEY `services_frown_3700153c` (`creator_id`),
  CONSTRAINT `services_frown_creator_id_63bed8822f9843fa_fk_auth_user_id` FOREIGN KEY (`creator_id`) REFERENCES `auth_user` (`id`),
  CONSTRAINT `services_frown_board_id_3faf3485b390f85c_fk_services_board_id` FOREIGN KEY (`board_id`) REFERENCES `services_board` (`id`),
  CONSTRAINT `services_frown_user_id_43cef0e81a4c3298_fk_auth_user_id` FOREIGN KEY (`user_id`) REFERENCES `auth_user` (`id`),
  CONSTRAINT `services_fr_behavior_id_14485e1d1e7aab1d_fk_services_behavior_id` FOREIGN KEY (`behavior_id`) REFERENCES `services_behavior` (`id`)
) ENGINE=InnoDB DEFAULT CHARSET=latin1;

-- ----------------------------
--  Table structure for `services_invite`
-- ----------------------------
DROP TABLE IF EXISTS `services_invite`;
CREATE TABLE `services_invite` (
  `id` int(11) NOT NULL AUTO_INCREMENT,
  `code` varchar(64) NOT NULL,
  `board_id` int(11) DEFAULT NULL,
  `user_id` int(11) DEFAULT NULL,
  `role` varchar(64) NOT NULL,
  `created_date` datetime(6),
  `updated_date` datetime(6),
  `sender_id` int(11),
  `uuid` varchar(64),
  `invitee_firstname` varchar(128) DEFAULT NULL,
  `invitee_lastname` varchar(128) DEFAULT NULL,
  `invitee_email` varchar(256),
  PRIMARY KEY (`id`),
  UNIQUE KEY `uuid` (`uuid`),
  KEY `services_invite_board_id_143bda4a6f1a33cc_fk_services_board_id` (`board_id`),
  KEY `services_invite_user_id_392b597d3a78be40_fk_auth_user_id` (`user_id`),
  KEY `services_invite_924b1846` (`sender_id`),
  CONSTRAINT `services_invite_board_id_143bda4a6f1a33cc_fk_services_board_id` FOREIGN KEY (`board_id`) REFERENCES `services_board` (`id`),
  CONSTRAINT `services_invite_sender_id_615b241f74f417c8_fk_auth_user_id` FOREIGN KEY (`sender_id`) REFERENCES `auth_user` (`id`),
  CONSTRAINT `services_invite_user_id_392b597d3a78be40_fk_auth_user_id` FOREIGN KEY (`user_id`) REFERENCES `auth_user` (`id`)
) ENGINE=InnoDB DEFAULT CHARSET=latin1;

-- ----------------------------
--  Table structure for `services_profile`
-- ----------------------------
DROP TABLE IF EXISTS `services_profile`;
CREATE TABLE `services_profile` (
  `id` int(11) NOT NULL AUTO_INCREMENT,
  `gender` varchar(64) NOT NULL,
  `age` varchar(3) NOT NULL,
  `user_id` int(11) NOT NULL,
  `image` varchar(100) DEFAULT NULL,
  `image_height` int(10) unsigned,
  `image_width` int(10) unsigned,
  PRIMARY KEY (`id`),
  UNIQUE KEY `user_id` (`user_id`),
  CONSTRAINT `services_profile_user_id_1a92f8cb0fa6cec3_fk_auth_user_id` FOREIGN KEY (`user_id`) REFERENCES `auth_user` (`id`)
) ENGINE=InnoDB AUTO_INCREMENT=3 DEFAULT CHARSET=latin1;

-- ----------------------------
--  Records of `services_profile`
-- ----------------------------
BEGIN;
INSERT INTO `services_profile` VALUES ('1', '', '', '1', '', '100', '100'), ('2', '', '', '2', '', '100', '100');
COMMIT;

-- ----------------------------
--  Table structure for `services_reward`
-- ----------------------------
DROP TABLE IF EXISTS `services_reward`;
CREATE TABLE `services_reward` (
  `id` int(11) NOT NULL AUTO_INCREMENT,
  `uuid` varchar(64) NOT NULL,
  `created_date` datetime(6) NOT NULL,
  `updated_date` datetime(6) NOT NULL,
  `device_date` datetime(6) NOT NULL,
  `deleted` tinyint(1) NOT NULL,
  `title` varchar(128) DEFAULT NULL,
  `currency_amount` double NOT NULL,
  `smile_amount` double NOT NULL,
  `currency_type` varchar(64) NOT NULL,
  `board_id` int(11) DEFAULT NULL,
  PRIMARY KEY (`id`),
  UNIQUE KEY `services_reward_uuid_314d9789370a7697_uniq` (`uuid`),
  KEY `services_reward_board_id_2f0c808ffef50fee_fk_services_board_id` (`board_id`),
  CONSTRAINT `services_reward_board_id_2f0c808ffef50fee_fk_services_board_id` FOREIGN KEY (`board_id`) REFERENCES `services_board` (`id`)
) ENGINE=InnoDB DEFAULT CHARSET=latin1;

-- ----------------------------
--  Table structure for `services_smile`
-- ----------------------------
DROP TABLE IF EXISTS `services_smile`;
CREATE TABLE `services_smile` (
  `id` int(11) NOT NULL AUTO_INCREMENT,
  `uuid` varchar(64) NOT NULL,
  `created_date` datetime(6) NOT NULL,
  `updated_date` datetime(6) NOT NULL,
  `device_date` datetime(6) NOT NULL,
  `deleted` tinyint(1) NOT NULL,
  `collected` tinyint(1) NOT NULL,
  `behavior_id` int(11) DEFAULT NULL,
  `board_id` int(11) DEFAULT NULL,
  `user_id` int(11) DEFAULT NULL,
  `note` varchar(256) NOT NULL,
  `creator_id` int(11),
  PRIMARY KEY (`id`),
  UNIQUE KEY `services_smile_uuid_79177d907c96f64f_uniq` (`uuid`),
  KEY `services_smile_board_id_1bedd71f407e8c08_fk_services_board_id` (`board_id`),
  KEY `services_sm_behavior_id_683b004589bb4f07_fk_services_behavior_id` (`behavior_id`),
  KEY `services_smile_user_id_4fca178b40826dec_fk_auth_user_id` (`user_id`),
  KEY `services_smile_3700153c` (`creator_id`),
  CONSTRAINT `services_smile_creator_id_68c5e2b16e08bd3e_fk_auth_user_id` FOREIGN KEY (`creator_id`) REFERENCES `auth_user` (`id`),
  CONSTRAINT `services_smile_board_id_1bedd71f407e8c08_fk_services_board_id` FOREIGN KEY (`board_id`) REFERENCES `services_board` (`id`),
  CONSTRAINT `services_smile_user_id_4fca178b40826dec_fk_auth_user_id` FOREIGN KEY (`user_id`) REFERENCES `auth_user` (`id`),
  CONSTRAINT `services_sm_behavior_id_683b004589bb4f07_fk_services_behavior_id` FOREIGN KEY (`behavior_id`) REFERENCES `services_behavior` (`id`)
) ENGINE=InnoDB DEFAULT CHARSET=latin1;

-- ----------------------------
--  Table structure for `services_tempprofileimage`
-- ----------------------------
DROP TABLE IF EXISTS `services_tempprofileimage`;
CREATE TABLE `services_tempprofileimage` (
  `id` int(11) NOT NULL AUTO_INCREMENT,
  `uuid` varchar(64) DEFAULT NULL,
  `created_date` datetime(6) DEFAULT NULL,
  `updated_date` datetime(6) DEFAULT NULL,
  `image` varchar(100) DEFAULT NULL,
  PRIMARY KEY (`id`),
  UNIQUE KEY `uuid` (`uuid`)
) ENGINE=InnoDB DEFAULT CHARSET=latin1;

-- ----------------------------
--  Table structure for `services_userrole`
-- ----------------------------
DROP TABLE IF EXISTS `services_userrole`;
CREATE TABLE `services_userrole` (
  `id` int(11) NOT NULL AUTO_INCREMENT,
  `role` varchar(64) DEFAULT NULL,
  `user_id` int(11) DEFAULT NULL,
  `board_id` int(11) DEFAULT NULL,
  `created_date` datetime(6) NOT NULL,
  `deleted` tinyint(1) NOT NULL,
  `device_date` datetime(6) NOT NULL,
  `updated_date` datetime(6) NOT NULL,
  `uuid` varchar(64) NOT NULL,
  PRIMARY KEY (`id`),
  UNIQUE KEY `uuid` (`uuid`),
  KEY `services_userrole_0047b239` (`board_id`),
  KEY `services_userrole_user_id_7ebd3b7e13354018_fk_auth_user_id` (`user_id`),
  CONSTRAINT `services_userrole_board_id_2fbee0a5156ac5dc_fk_services_board_id` FOREIGN KEY (`board_id`) REFERENCES `services_board` (`id`),
  CONSTRAINT `services_userrole_user_id_7ebd3b7e13354018_fk_auth_user_id` FOREIGN KEY (`user_id`) REFERENCES `auth_user` (`id`)
) ENGINE=InnoDB DEFAULT CHARSET=latin1;

-- ----------------------------
--  Table structure for `social_auth_association`
-- ----------------------------
DROP TABLE IF EXISTS `social_auth_association`;
CREATE TABLE `social_auth_association` (
  `id` int(11) NOT NULL AUTO_INCREMENT,
  `server_url` varchar(255) NOT NULL,
  `handle` varchar(255) NOT NULL,
  `secret` varchar(255) NOT NULL,
  `issued` int(11) NOT NULL,
  `lifetime` int(11) NOT NULL,
  `assoc_type` varchar(64) NOT NULL,
  PRIMARY KEY (`id`)
) ENGINE=InnoDB DEFAULT CHARSET=latin1;

-- ----------------------------
--  Table structure for `social_auth_code`
-- ----------------------------
DROP TABLE IF EXISTS `social_auth_code`;
CREATE TABLE `social_auth_code` (
  `id` int(11) NOT NULL AUTO_INCREMENT,
  `email` varchar(254) NOT NULL,
  `code` varchar(32) NOT NULL,
  `verified` tinyint(1) NOT NULL,
  PRIMARY KEY (`id`),
  UNIQUE KEY `social_auth_code_email_75f27066d057e3b6_uniq` (`email`,`code`),
  KEY `social_auth_code_c1336794` (`code`)
) ENGINE=InnoDB DEFAULT CHARSET=latin1;

-- ----------------------------
--  Table structure for `social_auth_nonce`
-- ----------------------------
DROP TABLE IF EXISTS `social_auth_nonce`;
CREATE TABLE `social_auth_nonce` (
  `id` int(11) NOT NULL AUTO_INCREMENT,
  `server_url` varchar(255) NOT NULL,
  `timestamp` int(11) NOT NULL,
  `salt` varchar(65) NOT NULL,
  PRIMARY KEY (`id`),
  UNIQUE KEY `social_auth_nonce_server_url_36601f978463b4_uniq` (`server_url`,`timestamp`,`salt`)
) ENGINE=InnoDB DEFAULT CHARSET=latin1;

-- ----------------------------
--  Table structure for `social_auth_usersocialauth`
-- ----------------------------
DROP TABLE IF EXISTS `social_auth_usersocialauth`;
CREATE TABLE `social_auth_usersocialauth` (
  `id` int(11) NOT NULL AUTO_INCREMENT,
  `provider` varchar(32) NOT NULL,
  `uid` varchar(255) NOT NULL,
  `extra_data` longtext NOT NULL,
  `user_id` int(11) NOT NULL,
  PRIMARY KEY (`id`),
  UNIQUE KEY `social_auth_usersocialauth_provider_2f763109e2c4a1fb_uniq` (`provider`,`uid`),
  KEY `social_auth_usersociala_user_id_193b2d80880502b2_fk_auth_user_id` (`user_id`),
  CONSTRAINT `social_auth_usersociala_user_id_193b2d80880502b2_fk_auth_user_id` FOREIGN KEY (`user_id`) REFERENCES `auth_user` (`id`)
) ENGINE=InnoDB DEFAULT CHARSET=latin1;

SET FOREIGN_KEY_CHECKS = 1;
