/*
 Navicat Premium Data Transfer

 Source Server         : services.smilesandfrowns.com
 Source Server Type    : MySQL
 Source Server Version : 50173
 Source Host           : services.smilesandfrowns.com
 Source Database       : smiles_and_frowns

 Target Server Type    : MySQL
 Target Server Version : 50173
 File Encoding         : utf-8

 Date: 12/09/2015 11:45:18 AM
*/

SET NAMES utf8;
SET FOREIGN_KEY_CHECKS = 0;

-- ----------------------------
--  Table structure for `auth_group`
-- ----------------------------
DROP TABLE IF EXISTS `auth_group`;
CREATE TABLE `auth_group` (
  `id` int(11) NOT NULL AUTO_INCREMENT,
  `name` varchar(80) NOT NULL,
  PRIMARY KEY (`id`),
  UNIQUE KEY `name` (`name`)
) ENGINE=MyISAM DEFAULT CHARSET=latin1;

-- ----------------------------
--  Table structure for `auth_group_permissions`
-- ----------------------------
DROP TABLE IF EXISTS `auth_group_permissions`;
CREATE TABLE `auth_group_permissions` (
  `id` int(11) NOT NULL AUTO_INCREMENT,
  `group_id` int(11) NOT NULL,
  `permission_id` int(11) NOT NULL,
  PRIMARY KEY (`id`),
  UNIQUE KEY `group_id` (`group_id`,`permission_id`),
  KEY `auth_group_permissions_0e939a4f` (`group_id`),
  KEY `auth_group_permissions_8373b171` (`permission_id`)
) ENGINE=MyISAM DEFAULT CHARSET=latin1;

-- ----------------------------
--  Table structure for `auth_permission`
-- ----------------------------
DROP TABLE IF EXISTS `auth_permission`;
CREATE TABLE `auth_permission` (
  `id` int(11) NOT NULL AUTO_INCREMENT,
  `name` varchar(255) NOT NULL,
  `content_type_id` int(11) NOT NULL,
  `codename` varchar(100) NOT NULL,
  PRIMARY KEY (`id`),
  UNIQUE KEY `content_type_id` (`content_type_id`,`codename`),
  KEY `auth_permission_417f1b1c` (`content_type_id`)
) ENGINE=MyISAM AUTO_INCREMENT=67 DEFAULT CHARSET=latin1;

-- ----------------------------
--  Records of `auth_permission`
-- ----------------------------
BEGIN;
INSERT INTO `auth_permission` VALUES ('1', 'Can add log entry', '1', 'add_logentry'), ('2', 'Can change log entry', '1', 'change_logentry'), ('3', 'Can delete log entry', '1', 'delete_logentry'), ('4', 'Can add permission', '2', 'add_permission'), ('5', 'Can change permission', '2', 'change_permission'), ('6', 'Can delete permission', '2', 'delete_permission'), ('7', 'Can add group', '3', 'add_group'), ('8', 'Can change group', '3', 'change_group'), ('9', 'Can delete group', '3', 'delete_group'), ('10', 'Can add user', '4', 'add_user'), ('11', 'Can change user', '4', 'change_user'), ('12', 'Can delete user', '4', 'delete_user'), ('13', 'Can add content type', '5', 'add_contenttype'), ('14', 'Can change content type', '5', 'change_contenttype'), ('15', 'Can delete content type', '5', 'delete_contenttype'), ('16', 'Can add session', '6', 'add_session'), ('17', 'Can change session', '6', 'change_session'), ('18', 'Can delete session', '6', 'delete_session'), ('19', 'Can add user social auth', '7', 'add_usersocialauth'), ('20', 'Can change user social auth', '7', 'change_usersocialauth'), ('21', 'Can delete user social auth', '7', 'delete_usersocialauth'), ('22', 'Can add nonce', '8', 'add_nonce'), ('23', 'Can change nonce', '8', 'change_nonce'), ('24', 'Can delete nonce', '8', 'delete_nonce'), ('25', 'Can add association', '9', 'add_association'), ('26', 'Can change association', '9', 'change_association'), ('27', 'Can delete association', '9', 'delete_association'), ('28', 'Can add code', '10', 'add_code'), ('29', 'Can change code', '10', 'change_code'), ('30', 'Can delete code', '10', 'delete_code'), ('31', 'Can add profile', '11', 'add_profile'), ('32', 'Can change profile', '11', 'change_profile'), ('33', 'Can delete profile', '11', 'delete_profile'), ('34', 'Can add board', '12', 'add_board'), ('35', 'Can change board', '12', 'change_board'), ('36', 'Can delete board', '12', 'delete_board'), ('37', 'Can add user role', '13', 'add_userrole'), ('38', 'Can change user role', '13', 'change_userrole'), ('39', 'Can delete user role', '13', 'delete_userrole'), ('40', 'Can add behavior', '14', 'add_behavior'), ('41', 'Can change behavior', '14', 'change_behavior'), ('42', 'Can delete behavior', '14', 'delete_behavior'), ('43', 'Can add reward', '15', 'add_reward'), ('44', 'Can change reward', '15', 'change_reward'), ('45', 'Can delete reward', '15', 'delete_reward'), ('46', 'Can add smile', '16', 'add_smile'), ('47', 'Can change smile', '16', 'change_smile'), ('48', 'Can delete smile', '16', 'delete_smile'), ('49', 'Can add frown', '17', 'add_frown'), ('50', 'Can change frown', '17', 'change_frown'), ('51', 'Can delete frown', '17', 'delete_frown'), ('52', 'Can add invite', '18', 'add_invite'), ('53', 'Can change invite', '18', 'change_invite'), ('54', 'Can delete invite', '18', 'delete_invite'), ('55', 'Can add temp profile image', '19', 'add_tempprofileimage'), ('56', 'Can change temp profile image', '19', 'change_tempprofileimage'), ('57', 'Can delete temp profile image', '19', 'delete_tempprofileimage'), ('58', 'Can add predefined behavior', '20', 'add_predefinedbehavior'), ('59', 'Can change predefined behavior', '20', 'change_predefinedbehavior'), ('60', 'Can delete predefined behavior', '20', 'delete_predefinedbehavior'), ('61', 'Can add predefined board', '21', 'add_predefinedboard'), ('62', 'Can change predefined board', '21', 'change_predefinedboard'), ('63', 'Can delete predefined board', '21', 'delete_predefinedboard'), ('64', 'Can add predefined behavior group', '22', 'add_predefinedbehaviorgroup'), ('65', 'Can change predefined behavior group', '22', 'change_predefinedbehaviorgroup'), ('66', 'Can delete predefined behavior group', '22', 'delete_predefinedbehaviorgroup');
COMMIT;

-- ----------------------------
--  Table structure for `auth_user`
-- ----------------------------
DROP TABLE IF EXISTS `auth_user`;
CREATE TABLE `auth_user` (
  `id` int(11) NOT NULL AUTO_INCREMENT,
  `password` varchar(128) NOT NULL,
  `last_login` datetime DEFAULT NULL,
  `is_superuser` tinyint(1) NOT NULL,
  `username` varchar(64) NOT NULL,
  `first_name` varchar(30) NOT NULL,
  `last_name` varchar(30) NOT NULL,
  `email` varchar(254) NOT NULL,
  `is_staff` tinyint(1) NOT NULL,
  `is_active` tinyint(1) NOT NULL,
  `date_joined` datetime NOT NULL,
  PRIMARY KEY (`id`),
  UNIQUE KEY `username` (`username`)
) ENGINE=MyISAM AUTO_INCREMENT=49 DEFAULT CHARSET=latin1;

-- ----------------------------
--  Records of `auth_user`
-- ----------------------------
BEGIN;
INSERT INTO `auth_user` VALUES ('1', 'pbkdf2_sha256$20000$jNcEePbAatP1$FElZXbQnlq3ycll4ta7XKP/AqlTaYwHQfeSRVEAzdEQ=', '2015-12-08 15:58:00', '1', 'admin', '', '', 'info@apptitude-digital.com', '1', '1', '2015-11-23 18:39:44'), ('3', 'pbkdf2_sha256$20000$5P4NMIFurQzk$ApQ0ZMMFRFArSWCMyH7xy8CUwyaLJbQs8b2NwNRk7Kc=', '2015-12-09 16:18:37', '0', '0940dd5a-28e9-4ebf-8922-b5f60bf7c61a', 'Aaron', 'Smith', 'gngrwzrd@gmail.com', '0', '1', '2015-11-23 18:48:15'), ('5', '', null, '0', 'C35BE313-B55C-4E21-8D8C-025D17F46DDF', 'Macaulay', 'Culkin', '', '0', '1', '2015-11-23 20:59:28'), ('42', '', null, '0', 'BD78ADB1-76C7-441F-B2AF-D0A68DF7C8F9', 'Thomas', 'Connor', '', '0', '1', '2015-12-08 16:12:07'), ('7', '!HJHzEHxNmhoNCojB6Ov1j5PcgBAVrd4Hct5UI1We', '2015-12-08 18:38:33', '0', 'MalcolmWilson', 'Malcolm', 'Wilson', 'pixelrevision@gmail.com', '0', '1', '2015-11-23 21:40:10'), ('8', '', null, '0', '28FBAB8E-FF77-42D4-A5D7-398E9569F465', 'Cole', 'Wilson', '', '0', '1', '2015-11-23 21:43:30'), ('9', '', null, '0', 'AE5FEA49-64E3-4E1B-86F1-F90B74B5BBDA', 'Will', 'Ferrel', '', '0', '1', '2015-11-23 21:45:47'), ('10', '', null, '0', '4F277217-8504-4111-B101-2970BDF7185F', 'Ricardo', 'Wilson', '', '0', '1', '2015-11-23 21:53:31'), ('11', '', null, '0', 'C8468EDD-1598-4E0E-8949-315A3DD8B79C', 'Rick', 'Jangles', '', '0', '1', '2015-11-23 21:55:11'), ('40', '!G4pS6eWdhwbDhLw7YRPdMtykHIPDd1JKjkpNRPPu', '2015-12-09 16:42:10', '0', 'JonathanRose', 'Jonathan', 'Rose', 'jonathan@jonathanrosesf.com', '0', '1', '2015-12-08 16:05:51'), ('41', '', null, '0', '5F9576CF-A0BD-4F4C-93F1-89727F5C38AC', 'Zoe', 'Noonan', '', '0', '1', '2015-12-08 16:12:07'), ('13', '', null, '0', 'DF3E22B9-1EA9-4076-AC06-929C8B1E5727', 'Zoe', 'Noonan', '', '0', '1', '2015-11-23 22:02:56'), ('14', '', null, '0', '36768397-4B0E-4B06-BB34-7BF748708226', 'Thomas', 'Connor', '', '0', '1', '2015-11-24 19:05:30'), ('15', '', null, '0', '7D374231-F317-4928-8AFB-DE550DD363F2', 'Baby', 'Smith', '', '0', '1', '2015-11-24 19:25:40'), ('16', '', null, '0', 'D0C9F9CF-99A3-4D5A-A485-2A060B65C960', 'Cole', 'Wilson', '', '0', '1', '2015-11-24 19:37:52'), ('17', '', null, '0', '88529487-8205-40C9-8D28-D41812137717', 'Test', 'Child', '', '0', '1', '2015-11-24 20:11:08'), ('18', '', null, '0', 'DCD51BA2-5D38-47E7-B209-FFB05585BAD8', 'Cole', 'Wilson', '', '0', '1', '2015-11-24 20:18:19'), ('19', 'pbkdf2_sha256$20000$uMpzYBdzHDri$qdH6vLUmJcHa2aIKCVXrarbgDcZRtIGzRsYXYukp6z0=', '2015-11-25 02:03:51', '0', '6a24cc4f-9a01-4ae0-a268-4a0516ee9fc5', 'Tommy', 'G', 'loa.giovagnoli@gmail.com', '0', '1', '2015-11-25 02:03:51'), ('20', '', null, '0', 'F962A87C-2B74-4A6B-A9DD-44427B65349A', 'Rufus', 'G', '', '0', '1', '2015-11-25 02:14:00'), ('21', '', null, '0', '9383EE2E-3836-44DE-971B-B0DD2A107523', 'NoJo', 'G', '', '0', '1', '2015-11-25 02:14:00'), ('22', '', null, '0', '4D184D23-018A-443E-BC33-D29E95FE0A0E', 'Missy', 'G', '', '0', '1', '2015-11-25 02:14:00'), ('23', '', null, '0', 'CC64197B-02C1-45ED-94AA-EF001CC26231', 'Rena', 'Wallach', '', '0', '1', '2015-11-25 15:34:15'), ('24', '', null, '0', '802037C5-4DD1-45A9-A2AE-C227BC2FB32C', 'Roo', '2', '', '0', '1', '2015-11-25 20:04:49'), ('25', '', null, '0', '0A3F5747-5E53-42E2-8FAE-162BA42105D0', 'Mateo', 'Z', '', '0', '1', '2015-11-27 03:39:56'), ('26', '', null, '0', 'C63228CA-1A00-4B3F-9403-47114412A658', 'Test', 'Test2', '', '0', '1', '2015-12-01 17:09:01'), ('27', '', null, '0', 'FA215A45-D414-4F62-9748-F0CD621658E6', 'Calan', 'Noonan', '', '0', '1', '2015-12-04 15:18:54'), ('28', 'pbkdf2_sha256$20000$Ie31iIyMEP1S$msuGWEWdDXvK00fr7vE4RDqTczdpVPi8esBF0WhFJ0k=', '2015-12-04 17:24:04', '0', '9766e4d4-2f98-4635-a011-762fbe88d65d', 'Pamela', 'Gonzalez', 'pam@pamelamgonzalez.com', '0', '1', '2015-12-04 17:24:04'), ('29', '', null, '0', 'CD17421A-E9B2-4181-90EB-253F90F3D628', 'Frank', 'Dibiasi', '', '0', '1', '2015-12-04 18:52:33'), ('30', '', null, '0', 'B68C3323-427D-4714-8D8F-F7BC6074592C', 'Zoe', 'Noonan', '', '0', '1', '2015-12-04 19:11:48'), ('31', '', null, '0', 'A1272044-84B5-43A5-88E5-16DDB75140FC', 'Chuck', 'Norris', '', '0', '1', '2015-12-07 18:08:37'), ('32', '', null, '0', '2689E4E4-A7E6-4AB8-AE0C-2260451A7727', 'Pee Wee', 'Herman', '', '0', '1', '2015-12-07 18:11:42'), ('33', '', null, '0', 'FC0A7D3B-5139-4B4D-B8D2-F1C37142C9ED', 'Santa', 'Clause', '', '0', '1', '2015-12-07 18:18:37'), ('34', '', null, '0', '950E2259-CBBA-4989-A118-AFEA15D20F1A', 'Calan', 'Noonan', '', '0', '1', '2015-12-07 21:18:38'), ('35', '', null, '0', '18F324EE-015C-4F0F-88A7-4E3C38E55CC1', 'Cole', 'Wilson', '', '0', '1', '2015-12-07 21:18:38'), ('36', '', null, '0', '99E448E1-1123-422C-8442-E6B37A863F16', 'Thomas', 'Connor', '', '0', '1', '2015-12-07 21:18:38'), ('37', '', null, '0', 'F6604B04-0488-4901-914C-80A3B95F072E', 'Calan', 'Noonan', '', '0', '1', '2015-12-07 21:41:34'), ('38', '', null, '0', 'C9D4F4F7-27F1-4A71-85A5-BC0BE43C0E9E', 'Margi', 'Wallach', '', '0', '1', '2015-12-07 21:43:07'), ('39', 'pbkdf2_sha256$20000$VPY2XClTdce8$245zSTuaJBU4J2oIrHxsOb6qPnoyIrIeFbglFJdRC7k=', '2015-12-08 18:22:11', '0', '4003831d-2ce8-42e8-8545-a732dcbcc587', 'Malcolm', 'Wilson', 'malcolm@apptitude-digital.com', '0', '1', '2015-12-08 15:02:41'), ('43', '', null, '0', '39E485B1-069A-414F-BB95-0E3C3823A33D', 'Calan', 'Noonan', '', '0', '1', '2015-12-08 16:12:07'), ('44', '', null, '0', 'B1D2F267-F9CE-4BD1-9A33-2A2B1324D797', 'Cole', 'Wilson', '', '0', '1', '2015-12-08 16:12:07'), ('45', 'pbkdf2_sha256$20000$ey8KsX18GuEb$9i4Ps3UoPKZSo12N0zS6P227tpfr7TIcV/z//GM3eYk=', '2015-12-09 16:41:47', '0', '52573978-2f64-4f33-a42e-637de67db309', 'Jonathan AppDig', 'Rose', 'jonathan@apptitude-digital.com', '0', '1', '2015-12-08 16:31:43'), ('46', 'pbkdf2_sha256$20000$7XuP0rE21hdI$M00SKesVZvnV+z0WartP3+Ip5/GeOV1cNjdKwRmjQ78=', '2015-12-09 04:44:36', '0', '8591747a-4f72-4a4f-9003-b881a85dc99e', 'Aaron', 'Smith', 'beheadedmyway@gmail.com', '0', '1', '2015-12-08 19:17:12'), ('47', '', null, '0', 'F8EDE98E-1508-4F74-ABDF-48386ABF8165', 'Sam', 'Peterka', '', '0', '1', '2015-12-08 19:21:02'), ('48', '', null, '0', '65E083AB-045F-40F8-8A50-50F68DF9DDCA', 'David', 'Dropp', '', '0', '1', '2015-12-08 19:28:52');
COMMIT;

-- ----------------------------
--  Table structure for `auth_user_groups`
-- ----------------------------
DROP TABLE IF EXISTS `auth_user_groups`;
CREATE TABLE `auth_user_groups` (
  `id` int(11) NOT NULL AUTO_INCREMENT,
  `user_id` int(11) NOT NULL,
  `group_id` int(11) NOT NULL,
  PRIMARY KEY (`id`),
  UNIQUE KEY `user_id` (`user_id`,`group_id`),
  KEY `auth_user_groups_e8701ad4` (`user_id`),
  KEY `auth_user_groups_0e939a4f` (`group_id`)
) ENGINE=MyISAM DEFAULT CHARSET=latin1;

-- ----------------------------
--  Table structure for `auth_user_user_permissions`
-- ----------------------------
DROP TABLE IF EXISTS `auth_user_user_permissions`;
CREATE TABLE `auth_user_user_permissions` (
  `id` int(11) NOT NULL AUTO_INCREMENT,
  `user_id` int(11) NOT NULL,
  `permission_id` int(11) NOT NULL,
  PRIMARY KEY (`id`),
  UNIQUE KEY `user_id` (`user_id`,`permission_id`),
  KEY `auth_user_user_permissions_e8701ad4` (`user_id`),
  KEY `auth_user_user_permissions_8373b171` (`permission_id`)
) ENGINE=MyISAM DEFAULT CHARSET=latin1;

-- ----------------------------
--  Table structure for `django_admin_log`
-- ----------------------------
DROP TABLE IF EXISTS `django_admin_log`;
CREATE TABLE `django_admin_log` (
  `id` int(11) NOT NULL AUTO_INCREMENT,
  `action_time` datetime NOT NULL,
  `object_id` longtext,
  `object_repr` varchar(200) NOT NULL,
  `action_flag` smallint(5) unsigned NOT NULL,
  `change_message` longtext NOT NULL,
  `content_type_id` int(11) DEFAULT NULL,
  `user_id` int(11) NOT NULL,
  PRIMARY KEY (`id`),
  KEY `django_admin_log_417f1b1c` (`content_type_id`),
  KEY `django_admin_log_e8701ad4` (`user_id`)
) ENGINE=MyISAM AUTO_INCREMENT=49 DEFAULT CHARSET=latin1;

-- ----------------------------
--  Records of `django_admin_log`
-- ----------------------------
BEGIN;
INSERT INTO `django_admin_log` VALUES ('1', '2015-11-23 18:46:34', '2', '19183a33-c467-4147-9f47-a8da15', '3', '', '4', '1'), ('2', '2015-11-23 20:54:33', '4', 'E88099FC-2993-49B4-82A6-DC2F30BCC116', '3', '', '4', '1'), ('3', '2015-11-23 22:39:05', '14', 'Untitled', '3', '', '12', '1'), ('4', '2015-11-23 22:39:05', '13', 'Managed Board', '3', '', '12', '1'), ('5', '2015-11-23 22:39:05', '12', 'Done', '3', '', '12', '1'), ('6', '2015-11-23 22:39:05', '11', 'Full Board', '3', '', '12', '1'), ('7', '2015-11-23 22:39:05', '10', 'Owned board', '3', '', '12', '1'), ('8', '2015-11-23 22:39:05', '9', 'A Test Board', '3', '', '12', '1'), ('9', '2015-11-23 22:39:05', '6', 'Some board', '3', '', '12', '1'), ('10', '2015-11-23 22:39:05', '5', 'Another Board', '3', '', '12', '1'), ('11', '2015-11-23 22:39:05', '4', 'Test Child Sync', '3', '', '12', '1'), ('12', '2015-11-23 22:39:05', '3', 'Teacher\'s Helper', '3', '', '12', '1'), ('13', '2015-11-23 23:51:03', '20', 'Test 4', '3', '', '12', '1'), ('14', '2015-11-23 23:51:03', '19', 'Test 3', '3', '', '12', '1'), ('15', '2015-11-23 23:51:03', '18', 'Test 2', '3', '', '12', '1'), ('16', '2015-11-23 23:51:03', '16', 'Test 1', '3', '', '12', '1'), ('17', '2015-11-24 17:31:30', '22', 'Custom Board 55', '3', '', '12', '1'), ('18', '2015-11-24 17:31:30', '17', 'Custom Board 4', '3', '', '12', '1'), ('19', '2015-11-24 17:31:30', '8', 'Custom 3', '3', '', '12', '1'), ('20', '2015-11-24 17:31:30', '7', 'Custom 1', '3', '', '12', '1'), ('21', '2015-12-08 16:03:04', '12', '49bcb07a-8b02-4df3-a598-6dc1b1d0ba67', '3', '', '4', '1'), ('22', '2015-12-08 16:03:04', '6', 'JonathanRose', '3', '', '4', '1'), ('23', '2015-12-08 21:07:26', '46', 'Untitled', '3', '', '12', '1'), ('24', '2015-12-08 21:07:26', '45', 'Reset Test 1', '3', '', '12', '1'), ('25', '2015-12-08 21:09:27', '47', 'Reset Test 1', '3', '', '12', '1'), ('26', '2015-12-08 21:18:00', '49', 'Reset Test 2', '3', '', '12', '1'), ('27', '2015-12-08 21:18:00', '48', 'Reset Test 2', '3', '', '12', '1'), ('28', '2015-12-08 21:18:31', '50', 'Reset Test 2', '3', '', '12', '1'), ('29', '2015-12-08 21:25:18', '52', 'Reset Test 3', '3', '', '12', '1'), ('30', '2015-12-08 21:25:18', '51', 'Reset Test 3', '3', '', '12', '1'), ('31', '2015-12-08 21:25:38', '53', 'Reset Test 3', '3', '', '12', '1'), ('32', '2015-12-08 21:30:52', '55', 'Reset Test 4', '3', '', '12', '1'), ('33', '2015-12-08 21:30:52', '54', 'Reset Test 4', '3', '', '12', '1'), ('34', '2015-12-08 21:31:12', '56', 'Reset Test 4', '3', '', '12', '1'), ('35', '2015-12-09 04:46:41', '58', 'Reset Test 1', '3', '', '12', '1'), ('36', '2015-12-09 04:46:51', '59', 'Reset Test 1', '3', '', '12', '1'), ('37', '2015-12-09 04:48:54', '60', 'Reset Test 1', '3', '', '12', '1'), ('38', '2015-12-09 04:48:54', '57', 'Reset Test 1', '3', '', '12', '1'), ('39', '2015-12-09 04:52:08', '62', 'Reset Test 1', '3', '', '12', '1'), ('40', '2015-12-09 04:56:33', '63', 'Reset Test 2', '3', '', '12', '1'), ('41', '2015-12-09 04:56:33', '61', 'Reset Test 2', '3', '', '12', '1'), ('42', '2015-12-09 04:56:50', '65', 'Reset Test 2', '3', '', '12', '1'), ('43', '2015-12-09 04:56:50', '64', 'Reset Test 1', '3', '', '12', '1'), ('44', '2015-12-09 04:59:24', '67', 'Reset Test 1', '3', '', '12', '1'), ('45', '2015-12-09 04:59:24', '66', 'Reset Test 1', '3', '', '12', '1'), ('46', '2015-12-09 05:09:16', '69', 'Reset Test 1', '3', '', '12', '1'), ('47', '2015-12-09 05:09:16', '68', 'Reset Test 1', '3', '', '12', '1'), ('48', '2015-12-09 05:09:33', '70', 'Reset Test 1', '3', '', '12', '1');
COMMIT;

-- ----------------------------
--  Table structure for `django_content_type`
-- ----------------------------
DROP TABLE IF EXISTS `django_content_type`;
CREATE TABLE `django_content_type` (
  `id` int(11) NOT NULL AUTO_INCREMENT,
  `app_label` varchar(100) NOT NULL,
  `model` varchar(100) NOT NULL,
  PRIMARY KEY (`id`),
  UNIQUE KEY `django_content_type_app_label_45f3b1d93ec8c61c_uniq` (`app_label`,`model`)
) ENGINE=MyISAM AUTO_INCREMENT=23 DEFAULT CHARSET=latin1;

-- ----------------------------
--  Records of `django_content_type`
-- ----------------------------
BEGIN;
INSERT INTO `django_content_type` VALUES ('1', 'admin', 'logentry'), ('2', 'auth', 'permission'), ('3', 'auth', 'group'), ('4', 'auth', 'user'), ('5', 'contenttypes', 'contenttype'), ('6', 'sessions', 'session'), ('7', 'default', 'usersocialauth'), ('8', 'default', 'nonce'), ('9', 'default', 'association'), ('10', 'default', 'code'), ('11', 'services', 'profile'), ('12', 'services', 'board'), ('13', 'services', 'userrole'), ('14', 'services', 'behavior'), ('15', 'services', 'reward'), ('16', 'services', 'smile'), ('17', 'services', 'frown'), ('18', 'services', 'invite'), ('19', 'services', 'tempprofileimage'), ('20', 'predefinedboards', 'predefinedbehavior'), ('21', 'predefinedboards', 'predefinedboard'), ('22', 'predefinedboards', 'predefinedbehaviorgroup');
COMMIT;

-- ----------------------------
--  Table structure for `django_migrations`
-- ----------------------------
DROP TABLE IF EXISTS `django_migrations`;
CREATE TABLE `django_migrations` (
  `id` int(11) NOT NULL AUTO_INCREMENT,
  `app` varchar(255) NOT NULL,
  `name` varchar(255) NOT NULL,
  `applied` datetime NOT NULL,
  PRIMARY KEY (`id`)
) ENGINE=MyISAM AUTO_INCREMENT=47 DEFAULT CHARSET=latin1;

-- ----------------------------
--  Records of `django_migrations`
-- ----------------------------
BEGIN;
INSERT INTO `django_migrations` VALUES ('1', 'contenttypes', '0001_initial', '2015-11-23 18:39:17'), ('2', 'auth', '0001_initial', '2015-11-23 18:39:17'), ('3', 'admin', '0001_initial', '2015-11-23 18:39:17'), ('4', 'contenttypes', '0002_remove_content_type_name', '2015-11-23 18:39:17'), ('5', 'auth', '0002_alter_permission_name_max_length', '2015-11-23 18:39:18'), ('6', 'auth', '0003_alter_user_email_max_length', '2015-11-23 18:39:18'), ('7', 'auth', '0004_alter_user_username_opts', '2015-11-23 18:39:18'), ('8', 'auth', '0005_alter_user_last_login_null', '2015-11-23 18:39:18'), ('9', 'auth', '0006_require_contenttypes_0002', '2015-11-23 18:39:18'), ('10', 'default', '0001_initial', '2015-11-23 18:39:18'), ('11', 'predefinedboards', '0001_initial', '2015-11-23 18:39:18'), ('12', 'predefinedboards', '0002_auto_20151029_2301', '2015-11-23 18:39:18'), ('13', 'predefinedboards', '0003_auto_20151102_1909', '2015-11-23 18:39:18'), ('14', 'predefinedboards', '0004_predefinedbehavior_positive', '2015-11-23 18:39:18'), ('15', 'services', '0001_initial', '2015-11-23 18:39:18'), ('16', 'services', '0002_auto_20151021_2100', '2015-11-23 18:39:18'), ('17', 'services', '0003_auto_20151021_2141', '2015-11-23 18:39:19'), ('18', 'services', '0004_auto_20151021_2201', '2015-11-23 18:39:19'), ('19', 'services', '0005_auto_20151021_2235', '2015-11-23 18:39:19'), ('20', 'services', '0006_auto_20151021_2240', '2015-11-23 18:39:19'), ('21', 'services', '0007_auto_20151022_0047', '2015-11-23 18:39:19'), ('22', 'services', '0008_auto_20151022_1922', '2015-11-23 18:39:19'), ('23', 'services', '0009_auto_20151022_2027', '2015-11-23 18:39:19'), ('24', 'services', '0010_auto_20151023_2144', '2015-11-23 18:39:20'), ('25', 'services', '0011_auto_20151023_2158', '2015-11-23 18:39:20'), ('26', 'services', '0012_auto_20151028_0016', '2015-11-23 18:39:20'), ('27', 'services', '0013_auto_20151028_0018', '2015-11-23 18:39:20'), ('28', 'services', '0014_auto_20151028_2040', '2015-11-23 18:39:21'), ('29', 'services', '0015_auto_20151028_2108', '2015-11-23 18:39:21'), ('30', 'services', '0016_auto_20151028_2118', '2015-11-23 18:39:21'), ('31', 'services', '0017_auto_20151029_2241', '2015-11-23 18:39:21'), ('32', 'services', '0018_predefinedboard_behaviors', '2015-11-23 18:39:21'), ('33', 'services', '0019_auto_20151029_2247', '2015-11-23 18:39:21'), ('34', 'services', '0020_auto_20151030_1723', '2015-11-23 18:39:21'), ('35', 'services', '0021_auto_20151030_2024', '2015-11-23 18:39:21'), ('36', 'services', '0022_invite_sender', '2015-11-23 18:39:21'), ('37', 'services', '0023_invite_uuid', '2015-11-23 18:39:21'), ('38', 'services', '0024_auto_20151105_1525', '2015-11-23 18:39:21'), ('39', 'services', '0025_auto_20151111_0206', '2015-11-23 18:39:21'), ('40', 'services', '0026_auto_20151111_0218', '2015-11-23 18:39:21'), ('41', 'services', '0027_behavior_positive', '2015-11-23 18:39:22'), ('42', 'services', '0028_profile_image', '2015-11-23 18:39:22'), ('43', 'services', '0029_auto_20151112_2351', '2015-11-23 18:39:22'), ('44', 'services', '0030_tempprofileimage', '2015-11-23 18:39:22'), ('45', 'services', '0031_auto_20151113_1847', '2015-11-23 18:39:22'), ('46', 'sessions', '0001_initial', '2015-11-23 18:39:22');
COMMIT;

-- ----------------------------
--  Table structure for `django_session`
-- ----------------------------
DROP TABLE IF EXISTS `django_session`;
CREATE TABLE `django_session` (
  `session_key` varchar(40) NOT NULL,
  `session_data` longtext NOT NULL,
  `expire_date` datetime NOT NULL,
  PRIMARY KEY (`session_key`),
  KEY `django_session_de54fa62` (`expire_date`)
) ENGINE=MyISAM DEFAULT CHARSET=latin1;

-- ----------------------------
--  Records of `django_session`
-- ----------------------------
BEGIN;
INSERT INTO `django_session` VALUES ('742dg9ux1a54e8wwi2ukpepcfeyaxzys', 'YzBhYzQ5NzYxOWM0NTM2ZjFjMjQ2NzJiYzgwYWNkM2QwOGZhMTQ4YTp7Il9hdXRoX3VzZXJfaGFzaCI6IjE4MTA3ZTA2MDc1Y2IwNTI0NzU1OGVlNmYyZTdhOTg5NmRkMWZhNDciLCJfYXV0aF91c2VyX2JhY2tlbmQiOiJkamFuZ28uY29udHJpYi5hdXRoLmJhY2tlbmRzLk1vZGVsQmFja2VuZCIsIl9hdXRoX3VzZXJfaWQiOiIxIn0=', '2016-11-23 00:29:20'), ('2wockh44wdf1szprdq8dgjfb20zmape6', 'MWVjZWU2Yjk3YTljNzk4YWQxNTljMTI5MzA1NjM0NDg1NjE5MjE4Mjp7Il9hdXRoX3VzZXJfaGFzaCI6IjA1OThmZDRkNGI0ODM4N2EzNjEwOTZkYTNkZjFjOTU3NmJmNDkxODIiLCJfYXV0aF91c2VyX2lkIjoiMyIsIl9hdXRoX3VzZXJfYmFja2VuZCI6ImRqYW5nby5jb250cmliLmF1dGguYmFja2VuZHMuTW9kZWxCYWNrZW5kIn0=', '2016-11-23 00:41:11'), ('twpbd0wrd2hwefgfhq70g59o9x3u575o', 'YTU1N2NjNjgzMmY3MGRmMTI4YjcxY2NhMzIzYmE4ZDVkNGRlYzc1NDp7Il9hdXRoX3VzZXJfaGFzaCI6ImRiZDA3N2Q4OWZjNjdjNjY3ZWZjYWVjNDAzOGUxNTY1ZDkyZjJmZWQiLCJfYXV0aF91c2VyX2JhY2tlbmQiOiJkamFuZ28uY29udHJpYi5hdXRoLmJhY2tlbmRzLk1vZGVsQmFja2VuZCIsIl9hdXRoX3VzZXJfaWQiOiIyIn0=', '2016-11-23 00:30:55'), ('2tua5t4abt8qghrq17ywm0zfmsab6dha', 'YzBhYzQ5NzYxOWM0NTM2ZjFjMjQ2NzJiYzgwYWNkM2QwOGZhMTQ4YTp7Il9hdXRoX3VzZXJfaGFzaCI6IjE4MTA3ZTA2MDc1Y2IwNTI0NzU1OGVlNmYyZTdhOTg5NmRkMWZhNDciLCJfYXV0aF91c2VyX2JhY2tlbmQiOiJkamFuZ28uY29udHJpYi5hdXRoLmJhY2tlbmRzLk1vZGVsQmFja2VuZCIsIl9hdXRoX3VzZXJfaWQiOiIxIn0=', '2016-11-23 02:20:48'), ('dqlksinqx9jdk6dnj12m0hgwxzanvo9a', 'ZjlmY2FiMGUzZDllYjNiY2FiMzQ0OTNlMzRkYzIxNTMxNDc1ZDU3Nzp7Il9hdXRoX3VzZXJfaGFzaCI6IjA1OThmZDRkNGI0ODM4N2EzNjEwOTZkYTNkZjFjOTU3NmJmNDkxODIiLCJfYXV0aF91c2VyX2JhY2tlbmQiOiJkamFuZ28uY29udHJpYi5hdXRoLmJhY2tlbmRzLk1vZGVsQmFja2VuZCIsIl9hdXRoX3VzZXJfaWQiOiIzIn0=', '2016-11-23 02:27:43'), ('9ymq4s5r5nqqxitpalyfboc6051spkq5', 'ZjlmY2FiMGUzZDllYjNiY2FiMzQ0OTNlMzRkYzIxNTMxNDc1ZDU3Nzp7Il9hdXRoX3VzZXJfaGFzaCI6IjA1OThmZDRkNGI0ODM4N2EzNjEwOTZkYTNkZjFjOTU3NmJmNDkxODIiLCJfYXV0aF91c2VyX2JhY2tlbmQiOiJkamFuZ28uY29udHJpYi5hdXRoLmJhY2tlbmRzLk1vZGVsQmFja2VuZCIsIl9hdXRoX3VzZXJfaWQiOiIzIn0=', '2016-11-23 02:44:25'), ('xp2e7xhevrgzq9r5nzufk9b3d620rm19', 'ZjlmY2FiMGUzZDllYjNiY2FiMzQ0OTNlMzRkYzIxNTMxNDc1ZDU3Nzp7Il9hdXRoX3VzZXJfaGFzaCI6IjA1OThmZDRkNGI0ODM4N2EzNjEwOTZkYTNkZjFjOTU3NmJmNDkxODIiLCJfYXV0aF91c2VyX2JhY2tlbmQiOiJkamFuZ28uY29udHJpYi5hdXRoLmJhY2tlbmRzLk1vZGVsQmFja2VuZCIsIl9hdXRoX3VzZXJfaWQiOiIzIn0=', '2016-11-23 03:26:23'), ('yen2p6z7kf572j2nc9in5r29d0iq9sc9', 'M2ZkY2E5ZjhlYWI5OGYzZThlZTEyNjYyZWM5OGMxNmZmZTZjMDUzMDp7Il9hdXRoX3VzZXJfaGFzaCI6ImI1ODJlNjBmNWVkOTMyNTgxMGExNWU1ODM3ZjBkYjVjYjU5NmU5OTciLCJfYXV0aF91c2VyX2JhY2tlbmQiOiJzb2NpYWwuYmFja2VuZHMuZmFjZWJvb2suRmFjZWJvb2tPQXV0aDIiLCJfYXV0aF91c2VyX2lkIjoiNiJ9', '2016-11-23 03:27:18'), ('xta3q63064tpcme5mg0twtl4arzucme8', 'M2ZkY2E5ZjhlYWI5OGYzZThlZTEyNjYyZWM5OGMxNmZmZTZjMDUzMDp7Il9hdXRoX3VzZXJfaGFzaCI6ImI1ODJlNjBmNWVkOTMyNTgxMGExNWU1ODM3ZjBkYjVjYjU5NmU5OTciLCJfYXV0aF91c2VyX2JhY2tlbmQiOiJzb2NpYWwuYmFja2VuZHMuZmFjZWJvb2suRmFjZWJvb2tPQXV0aDIiLCJfYXV0aF91c2VyX2lkIjoiNiJ9', '2016-11-23 03:29:04'), ('q3cchfbphnv53149yf24j36uxa0mg6wc', 'ZWZmYTQwYjlhNTExNmE4Nzg1Y2UzOTAzZDcxYWVlYTQyNzE2NTYyYzp7Il9hdXRoX3VzZXJfaGFzaCI6IjM2NzZjOGFjMzYxNTZhZjgxZjljNTdjYzg0NzBkNWRiYzFlYTI3ODIiLCJfYXV0aF91c2VyX2JhY2tlbmQiOiJzb2NpYWwuYmFja2VuZHMuZmFjZWJvb2suRmFjZWJvb2tPQXV0aDIiLCJfYXV0aF91c2VyX2lkIjoiNyJ9', '2016-11-23 03:29:22'), ('ikai4n74rs8a7lxxov7o5ut2b10cnla0', 'ZWZmYTQwYjlhNTExNmE4Nzg1Y2UzOTAzZDcxYWVlYTQyNzE2NTYyYzp7Il9hdXRoX3VzZXJfaGFzaCI6IjM2NzZjOGFjMzYxNTZhZjgxZjljNTdjYzg0NzBkNWRiYzFlYTI3ODIiLCJfYXV0aF91c2VyX2JhY2tlbmQiOiJzb2NpYWwuYmFja2VuZHMuZmFjZWJvb2suRmFjZWJvb2tPQXV0aDIiLCJfYXV0aF91c2VyX2lkIjoiNyJ9', '2016-11-23 03:41:05'), ('shd82mgkoi723go9bgnwx9v8h5htlm7g', 'ZjlmY2FiMGUzZDllYjNiY2FiMzQ0OTNlMzRkYzIxNTMxNDc1ZDU3Nzp7Il9hdXRoX3VzZXJfaGFzaCI6IjA1OThmZDRkNGI0ODM4N2EzNjEwOTZkYTNkZjFjOTU3NmJmNDkxODIiLCJfYXV0aF91c2VyX2JhY2tlbmQiOiJkamFuZ28uY29udHJpYi5hdXRoLmJhY2tlbmRzLk1vZGVsQmFja2VuZCIsIl9hdXRoX3VzZXJfaWQiOiIzIn0=', '2016-11-23 03:41:28'), ('g0kctmmvno9jza2xfcz2lzkjgbsyapt0', 'ZjlmY2FiMGUzZDllYjNiY2FiMzQ0OTNlMzRkYzIxNTMxNDc1ZDU3Nzp7Il9hdXRoX3VzZXJfaGFzaCI6IjA1OThmZDRkNGI0ODM4N2EzNjEwOTZkYTNkZjFjOTU3NmJmNDkxODIiLCJfYXV0aF91c2VyX2JhY2tlbmQiOiJkamFuZ28uY29udHJpYi5hdXRoLmJhY2tlbmRzLk1vZGVsQmFja2VuZCIsIl9hdXRoX3VzZXJfaWQiOiIzIn0=', '2016-11-23 03:45:15'), ('d7or2r1ft3e959n0m1rd03y9rxihzgq3', 'ODQzNjdmNDU2MmYwYTA0M2NhNzlkMDEyNTY1MjY5ZDk1MTU5YTk1MTp7Il9hdXRoX3VzZXJfaGFzaCI6Ijg2N2Q5MTIyMzQ3NDQwOTVjOThjNTQxZjU1OTE2Y2M5NjM2Nzg1MGEiLCJfYXV0aF91c2VyX2JhY2tlbmQiOiJkamFuZ28uY29udHJpYi5hdXRoLmJhY2tlbmRzLk1vZGVsQmFja2VuZCIsIl9hdXRoX3VzZXJfaWQiOiIxMiJ9', '2016-11-23 03:48:41'), ('z0tcq0dtfuuh2xvca1tvb0lysw0f9cpu', 'ZjlmY2FiMGUzZDllYjNiY2FiMzQ0OTNlMzRkYzIxNTMxNDc1ZDU3Nzp7Il9hdXRoX3VzZXJfaGFzaCI6IjA1OThmZDRkNGI0ODM4N2EzNjEwOTZkYTNkZjFjOTU3NmJmNDkxODIiLCJfYXV0aF91c2VyX2JhY2tlbmQiOiJkamFuZ28uY29udHJpYi5hdXRoLmJhY2tlbmRzLk1vZGVsQmFja2VuZCIsIl9hdXRoX3VzZXJfaWQiOiIzIn0=', '2016-11-23 03:49:23'), ('6s17eirg1bferr7h7i75pzx9twqvxhl7', 'M2ZkY2E5ZjhlYWI5OGYzZThlZTEyNjYyZWM5OGMxNmZmZTZjMDUzMDp7Il9hdXRoX3VzZXJfaGFzaCI6ImI1ODJlNjBmNWVkOTMyNTgxMGExNWU1ODM3ZjBkYjVjYjU5NmU5OTciLCJfYXV0aF91c2VyX2JhY2tlbmQiOiJzb2NpYWwuYmFja2VuZHMuZmFjZWJvb2suRmFjZWJvb2tPQXV0aDIiLCJfYXV0aF91c2VyX2lkIjoiNiJ9', '2016-11-23 03:49:33'), ('4nwfbxfwo2vkr5b4u4s7ms5192081uxw', 'ZWZmYTQwYjlhNTExNmE4Nzg1Y2UzOTAzZDcxYWVlYTQyNzE2NTYyYzp7Il9hdXRoX3VzZXJfaGFzaCI6IjM2NzZjOGFjMzYxNTZhZjgxZjljNTdjYzg0NzBkNWRiYzFlYTI3ODIiLCJfYXV0aF91c2VyX2JhY2tlbmQiOiJzb2NpYWwuYmFja2VuZHMuZmFjZWJvb2suRmFjZWJvb2tPQXV0aDIiLCJfYXV0aF91c2VyX2lkIjoiNyJ9', '2016-11-23 03:56:36'), ('ri1n3zcv9qxlrymlq90196wjuvurx796', 'ZWZmYTQwYjlhNTExNmE4Nzg1Y2UzOTAzZDcxYWVlYTQyNzE2NTYyYzp7Il9hdXRoX3VzZXJfaGFzaCI6IjM2NzZjOGFjMzYxNTZhZjgxZjljNTdjYzg0NzBkNWRiYzFlYTI3ODIiLCJfYXV0aF91c2VyX2JhY2tlbmQiOiJzb2NpYWwuYmFja2VuZHMuZmFjZWJvb2suRmFjZWJvb2tPQXV0aDIiLCJfYXV0aF91c2VyX2lkIjoiNyJ9', '2016-11-23 03:59:49'), ('fysrwy5nrpwiquc0n7aggwed53mr5p9q', 'ZWZmYTQwYjlhNTExNmE4Nzg1Y2UzOTAzZDcxYWVlYTQyNzE2NTYyYzp7Il9hdXRoX3VzZXJfaGFzaCI6IjM2NzZjOGFjMzYxNTZhZjgxZjljNTdjYzg0NzBkNWRiYzFlYTI3ODIiLCJfYXV0aF91c2VyX2JhY2tlbmQiOiJzb2NpYWwuYmFja2VuZHMuZmFjZWJvb2suRmFjZWJvb2tPQXV0aDIiLCJfYXV0aF91c2VyX2lkIjoiNyJ9', '2016-11-23 05:00:45'), ('o3zuq9xwchg2od0micwp8oze3f7njldo', 'ZjlmY2FiMGUzZDllYjNiY2FiMzQ0OTNlMzRkYzIxNTMxNDc1ZDU3Nzp7Il9hdXRoX3VzZXJfaGFzaCI6IjA1OThmZDRkNGI0ODM4N2EzNjEwOTZkYTNkZjFjOTU3NmJmNDkxODIiLCJfYXV0aF91c2VyX2JhY2tlbmQiOiJkamFuZ28uY29udHJpYi5hdXRoLmJhY2tlbmRzLk1vZGVsQmFja2VuZCIsIl9hdXRoX3VzZXJfaWQiOiIzIn0=', '2016-11-23 05:40:08'), ('how8ahgchshjl558fo0coigd7d735f8a', 'ZjlmY2FiMGUzZDllYjNiY2FiMzQ0OTNlMzRkYzIxNTMxNDc1ZDU3Nzp7Il9hdXRoX3VzZXJfaGFzaCI6IjA1OThmZDRkNGI0ODM4N2EzNjEwOTZkYTNkZjFjOTU3NmJmNDkxODIiLCJfYXV0aF91c2VyX2JhY2tlbmQiOiJkamFuZ28uY29udHJpYi5hdXRoLmJhY2tlbmRzLk1vZGVsQmFja2VuZCIsIl9hdXRoX3VzZXJfaWQiOiIzIn0=', '2016-11-23 05:45:35'), ('tc7c4kndtporqyzoaq6gs18yawp3ihn8', 'ZWZmYTQwYjlhNTExNmE4Nzg1Y2UzOTAzZDcxYWVlYTQyNzE2NTYyYzp7Il9hdXRoX3VzZXJfaGFzaCI6IjM2NzZjOGFjMzYxNTZhZjgxZjljNTdjYzg0NzBkNWRiYzFlYTI3ODIiLCJfYXV0aF91c2VyX2JhY2tlbmQiOiJzb2NpYWwuYmFja2VuZHMuZmFjZWJvb2suRmFjZWJvb2tPQXV0aDIiLCJfYXV0aF91c2VyX2lkIjoiNyJ9', '2016-12-06 02:44:45'), ('bz2ehu7jjc78kh6u1greipv0jxdqy3sa', 'ZjlmY2FiMGUzZDllYjNiY2FiMzQ0OTNlMzRkYzIxNTMxNDc1ZDU3Nzp7Il9hdXRoX3VzZXJfaGFzaCI6IjA1OThmZDRkNGI0ODM4N2EzNjEwOTZkYTNkZjFjOTU3NmJmNDkxODIiLCJfYXV0aF91c2VyX2JhY2tlbmQiOiJkamFuZ28uY29udHJpYi5hdXRoLmJhY2tlbmRzLk1vZGVsQmFja2VuZCIsIl9hdXRoX3VzZXJfaWQiOiIzIn0=', '2016-11-23 23:21:17'), ('8i477376wpah6jh2ue2aylshot2wnmgp', 'ZjlmY2FiMGUzZDllYjNiY2FiMzQ0OTNlMzRkYzIxNTMxNDc1ZDU3Nzp7Il9hdXRoX3VzZXJfaGFzaCI6IjA1OThmZDRkNGI0ODM4N2EzNjEwOTZkYTNkZjFjOTU3NmJmNDkxODIiLCJfYXV0aF91c2VyX2JhY2tlbmQiOiJkamFuZ28uY29udHJpYi5hdXRoLmJhY2tlbmRzLk1vZGVsQmFja2VuZCIsIl9hdXRoX3VzZXJfaWQiOiIzIn0=', '2016-11-23 23:29:11'), ('ctyph8hnpd9m6ugoc8nrbilezpdkjsh2', 'ZjlmY2FiMGUzZDllYjNiY2FiMzQ0OTNlMzRkYzIxNTMxNDc1ZDU3Nzp7Il9hdXRoX3VzZXJfaGFzaCI6IjA1OThmZDRkNGI0ODM4N2EzNjEwOTZkYTNkZjFjOTU3NmJmNDkxODIiLCJfYXV0aF91c2VyX2JhY2tlbmQiOiJkamFuZ28uY29udHJpYi5hdXRoLmJhY2tlbmRzLk1vZGVsQmFja2VuZCIsIl9hdXRoX3VzZXJfaWQiOiIzIn0=', '2016-12-08 02:53:31'), ('lspsv11bglpnlg691w2u0spmubfydkgf', 'ZjlmY2FiMGUzZDllYjNiY2FiMzQ0OTNlMzRkYzIxNTMxNDc1ZDU3Nzp7Il9hdXRoX3VzZXJfaGFzaCI6IjA1OThmZDRkNGI0ODM4N2EzNjEwOTZkYTNkZjFjOTU3NmJmNDkxODIiLCJfYXV0aF91c2VyX2JhY2tlbmQiOiJkamFuZ28uY29udHJpYi5hdXRoLmJhY2tlbmRzLk1vZGVsQmFja2VuZCIsIl9hdXRoX3VzZXJfaWQiOiIzIn0=', '2016-11-24 01:39:03'), ('pvln8a716w8wnlz39ljh7e5d8hqga1pm', 'M2ZkY2E5ZjhlYWI5OGYzZThlZTEyNjYyZWM5OGMxNmZmZTZjMDUzMDp7Il9hdXRoX3VzZXJfaGFzaCI6ImI1ODJlNjBmNWVkOTMyNTgxMGExNWU1ODM3ZjBkYjVjYjU5NmU5OTciLCJfYXV0aF91c2VyX2JhY2tlbmQiOiJzb2NpYWwuYmFja2VuZHMuZmFjZWJvb2suRmFjZWJvb2tPQXV0aDIiLCJfYXV0aF91c2VyX2lkIjoiNiJ9', '2016-11-24 01:12:50'), ('xr6vznlc26wm4mbjh6x5jf3tc698am2m', 'ZjlmY2FiMGUzZDllYjNiY2FiMzQ0OTNlMzRkYzIxNTMxNDc1ZDU3Nzp7Il9hdXRoX3VzZXJfaGFzaCI6IjA1OThmZDRkNGI0ODM4N2EzNjEwOTZkYTNkZjFjOTU3NmJmNDkxODIiLCJfYXV0aF91c2VyX2JhY2tlbmQiOiJkamFuZ28uY29udHJpYi5hdXRoLmJhY2tlbmRzLk1vZGVsQmFja2VuZCIsIl9hdXRoX3VzZXJfaWQiOiIzIn0=', '2016-11-24 01:37:00'), ('7sc8bcqd33e0cdxi2c04mmk7bbc4nqrx', 'ZjlmY2FiMGUzZDllYjNiY2FiMzQ0OTNlMzRkYzIxNTMxNDc1ZDU3Nzp7Il9hdXRoX3VzZXJfaGFzaCI6IjA1OThmZDRkNGI0ODM4N2EzNjEwOTZkYTNkZjFjOTU3NmJmNDkxODIiLCJfYXV0aF91c2VyX2JhY2tlbmQiOiJkamFuZ28uY29udHJpYi5hdXRoLmJhY2tlbmRzLk1vZGVsQmFja2VuZCIsIl9hdXRoX3VzZXJfaWQiOiIzIn0=', '2016-11-24 01:41:33'), ('t244gbfs6rl24u18ddl4la6uxeh1a0a4', 'ZjlmY2FiMGUzZDllYjNiY2FiMzQ0OTNlMzRkYzIxNTMxNDc1ZDU3Nzp7Il9hdXRoX3VzZXJfaGFzaCI6IjA1OThmZDRkNGI0ODM4N2EzNjEwOTZkYTNkZjFjOTU3NmJmNDkxODIiLCJfYXV0aF91c2VyX2JhY2tlbmQiOiJkamFuZ28uY29udHJpYi5hdXRoLmJhY2tlbmRzLk1vZGVsQmFja2VuZCIsIl9hdXRoX3VzZXJfaWQiOiIzIn0=', '2016-11-24 01:44:28'), ('u0afxmftsmnvmcziky04h3nlxg34ff2t', 'ZjlmY2FiMGUzZDllYjNiY2FiMzQ0OTNlMzRkYzIxNTMxNDc1ZDU3Nzp7Il9hdXRoX3VzZXJfaGFzaCI6IjA1OThmZDRkNGI0ODM4N2EzNjEwOTZkYTNkZjFjOTU3NmJmNDkxODIiLCJfYXV0aF91c2VyX2JhY2tlbmQiOiJkamFuZ28uY29udHJpYi5hdXRoLmJhY2tlbmRzLk1vZGVsQmFja2VuZCIsIl9hdXRoX3VzZXJfaWQiOiIzIn0=', '2016-11-24 01:46:46'), ('4b13a34okemmjso87zia5k8e6lbrbwes', 'ZjlmY2FiMGUzZDllYjNiY2FiMzQ0OTNlMzRkYzIxNTMxNDc1ZDU3Nzp7Il9hdXRoX3VzZXJfaGFzaCI6IjA1OThmZDRkNGI0ODM4N2EzNjEwOTZkYTNkZjFjOTU3NmJmNDkxODIiLCJfYXV0aF91c2VyX2JhY2tlbmQiOiJkamFuZ28uY29udHJpYi5hdXRoLmJhY2tlbmRzLk1vZGVsQmFja2VuZCIsIl9hdXRoX3VzZXJfaWQiOiIzIn0=', '2016-11-24 01:56:02'), ('7exayzceojob1kwvrkvu6pd1rptlehsy', 'ZjlmY2FiMGUzZDllYjNiY2FiMzQ0OTNlMzRkYzIxNTMxNDc1ZDU3Nzp7Il9hdXRoX3VzZXJfaGFzaCI6IjA1OThmZDRkNGI0ODM4N2EzNjEwOTZkYTNkZjFjOTU3NmJmNDkxODIiLCJfYXV0aF91c2VyX2JhY2tlbmQiOiJkamFuZ28uY29udHJpYi5hdXRoLmJhY2tlbmRzLk1vZGVsQmFja2VuZCIsIl9hdXRoX3VzZXJfaWQiOiIzIn0=', '2016-11-24 01:59:39'), ('x7eehza9u6zh4ugs3c9zioeumzry7ycx', 'ZjlmY2FiMGUzZDllYjNiY2FiMzQ0OTNlMzRkYzIxNTMxNDc1ZDU3Nzp7Il9hdXRoX3VzZXJfaGFzaCI6IjA1OThmZDRkNGI0ODM4N2EzNjEwOTZkYTNkZjFjOTU3NmJmNDkxODIiLCJfYXV0aF91c2VyX2JhY2tlbmQiOiJkamFuZ28uY29udHJpYi5hdXRoLmJhY2tlbmRzLk1vZGVsQmFja2VuZCIsIl9hdXRoX3VzZXJfaWQiOiIzIn0=', '2016-11-24 02:08:57'), ('3er4v9aitq8v7q1akf8qh9skhqzkhalo', 'ZjlmY2FiMGUzZDllYjNiY2FiMzQ0OTNlMzRkYzIxNTMxNDc1ZDU3Nzp7Il9hdXRoX3VzZXJfaGFzaCI6IjA1OThmZDRkNGI0ODM4N2EzNjEwOTZkYTNkZjFjOTU3NmJmNDkxODIiLCJfYXV0aF91c2VyX2JhY2tlbmQiOiJkamFuZ28uY29udHJpYi5hdXRoLmJhY2tlbmRzLk1vZGVsQmFja2VuZCIsIl9hdXRoX3VzZXJfaWQiOiIzIn0=', '2016-11-24 02:12:20'), ('9on6xn0do96dz3ybssxopkg9v2iv5is0', 'ODQzNjdmNDU2MmYwYTA0M2NhNzlkMDEyNTY1MjY5ZDk1MTU5YTk1MTp7Il9hdXRoX3VzZXJfaGFzaCI6Ijg2N2Q5MTIyMzQ3NDQwOTVjOThjNTQxZjU1OTE2Y2M5NjM2Nzg1MGEiLCJfYXV0aF91c2VyX2JhY2tlbmQiOiJkamFuZ28uY29udHJpYi5hdXRoLmJhY2tlbmRzLk1vZGVsQmFja2VuZCIsIl9hdXRoX3VzZXJfaWQiOiIxMiJ9', '2016-12-04 01:06:54'), ('el8vitej6ipehpyqb56kpdk1vkbsrf9j', 'ZjlmY2FiMGUzZDllYjNiY2FiMzQ0OTNlMzRkYzIxNTMxNDc1ZDU3Nzp7Il9hdXRoX3VzZXJfaGFzaCI6IjA1OThmZDRkNGI0ODM4N2EzNjEwOTZkYTNkZjFjOTU3NmJmNDkxODIiLCJfYXV0aF91c2VyX2JhY2tlbmQiOiJkamFuZ28uY29udHJpYi5hdXRoLmJhY2tlbmRzLk1vZGVsQmFja2VuZCIsIl9hdXRoX3VzZXJfaWQiOiIzIn0=', '2016-11-24 02:17:46'), ('2tfxhsf8amkz9wvjd353lnzg3w70w248', 'ZjlmY2FiMGUzZDllYjNiY2FiMzQ0OTNlMzRkYzIxNTMxNDc1ZDU3Nzp7Il9hdXRoX3VzZXJfaGFzaCI6IjA1OThmZDRkNGI0ODM4N2EzNjEwOTZkYTNkZjFjOTU3NmJmNDkxODIiLCJfYXV0aF91c2VyX2JhY2tlbmQiOiJkamFuZ28uY29udHJpYi5hdXRoLmJhY2tlbmRzLk1vZGVsQmFja2VuZCIsIl9hdXRoX3VzZXJfaWQiOiIzIn0=', '2016-11-25 01:53:43'), ('5scikpt8r7j83b8eu3zt0gcce0sduhb7', 'ODQzNjdmNDU2MmYwYTA0M2NhNzlkMDEyNTY1MjY5ZDk1MTU5YTk1MTp7Il9hdXRoX3VzZXJfaGFzaCI6Ijg2N2Q5MTIyMzQ3NDQwOTVjOThjNTQxZjU1OTE2Y2M5NjM2Nzg1MGEiLCJfYXV0aF91c2VyX2JhY2tlbmQiOiJkamFuZ28uY29udHJpYi5hdXRoLmJhY2tlbmRzLk1vZGVsQmFja2VuZCIsIl9hdXRoX3VzZXJfaWQiOiIxMiJ9', '2016-12-07 03:18:51'), ('ojtt543azs463r3ktk4xddwg57fjtgwq', 'YTU1NjFhOGMwZTE4MTY4ZDBjY2VlYTNkM2E2MGQ0Y2I0NWM1OWZlMDp7Il9hdXRoX3VzZXJfaGFzaCI6IjgyMWUwOTkwMGRiNmM5N2Q1ZDVkZDRmZTA0MjFlMTc0YzEwNTYwMWEiLCJfYXV0aF91c2VyX2JhY2tlbmQiOiJkamFuZ28uY29udHJpYi5hdXRoLmJhY2tlbmRzLk1vZGVsQmFja2VuZCIsIl9hdXRoX3VzZXJfaWQiOiIxOSJ9', '2016-11-24 07:53:03'), ('niogrk6z3uhlpq53p6ppfvx8aluwml07', 'ZjlmY2FiMGUzZDllYjNiY2FiMzQ0OTNlMzRkYzIxNTMxNDc1ZDU3Nzp7Il9hdXRoX3VzZXJfaGFzaCI6IjA1OThmZDRkNGI0ODM4N2EzNjEwOTZkYTNkZjFjOTU3NmJmNDkxODIiLCJfYXV0aF91c2VyX2JhY2tlbmQiOiJkamFuZ28uY29udHJpYi5hdXRoLmJhY2tlbmRzLk1vZGVsQmFja2VuZCIsIl9hdXRoX3VzZXJfaWQiOiIzIn0=', '2016-11-30 00:47:30'), ('i3q4ucls2h5hqhq8up3igi0udwxfu79h', 'M2ZkY2E5ZjhlYWI5OGYzZThlZTEyNjYyZWM5OGMxNmZmZTZjMDUzMDp7Il9hdXRoX3VzZXJfaGFzaCI6ImI1ODJlNjBmNWVkOTMyNTgxMGExNWU1ODM3ZjBkYjVjYjU5NmU5OTciLCJfYXV0aF91c2VyX2JhY2tlbmQiOiJzb2NpYWwuYmFja2VuZHMuZmFjZWJvb2suRmFjZWJvb2tPQXV0aDIiLCJfYXV0aF91c2VyX2lkIjoiNiJ9', '2016-11-30 04:51:28'), ('bgy48w0ljnoxyg9gd3y2g9coc6cgg0v6', 'ZjlmY2FiMGUzZDllYjNiY2FiMzQ0OTNlMzRkYzIxNTMxNDc1ZDU3Nzp7Il9hdXRoX3VzZXJfaGFzaCI6IjA1OThmZDRkNGI0ODM4N2EzNjEwOTZkYTNkZjFjOTU3NmJmNDkxODIiLCJfYXV0aF91c2VyX2JhY2tlbmQiOiJkamFuZ28uY29udHJpYi5hdXRoLmJhY2tlbmRzLk1vZGVsQmFja2VuZCIsIl9hdXRoX3VzZXJfaWQiOiIzIn0=', '2016-12-07 23:28:37'), ('i668n4en33hsnhf6vz3cc68jpgqzov1q', 'MWVjZWU2Yjk3YTljNzk4YWQxNTljMTI5MzA1NjM0NDg1NjE5MjE4Mjp7Il9hdXRoX3VzZXJfaGFzaCI6IjA1OThmZDRkNGI0ODM4N2EzNjEwOTZkYTNkZjFjOTU3NmJmNDkxODIiLCJfYXV0aF91c2VyX2lkIjoiMyIsIl9hdXRoX3VzZXJfYmFja2VuZCI6ImRqYW5nby5jb250cmliLmF1dGguYmFja2VuZHMuTW9kZWxCYWNrZW5kIn0=', '2016-11-30 23:00:04'), ('a2uhunayc7d35p2qmqq3op4p23sg19se', 'Y2Q1OTQ2MjlmNmM1YzhmZmY0ZjA1NGQ2OWExNDI2NzU5NWQ5N2MzNzp7Il9hdXRoX3VzZXJfaGFzaCI6ImVjMTg0YjNiMTg0ZjY4ODMxODVkZTFiNDY3M2E4YjM5ZGI4NzhjYjYiLCJfYXV0aF91c2VyX2JhY2tlbmQiOiJkamFuZ28uY29udHJpYi5hdXRoLmJhY2tlbmRzLk1vZGVsQmFja2VuZCIsIl9hdXRoX3VzZXJfaWQiOiIyOCJ9', '2016-12-03 23:13:16'), ('25612zwfbtl0o7ikw9qs35z9dd772kd4', 'ZjlmY2FiMGUzZDllYjNiY2FiMzQ0OTNlMzRkYzIxNTMxNDc1ZDU3Nzp7Il9hdXRoX3VzZXJfaGFzaCI6IjA1OThmZDRkNGI0ODM4N2EzNjEwOTZkYTNkZjFjOTU3NmJmNDkxODIiLCJfYXV0aF91c2VyX2JhY2tlbmQiOiJkamFuZ28uY29udHJpYi5hdXRoLmJhY2tlbmRzLk1vZGVsQmFja2VuZCIsIl9hdXRoX3VzZXJfaWQiOiIzIn0=', '2016-12-04 03:20:04'), ('iy9a8uhy0qlkkgbjj3upfzvdjxcislno', 'ZjlmY2FiMGUzZDllYjNiY2FiMzQ0OTNlMzRkYzIxNTMxNDc1ZDU3Nzp7Il9hdXRoX3VzZXJfaGFzaCI6IjA1OThmZDRkNGI0ODM4N2EzNjEwOTZkYTNkZjFjOTU3NmJmNDkxODIiLCJfYXV0aF91c2VyX2JhY2tlbmQiOiJkamFuZ28uY29udHJpYi5hdXRoLmJhY2tlbmRzLk1vZGVsQmFja2VuZCIsIl9hdXRoX3VzZXJfaWQiOiIzIn0=', '2016-12-07 07:41:13'), ('46m50s4uw3ycb2p54slrqwzi81m4nnrh', 'ZWZmYTQwYjlhNTExNmE4Nzg1Y2UzOTAzZDcxYWVlYTQyNzE2NTYyYzp7Il9hdXRoX3VzZXJfaGFzaCI6IjM2NzZjOGFjMzYxNTZhZjgxZjljNTdjYzg0NzBkNWRiYzFlYTI3ODIiLCJfYXV0aF91c2VyX2JhY2tlbmQiOiJzb2NpYWwuYmFja2VuZHMuZmFjZWJvb2suRmFjZWJvb2tPQXV0aDIiLCJfYXV0aF91c2VyX2lkIjoiNyJ9', '2016-12-07 21:01:26'), ('k60b2zbj27nug65ifsvptc360suo88ht', 'ODQzNjdmNDU2MmYwYTA0M2NhNzlkMDEyNTY1MjY5ZDk1MTU5YTk1MTp7Il9hdXRoX3VzZXJfaGFzaCI6Ijg2N2Q5MTIyMzQ3NDQwOTVjOThjNTQxZjU1OTE2Y2M5NjM2Nzg1MGEiLCJfYXV0aF91c2VyX2JhY2tlbmQiOiJkamFuZ28uY29udHJpYi5hdXRoLmJhY2tlbmRzLk1vZGVsQmFja2VuZCIsIl9hdXRoX3VzZXJfaWQiOiIxMiJ9', '2016-12-06 21:23:11'), ('q1h3zt3t7itsmv5ifarfyadqee7kvsdt', 'M2ZkY2E5ZjhlYWI5OGYzZThlZTEyNjYyZWM5OGMxNmZmZTZjMDUzMDp7Il9hdXRoX3VzZXJfaGFzaCI6ImI1ODJlNjBmNWVkOTMyNTgxMGExNWU1ODM3ZjBkYjVjYjU5NmU5OTciLCJfYXV0aF91c2VyX2JhY2tlbmQiOiJzb2NpYWwuYmFja2VuZHMuZmFjZWJvb2suRmFjZWJvb2tPQXV0aDIiLCJfYXV0aF91c2VyX2lkIjoiNiJ9', '2016-12-06 21:24:52'), ('nd07jzbwgkbd302zic5lehujoy4na8zq', 'ZWZmYTQwYjlhNTExNmE4Nzg1Y2UzOTAzZDcxYWVlYTQyNzE2NTYyYzp7Il9hdXRoX3VzZXJfaGFzaCI6IjM2NzZjOGFjMzYxNTZhZjgxZjljNTdjYzg0NzBkNWRiYzFlYTI3ODIiLCJfYXV0aF91c2VyX2JhY2tlbmQiOiJzb2NpYWwuYmFja2VuZHMuZmFjZWJvb2suRmFjZWJvb2tPQXV0aDIiLCJfYXV0aF91c2VyX2lkIjoiNyJ9', '2016-12-07 02:30:47'), ('6q7lrnyvq5y97c3ahvl115q6pk37mnfn', 'ODQzNjdmNDU2MmYwYTA0M2NhNzlkMDEyNTY1MjY5ZDk1MTU5YTk1MTp7Il9hdXRoX3VzZXJfaGFzaCI6Ijg2N2Q5MTIyMzQ3NDQwOTVjOThjNTQxZjU1OTE2Y2M5NjM2Nzg1MGEiLCJfYXV0aF91c2VyX2JhY2tlbmQiOiJkamFuZ28uY29udHJpYi5hdXRoLmJhY2tlbmRzLk1vZGVsQmFja2VuZCIsIl9hdXRoX3VzZXJfaWQiOiIxMiJ9', '2016-12-07 19:23:37'), ('9ftjncdqvw7y4j425r01s3px1p44xwsu', 'M2ZkY2E5ZjhlYWI5OGYzZThlZTEyNjYyZWM5OGMxNmZmZTZjMDUzMDp7Il9hdXRoX3VzZXJfaGFzaCI6ImI1ODJlNjBmNWVkOTMyNTgxMGExNWU1ODM3ZjBkYjVjYjU5NmU5OTciLCJfYXV0aF91c2VyX2JhY2tlbmQiOiJzb2NpYWwuYmFja2VuZHMuZmFjZWJvb2suRmFjZWJvb2tPQXV0aDIiLCJfYXV0aF91c2VyX2lkIjoiNiJ9', '2016-12-07 19:26:49'), ('ymk68tyfqbvtf9mjwlz9c3gypxz9jxqc', 'M2ZkY2E5ZjhlYWI5OGYzZThlZTEyNjYyZWM5OGMxNmZmZTZjMDUzMDp7Il9hdXRoX3VzZXJfaGFzaCI6ImI1ODJlNjBmNWVkOTMyNTgxMGExNWU1ODM3ZjBkYjVjYjU5NmU5OTciLCJfYXV0aF91c2VyX2JhY2tlbmQiOiJzb2NpYWwuYmFja2VuZHMuZmFjZWJvb2suRmFjZWJvb2tPQXV0aDIiLCJfYXV0aF91c2VyX2lkIjoiNiJ9', '2016-12-07 21:06:25'), ('y13ay1e0oxb6pz997vfegdakc38zj0dg', 'ODQzNjdmNDU2MmYwYTA0M2NhNzlkMDEyNTY1MjY5ZDk1MTU5YTk1MTp7Il9hdXRoX3VzZXJfaGFzaCI6Ijg2N2Q5MTIyMzQ3NDQwOTVjOThjNTQxZjU1OTE2Y2M5NjM2Nzg1MGEiLCJfYXV0aF91c2VyX2JhY2tlbmQiOiJkamFuZ28uY29udHJpYi5hdXRoLmJhY2tlbmRzLk1vZGVsQmFja2VuZCIsIl9hdXRoX3VzZXJfaWQiOiIxMiJ9', '2016-12-07 21:07:20'), ('v94zbatfr102y5i34b1q7wy1wv1esr18', 'YzBhYzQ5NzYxOWM0NTM2ZjFjMjQ2NzJiYzgwYWNkM2QwOGZhMTQ4YTp7Il9hdXRoX3VzZXJfaGFzaCI6IjE4MTA3ZTA2MDc1Y2IwNTI0NzU1OGVlNmYyZTdhOTg5NmRkMWZhNDciLCJfYXV0aF91c2VyX2JhY2tlbmQiOiJkamFuZ28uY29udHJpYi5hdXRoLmJhY2tlbmRzLk1vZGVsQmFja2VuZCIsIl9hdXRoX3VzZXJfaWQiOiIxIn0=', '2016-12-07 21:47:12'), ('pk3cp9mg87kyxuc7qvoljbur4wz244ap', 'NTI4Mzk1OTA4MGI3NmViYmM0ZjE2YTY1ZDI5OGY5MTA0ZDc5N2RiOTp7Il9hdXRoX3VzZXJfaGFzaCI6IjlmMzcyMzU0NWIxOTYwZWEwNDkzZWY2YTVkZjEzZTdmNDE1ODFmNGUiLCJfYXV0aF91c2VyX2JhY2tlbmQiOiJzb2NpYWwuYmFja2VuZHMuZmFjZWJvb2suRmFjZWJvb2tPQXV0aDIiLCJfYXV0aF91c2VyX2lkIjoiNDAifQ==', '2016-12-07 21:55:03'), ('mdxa6bft86pqqp7dvttnlt067s7795fu', 'Y2YxMzg5MWJhM2Q2NGM4NjQxNWNmYWJmNDBkYTkwZjI3YzQ4OGM4YTp7Il9hdXRoX3VzZXJfaGFzaCI6IjYyNDhkNDg5ZWFlNjZjODFkMmQ0NGVjNmJhOGFkYTYxNGM2NWQ1ZDgiLCJfYXV0aF91c2VyX2JhY2tlbmQiOiJkamFuZ28uY29udHJpYi5hdXRoLmJhY2tlbmRzLk1vZGVsQmFja2VuZCIsIl9hdXRoX3VzZXJfaWQiOiI0NSJ9', '2016-12-07 22:20:55'), ('g3rxqlf3u6vofyqgnbxs9jdmqvfaf2mz', 'ZjlmY2FiMGUzZDllYjNiY2FiMzQ0OTNlMzRkYzIxNTMxNDc1ZDU3Nzp7Il9hdXRoX3VzZXJfaGFzaCI6IjA1OThmZDRkNGI0ODM4N2EzNjEwOTZkYTNkZjFjOTU3NmJmNDkxODIiLCJfYXV0aF91c2VyX2JhY2tlbmQiOiJkamFuZ28uY29udHJpYi5hdXRoLmJhY2tlbmRzLk1vZGVsQmFja2VuZCIsIl9hdXRoX3VzZXJfaWQiOiIzIn0=', '2016-12-08 01:09:37'), ('xxvvpvc5o7b6rhel66bobe83q5se1406', 'NmRlYWM1YjgwNjU0ZWNlMzY5YmVlYWNjN2RmZjhlNDdjNWRjNjNmZjp7Il9hdXRoX3VzZXJfaGFzaCI6ImJjOTUyM2NlOWE2MzNjNTQ2NDUzOGJhNjgwNTkxNTUzZmFjODlmZjEiLCJfYXV0aF91c2VyX2JhY2tlbmQiOiJkamFuZ28uY29udHJpYi5hdXRoLmJhY2tlbmRzLk1vZGVsQmFja2VuZCIsIl9hdXRoX3VzZXJfaWQiOiIzOSJ9', '2016-12-08 00:11:23'), ('wwrjbuq4nv657wmo4kpkgesxvd47ktkv', 'ZWZmYTQwYjlhNTExNmE4Nzg1Y2UzOTAzZDcxYWVlYTQyNzE2NTYyYzp7Il9hdXRoX3VzZXJfaGFzaCI6IjM2NzZjOGFjMzYxNTZhZjgxZjljNTdjYzg0NzBkNWRiYzFlYTI3ODIiLCJfYXV0aF91c2VyX2JhY2tlbmQiOiJzb2NpYWwuYmFja2VuZHMuZmFjZWJvb2suRmFjZWJvb2tPQXV0aDIiLCJfYXV0aF91c2VyX2lkIjoiNyJ9', '2016-12-08 00:27:45'), ('18t0naks2vzo5skjxfu69gkmi1tyadps', 'Y2YxMzg5MWJhM2Q2NGM4NjQxNWNmYWJmNDBkYTkwZjI3YzQ4OGM4YTp7Il9hdXRoX3VzZXJfaGFzaCI6IjYyNDhkNDg5ZWFlNjZjODFkMmQ0NGVjNmJhOGFkYTYxNGM2NWQ1ZDgiLCJfYXV0aF91c2VyX2JhY2tlbmQiOiJkamFuZ28uY29udHJpYi5hdXRoLmJhY2tlbmRzLk1vZGVsQmFja2VuZCIsIl9hdXRoX3VzZXJfaWQiOiI0NSJ9', '2016-12-08 01:41:39'), ('riwyaw0tyr76glw2bixucwechfh0d6fa', 'NTI4Mzk1OTA4MGI3NmViYmM0ZjE2YTY1ZDI5OGY5MTA0ZDc5N2RiOTp7Il9hdXRoX3VzZXJfaGFzaCI6IjlmMzcyMzU0NWIxOTYwZWEwNDkzZWY2YTVkZjEzZTdmNDE1ODFmNGUiLCJfYXV0aF91c2VyX2JhY2tlbmQiOiJzb2NpYWwuYmFja2VuZHMuZmFjZWJvb2suRmFjZWJvb2tPQXV0aDIiLCJfYXV0aF91c2VyX2lkIjoiNDAifQ==', '2016-12-08 01:42:03'), ('w4awa4pyodix61apb19dihdj1j38ct7h', 'ZjEzZmVlNWFhZTBhZDJmYzRiMDlhYWZjYmNlNzY4MjcwMDBkNWNmYTp7Il9hdXRoX3VzZXJfaGFzaCI6ImQxY2MyYjYxYmVlM2M4NmMwYzI2YWMwNjBlZDU3NDBiYTZjMjBkYjQiLCJfYXV0aF91c2VyX2JhY2tlbmQiOiJkamFuZ28uY29udHJpYi5hdXRoLmJhY2tlbmRzLk1vZGVsQmFja2VuZCIsIl9hdXRoX3VzZXJfaWQiOiI0NiJ9', '2016-12-08 02:59:25'), ('vju9kbk960q8h7ilnyfbyl4d20bwtc20', 'ZjlmY2FiMGUzZDllYjNiY2FiMzQ0OTNlMzRkYzIxNTMxNDc1ZDU3Nzp7Il9hdXRoX3VzZXJfaGFzaCI6IjA1OThmZDRkNGI0ODM4N2EzNjEwOTZkYTNkZjFjOTU3NmJmNDkxODIiLCJfYXV0aF91c2VyX2JhY2tlbmQiOiJkamFuZ28uY29udHJpYi5hdXRoLmJhY2tlbmRzLk1vZGVsQmFja2VuZCIsIl9hdXRoX3VzZXJfaWQiOiIzIn0=', '2016-12-08 22:07:49'), ('ehkzhze455pdfsqqrk8wj2zflwud7t1w', 'ZjlmY2FiMGUzZDllYjNiY2FiMzQ0OTNlMzRkYzIxNTMxNDc1ZDU3Nzp7Il9hdXRoX3VzZXJfaGFzaCI6IjA1OThmZDRkNGI0ODM4N2EzNjEwOTZkYTNkZjFjOTU3NmJmNDkxODIiLCJfYXV0aF91c2VyX2JhY2tlbmQiOiJkamFuZ28uY29udHJpYi5hdXRoLmJhY2tlbmRzLk1vZGVsQmFja2VuZCIsIl9hdXRoX3VzZXJfaWQiOiIzIn0=', '2016-12-08 12:19:38'), ('c5inad7n4jjt5avisdl76mgnu1rncub9', 'Y2YxMzg5MWJhM2Q2NGM4NjQxNWNmYWJmNDBkYTkwZjI3YzQ4OGM4YTp7Il9hdXRoX3VzZXJfaGFzaCI6IjYyNDhkNDg5ZWFlNjZjODFkMmQ0NGVjNmJhOGFkYTYxNGM2NWQ1ZDgiLCJfYXV0aF91c2VyX2JhY2tlbmQiOiJkamFuZ28uY29udHJpYi5hdXRoLmJhY2tlbmRzLk1vZGVsQmFja2VuZCIsIl9hdXRoX3VzZXJfaWQiOiI0NSJ9', '2016-12-08 22:30:59'), ('zagmq3aeyfinx3e1dybv9sgd7synujl9', 'NTI4Mzk1OTA4MGI3NmViYmM0ZjE2YTY1ZDI5OGY5MTA0ZDc5N2RiOTp7Il9hdXRoX3VzZXJfaGFzaCI6IjlmMzcyMzU0NWIxOTYwZWEwNDkzZWY2YTVkZjEzZTdmNDE1ODFmNGUiLCJfYXV0aF91c2VyX2JhY2tlbmQiOiJzb2NpYWwuYmFja2VuZHMuZmFjZWJvb2suRmFjZWJvb2tPQXV0aDIiLCJfYXV0aF91c2VyX2lkIjoiNDAifQ==', '2016-12-08 22:31:22');
COMMIT;

-- ----------------------------
--  Table structure for `predefinedboards_predefinedbehavior`
-- ----------------------------
DROP TABLE IF EXISTS `predefinedboards_predefinedbehavior`;
CREATE TABLE `predefinedboards_predefinedbehavior` (
  `id` int(11) NOT NULL AUTO_INCREMENT,
  `title` varchar(128) NOT NULL,
  `uuid` varchar(64) NOT NULL,
  `positive` tinyint(1) NOT NULL,
  PRIMARY KEY (`id`)
) ENGINE=InnoDB AUTO_INCREMENT=808 DEFAULT CHARSET=latin1;

-- ----------------------------
--  Records of `predefinedboards_predefinedbehavior`
-- ----------------------------
BEGIN;
INSERT INTO `predefinedboards_predefinedbehavior` VALUES ('555', 'Being helpful', 'dfff8d37-8578-4ff0-938d-1c86b64fad05', '1'), ('556', 'First-time listening', '973e3b42-3bc0-4606-a3ca-3d52ace369a4', '1'), ('557', 'Following directions ', 'bdeb2919-49be-46e5-8fad-ac7580632d8c', '1'), ('558', 'Sharing', '5f630c55-7446-4f06-9f7c-43c4946462a0', '1'), ('559', 'Cooperating', 'deedf172-bc5a-49c8-9134-045b399b5ffd', '1'), ('560', 'Using indoor voice', 'e1f3184a-218e-4957-8aa1-d7e915232732', '1'), ('561', 'Being brave', '2b51afba-3091-4f25-b896-8c3f1a72c4b2', '1'), ('562', 'Making good choices', 'a2f64d7b-1b49-4119-a393-b988fbabe9a8', '1'), ('563', 'Self-starting', '2ae1a9ec-d4a2-4645-a8aa-cc3e3aaa6fcd', '1'), ('564', 'Ready to go', 'cb410eb9-6a3c-4d4a-9415-31f7f56ca503', '1'), ('565', 'Trying something new', 'e0200957-8aaf-4a63-b46d-413bb4f89d7e', '1'), ('566', 'Being persistent', 'ab4bb9de-ea14-4b1c-9e02-4f7bb43f26f0', '1'), ('567', 'Using juicy words', 'a8487e34-5ed7-4c9c-8bf0-7d6ae568695b', '1'), ('568', 'Encouraging others', '06e25a3c-7f15-4394-af35-6fa53d7e33b5', '1'), ('569', 'Eating well', 'fd6cab02-97fd-4430-9c18-fe0d1e91bffc', '1'), ('570', 'Saying \"Please\" or \"Thank You!\"', 'd15379c3-dbd7-40db-a9ea-1e26353f9897', '1'), ('571', 'Using polite language', '9cc451dc-b318-4577-bba5-4a481e68e048', '1'), ('572', 'Greeting someone nicely', '13a8fadd-70ee-4392-9a8c-cc6dde49cc86', '1'), ('573', 'Behaving in public', 'a8bf291f-6ff0-473d-8550-feebea7c35bb', '1'), ('574', 'Using good table manners', '8c458731-9438-4747-a821-698ceeab1bd8', '1'), ('575', 'Doing homework', '7c3a86b8-77ed-4c43-9593-179f9902c15e', '1'), ('576', 'Doing chores', '584c9ff8-6dee-410e-bf7f-15588566031a', '1'), ('577', 'Clearing table', 'af52c3e5-5712-48a4-a652-62cc770a2c8a', '1'), ('578', 'Making bed', '6f9cf7ea-f379-4413-a498-0a92f54f2fc2', '1'), ('579', 'Picking up or putting away', '6dc72d10-1aa8-4326-a7f2-ccd89bc6b3cb', '1'), ('580', 'Brushing teeth', '13f4f5f6-87b6-4271-9296-b166ceed8422', '1'), ('581', 'Combing hair', 'fc4107cb-ca0b-4abe-a3aa-cec0a9031b92', '1'), ('582', 'Washing up or bathing', '82d9cb23-3824-40d7-9884-4659d5949186', '1'), ('583', 'Conserving resources', '43f46e29-ae65-4061-adde-eaf7ae833b2b', '1'), ('584', 'Disobeying', 'c3c1831b-30d9-40dd-9239-8215e6ca7fa8', '0'), ('585', 'Throwing a fit', '84ddf489-6c3b-463c-9a7e-24b49e10691f', '0'), ('586', 'Kicking or hitting', '297f6386-57f7-4988-858e-42b513040db7', '0'), ('587', 'Hurting someone', '6453fa9d-477e-43ce-8edd-837bcefc28ca', '0'), ('588', 'Yelling or screaming', 'efa40b65-dee4-4608-a508-ebb1c67b0f77', '0'), ('589', 'Not thinking it through', '4f43bc89-ce42-4b3d-9c30-8e2858393930', '0'), ('590', 'Being dishonest', 'f6278341-cb29-4e59-b9fb-a33ccfab0ade', '0'), ('591', 'Being mean', '0f748032-c435-4c29-85d9-62a76a88d1a2', '0'), ('592', 'Name calling', '89e17498-1115-4d8c-99cb-e37f9cce4ab5', '0'), ('593', 'Teasing', 'af6092c0-a7fe-47a4-ac06-793cf3954a44', '0'), ('594', 'Being disrespectful', '01aa2f28-1580-4d25-a53e-d95544e55c8b', '0'), ('595', 'Discouraging someone', '10ac0a99-2ffc-4513-9bb0-c8217d3a152d', '0'), ('596', 'Refusing to eat properly', 'b364a1f3-cacc-4653-abeb-006d7d840c7e', '0'), ('597', 'Being rude', '06cfb91a-a09a-4fd3-95fd-f953fbeb8cda', '0'), ('598', 'Interrupting', '2c352fa2-b046-46c9-8515-a48dcb6bcbf7', '0'), ('599', 'Behaving poorly at the table', '976709e3-610d-47a6-978c-6124be9f57f8', '0'), ('600', 'Cursing', '48fe41ab-8f60-423f-af68-346952051b56', '0'), ('601', 'Talking back', '1388a19e-d3c0-4f5c-807a-d980220e4d02', '0'), ('602', 'Not doing homework', '7af39322-f221-4c5a-aa2f-696b611718ef', '0'), ('603', 'Leaving a mess', 'd0c4174c-4f25-4442-8f09-d10d24fc53f4', '0'), ('604', 'Not being ready on time', '4576fda1-3c0b-42f9-973a-c0bf8db22e34', '0'), ('605', 'Not washing or brushing teeth', 'ad917a9d-a579-4580-a61d-adced54048c5', '0'), ('606', 'Wasting resources', 'dca23ddd-2a6a-4871-a6ef-c5eb099ebdd4', '0'), ('607', 'Cleaning up a room', 'f9c9f86b-18ae-4e80-be69-09e4872279cf', '1'), ('608', 'Doing laundry', '15f72b07-19e6-4e07-9178-9e91c0161c7d', '1'), ('609', 'Putting away clothes', '9c30c721-80d2-423b-a7c8-990a45035ffb', '1'), ('610', 'Vacuuming', '80a38dee-f28b-420d-a77a-0d497d079c18', '1'), ('611', 'Taking out trash', '62a5efe3-ebe8-4b14-885f-b41fb1b8fc7d', '1'), ('612', 'Mowing lawn', '3ac56587-78ae-4fd0-9648-09ff788fa39c', '1'), ('613', 'Raking leaves', '3760fba3-f6db-4e7a-8cff-1ca77e000aea', '1'), ('614', 'Cleaning up yard', 'a940967b-b7b1-4bc6-82d0-70f212c6b1f3', '1'), ('615', 'Sweeping up', 'd97a8e89-4289-4865-b6c8-164d4713bf16', '1'), ('616', 'Watering plants', 'a3027653-158c-4cee-a720-2fe642717e32', '1'), ('617', 'Shoveling snow', '217b8bf7-eeba-44d2-8220-68707e85b20a', '1'), ('618', 'Making breakfast', '46f8865c-88b7-4c3d-b065-2f94547ae296', '1'), ('619', 'Making lunch', 'f07de5f7-2f07-418a-a6ce-4ed132d32ae1', '1'), ('620', 'Making dinner', '72145230-7c0d-402c-a0e7-45c5414ab4eb', '1'), ('621', 'Setting the table', '5b6e3a6b-3458-4961-bc7f-d462b7c8b215', '1'), ('622', 'Clearing the table', '9105ea99-15c0-4e7b-9166-ad5fc70c8152', '1'), ('623', 'Washing/Drying dishes', '988865c1-1831-4d4b-98a0-04367d2e1a79', '1'), ('624', 'Putting away dishes', '8856958a-e424-4f0e-885b-85a7499b94dc', '1'), ('625', 'Feeding pet', 'b85c6101-1e8f-4698-bc75-aa282b1dcd0e', '1'), ('626', 'Giving water to pet', '45012238-0838-4ef5-8244-fc36ad554cc5', '1'), ('627', 'Cleaning litter box or droppings', '75e5c7d6-1726-4f8b-bf37-4233940d70ac', '1'), ('628', 'Grooming pet', '1893e553-ce07-4b62-b11f-bf321a25cb62', '1'), ('629', 'Clipping nails', '7500f4b4-7fb7-4554-8088-4aa46a0f10eb', '1'), ('630', 'Walking pet', '64420fb9-6c7a-45ae-b36f-3f3a30dd0685', '1'), ('631', 'Washing pet', 'e1d148cb-5cd4-40fd-8880-c844f365a044', '1'), ('632', 'Refusing to make bed', '814dcf23-068a-4d98-88b5-111ac03597ff', '0'), ('633', 'Letting room be a mess', '1dfc54a3-3d10-4a03-9ac2-74c3ea560ee9', '0'), ('634', 'Leaving laundry for others', '4b52565b-4775-4863-85a2-55a1bce6927a', '0'), ('635', 'Throwing clothes on the floor', 'f749d225-e97e-4ccd-8d07-770e0b9e647e', '0'), ('636', 'Letting trash pile up', 'ff847765-7a52-4908-babf-ceea59e28439', '0'), ('637', 'Skipping yard chores', '4ba7d134-232d-420b-9c56-827fcbe520ac', '0'), ('638', 'Leaving a mess outside', 'af173e65-3d7e-432b-b89f-e553b7fd0838', '0'), ('639', 'Letting leaves pile up', 'd6689639-323a-4c92-9f08-014441b47994', '0'), ('640', 'Letting plants wilt', '59a7f1d9-8be3-40ef-b3c0-d17d3187ea3b', '0'), ('641', 'Not helping with assigned meals', 'b8d5101b-74c2-4f7a-ae14-d4c8cbf04af4', '0'), ('642', 'Refusing to help set table', '4ad2bd5d-989c-4b6b-aba7-5f06623b5fdb', '0'), ('643', 'Leaving plates on the table', 'e9029b99-1c0a-412d-b595-78846b08f1d7', '0'), ('644', 'Leaving dishes in the sink', '25ce5462-079f-41ff-ba5a-52a72f339f5c', '0'), ('645', 'Leaving dishes in dishwasher', '6cfa143b-f879-4a52-a978-629f1aee844c', '0'), ('646', 'Forgetting to feed pet', '6f42665c-a0f6-4e2a-bf94-827b5673ae6d', '0'), ('647', 'Letting water get dirty or empty', '47077603-a916-4c30-a134-5e38243910d9', '0'), ('648', 'Ignoring dirty litter box or droppings', '7551b374-eeff-4eaa-ad80-bea997461989', '0'), ('649', 'Letting pet get dirty or smelly', 'd47048cf-6f05-41df-a432-613a46e3a03a', '0'), ('650', 'Not playing with or exercising pet', '00b3e591-68fa-4de8-8aa0-b2039128a10f', '0'), ('651', 'Using inside voice', '96c6d916-603c-4de8-aa77-d45bc41943cb', '1'), ('652', 'Asking for permission', 'ab777804-e337-4bd8-915d-c18fd3a742c3', '1'), ('653', 'Sharing or taking turns', '895d9155-192d-4ed9-8173-4998a8eabb7c', '1'), ('654', 'Offering to help', 'ca6ba34c-ee1e-4394-b6b7-cc452ae7c717', '1'), ('655', 'Practicing eye contact', 'c58aeb12-8597-41a4-b416-aadd3f577c91', '1'), ('656', 'Showing good sportsmanship', '92e34e83-feef-4c52-bc1f-e19f4287246b', '1'), ('657', 'Saying \"Please!\"', 'd9fe3e5c-301f-4390-b342-b03420810d98', '1'), ('658', 'Saying \"Thank You!\"', 'd4edd5d0-86a6-4260-a053-7899a9a13b52', '1'), ('659', 'Saying \"You\'re Welcome!\"', 'ed198c52-d64f-479b-929f-b9e36c10ba53', '1'), ('660', 'Saying \"Excuse Me!\"', 'f1405478-5578-4059-b7df-03debf15d885', '1'), ('661', 'Asking \"How are you?\"', '0711f9a1-6594-40f6-bd5e-3f2a1d33924c', '1'), ('662', 'Wishing \"Good morniing or night\"', '2d8ecbf6-1779-4b06-b530-02840fc99a6c', '1'), ('663', 'Thinking about how others feel', '7f180d75-152f-4c15-a82a-b4048bd1dfb8', '1'), ('664', 'Respecting the space of others', '91028704-0431-4186-9e32-a6ad26f5995b', '1'), ('665', 'Letting others go first', '507462b3-8244-4625-a205-bcbe66de4c05', '1'), ('666', 'Showing appreciation', '1085446a-e1da-4ea5-93a7-a558a4fb662b', '1'), ('667', 'Giving compliments', '7af418e5-4a86-4f82-bcfe-6d0c2dcd8ff5', '1'), ('668', 'Not leaving a mess for others', '59232dfc-4383-4c3a-a912-6c1434b8e698', '1'), ('669', 'Covering mouth when coughing', '8092c0e1-a26c-4da1-bfb4-e2bc5f7a64a6', '1'), ('670', 'Sitting properly at table', '5e45a122-a1f7-4624-99df-59c5215e905b', '1'), ('671', 'Using utensils properly', 'a00dae12-55ac-4698-921d-ff625093aa30', '1'), ('672', 'Chewing with mouth closed', 'aa954a9f-aad0-4b2e-b5a0-c99060b041ed', '1'), ('673', 'Using napkin', '0ebd25b4-6278-48a9-964a-b65e9f92a250', '1'), ('674', 'Eathing everything on plate', 'ae0de53b-9bd5-4c68-a03a-f99daad511af', '1'), ('675', 'Asking instead of reaching', '06f3c9f5-3d56-4522-940b-cfe727178d8e', '1'), ('676', 'Yelling, screaming or whining', 'c1b260f6-7137-4bc7-b823-e34053767441', '0'), ('677', 'Grabbing or taking', '6e83f01d-2ec9-4a0c-be2f-def6d8bf8c2e', '0'), ('678', 'Being selfish', 'c3b1edf0-6feb-4455-b610-507ef8e50093', '0'), ('679', 'Refusing to help', 'bf0a9ee8-cb30-4e8a-a640-759526c253cd', '0'), ('680', 'Behaving poorly in public', '9acf9e7c-76e1-48c7-b93e-09a1bba8ee83', '0'), ('681', 'Using put downs', '1042af7e-2363-46f6-8fa4-14bbd1e2d256', '0'), ('682', 'Spreading rumors or gossip', 'c8dca2f1-6a28-4459-8b2b-31270f590844', '0'), ('683', 'Coughing on someone', '7c8f4869-5585-420a-9023-5ae1deaa8e04', '0'), ('684', 'Putting feet on seats', 'efcf560c-b6d3-4df6-aed4-d9489341719f', '0'), ('685', 'Littering', 'a0a80ab2-08e3-4837-9479-dcca4da37407', '0'), ('686', 'Eating with fingers', 'f31af69d-6d40-4a5b-b27a-10d3d87c1bfe', '0'), ('687', 'Playing with food or drink', 'c480fbf0-f044-422a-bca3-364e4aaae0ea', '0'), ('688', 'Reaching', '6c306ceb-fad4-451a-8878-161b9e75e5eb', '0'), ('689', 'Being too loud', '561f752f-fdec-49dd-8ce8-434c9278ea04', '0'), ('690', 'Not staying in seat', 'a200c784-30a2-4d2c-a9fe-155e2cce96b9', '0'), ('691', 'Using gadgets at table', '10db8eba-e243-47ca-8490-09bdb06abf8c', '0'), ('692', 'Behaving while traveling', '860dc6b4-18ed-4e77-b27a-b5d6699246ef', '1'), ('693', 'Respecting different rules', '8640d44a-b368-41bd-a2de-4e9831c7b534', '1'), ('694', 'Being open to new things', 'dc9141dd-a34b-4378-81ad-ea058698ea2e', '1'), ('695', 'Staying calm and close by', 'e8737dcb-a1d7-4e96-85c0-b40e65f95531', '1'), ('696', 'Listening to others', '27ed8fcc-dc3a-4576-a079-525d5c41bc7b', '1'), ('697', 'Not running', 'f3019213-6793-49b5-b81c-cf9dbd355395', '1'), ('698', 'Using social voices', 'f865d6bb-a70e-4463-b2c3-b384bd1175b5', '1'), ('699', 'Being ready to go', 'b981a6b4-d31d-4425-8b7d-66166d2dc47e', '1'), ('700', 'Following instructions', '4eabef9b-5fb0-46ca-917b-b3c3cd9f3694', '1'), ('701', 'Eating properly', '38e3d3e0-f195-4db9-8ef8-7b944c2b17f9', '1'), ('702', 'Greeting people nicely', '717e3213-a81d-43f3-a1df-5cd0da1ea023', '1'), ('703', 'Holding doors for people', '4f8728c8-44cb-42f5-a930-3e22718268d3', '1'), ('704', 'Thanking our hosts', '61c0211e-7a8e-4346-8400-c5d3e513e26e', '1'), ('705', 'Respecting adults', 'cd876e93-6a25-4596-8c1c-89cefa68beee', '1'), ('706', 'Using proper table manners', '7e384f51-8b89-49c9-a77e-c7a05ac643e5', '1'), ('707', 'Going to bed on time', '89160801-ff05-4f9f-91a6-5800d342b0d6', '1'), ('708', 'Taking baths', '7b68e76e-a0bd-4d81-bf08-6659f2cf7306', '1'), ('709', 'Keeping a routine', '211a359a-eb40-41c1-b99b-5aaeafc127b6', '1'), ('710', 'Keeping things organized', 'bef11231-b40a-4e3f-932a-0b74888f8f8d', '1'), ('711', 'Not respecting different rules', '3e3e84e8-483d-4549-8e33-09862d015ec9', '0'), ('712', 'Arguing about plans', 'a1df6127-1ab6-443d-aea7-50030d6f8ba9', '0'), ('713', 'Running in public places', 'ddcabc2f-65ed-4520-a15a-efab6e692589', '0'), ('714', 'Disobeying instructions', 'b0ec86d9-863d-43a7-8d24-3ca8a7a18f1a', '0'), ('715', 'Wandering off', 'f59c5861-9d6d-41c9-aba4-3ef87d5f9a73', '0'), ('716', 'Fighting', '829f798c-2e69-4363-85aa-9dd5efceb8bc', '0'), ('717', 'Throwing tantrums', 'a2ebe3a3-23d6-4f27-bffb-c147ff932e99', '0'), ('718', 'Causing group to be late', 'b27d5ba0-bddb-4d78-8aa5-53f7fb73ef54', '0'), ('719', 'Being rude to hosts', '7b8933f9-7b37-4a44-878a-a32195356022', '0'), ('720', 'Using poor table manners', '5ef5746b-677d-4f08-8448-d2a1d2032037', '0'), ('721', 'Being careless with others\' things', 'cba2f90e-22a4-4a02-996b-4796a06c68e3', '0'), ('722', 'Staying up past bedtime', 'fa3c6e63-b6c7-4c57-ada4-ad131cbb30a2', '0'), ('723', 'Skipping baths or showers', 'd109f0c5-366d-4647-9fd3-4007469d0975', '0'), ('724', 'Not brushing teeth', '1ec05db5-5774-4bb1-982a-a933ffe87755', '0'), ('725', 'Having needed school supplies', '53bfdecb-6c52-4336-b202-b7d2245dd7e2', '1'), ('726', 'Keeping binder organized', 'e2e5f14b-8579-41cb-9e24-6b299e07105d', '1'), ('727', 'Having notes ready', '6bdf1174-dcca-49fd-83a4-693bec0ecd02', '1'), ('728', 'Using study planner', 'd8cfc84d-0576-47e8-88c9-87f26e38d689', '1'), ('729', 'Having materials for assignments', '947dc2fc-379a-47e0-9d18-a3b3000285a0', '1'), ('730', 'Preparing work space', 'a9fa0842-ebc8-4340-968f-ec5ea206a9aa', '1'), ('731', 'Knowing expectations', 'a9663036-9012-4368-b44e-601eb56bb345', '1'), ('732', 'Asking for help', '48f58bec-cc03-4c9b-82fc-2b098eaba9c4', '1'), ('733', 'Having resources ready', 'f6e3817b-d122-4fc6-b357-c194b3a0d893', '1'), ('734', 'Ready all material', 'b1d2e3f2-f3f2-4b5a-985a-ef421258c423', '1'), ('735', 'Creating flash cards', 'dc3409b4-fc98-40e9-a7c2-201f68232d3b', '1'), ('736', 'Sticking to a routine', 'e8338e8a-7222-486e-aa40-c469cb2fbc94', '1'), ('737', 'Completing homework', '577f7bb3-dd83-4f5e-87bc-f837cecd8fc5', '1'), ('738', 'Eliminating disctractions', '7e6fa3c7-ea4a-4786-9b64-5a2070682b36', '1'), ('739', 'Having good body posture', '7a2e5d9e-fa88-4315-b806-ec9a8ffc418b', '1'), ('740', 'Figuring our what works', '13ac78d3-a802-4996-b591-422a85d42628', '1'), ('741', 'Knowing deadlines', '36260cee-1c59-4b66-b29f-d4f7464336d1', '1'), ('742', 'Creating to do lists', 'f13fc13c-6507-4c31-a4c0-b1d691ebaa10', '1'), ('743', 'Estimating time for each step', 'ca2c39a6-a32a-4328-ae88-b117c193f5cb', '1'), ('744', 'Breaking down big assignments', '712d687c-eb72-4812-bbea-2ddb17fb6294', '1'), ('745', 'Prioritizing work', '627045b7-45ee-4bb6-a824-7125e23053a2', '1'), ('746', 'Planning ahead for big projects', '5d60f526-ef64-4679-8737-b93bb949a0ac', '1'), ('747', 'Being unprepared', '9ea2d345-b141-4630-bd11-48998f934a15', '0'), ('748', 'Not having proper notes', 'c183b8fa-4752-411b-af66-cd2d3e8757bc', '0'), ('749', 'Being disorganized', 'e6ac3943-405b-4cfb-9c2b-44b97e06b9a1', '0'), ('750', 'Not using study planner', '4d49cf03-1040-4af5-98db-50dfb23487be', '0'), ('751', 'Forgetting key materials', '0cdec5bc-385a-4d70-b433-3923e47a9587', '0'), ('752', 'Forgetting instructions', 'b9ec0bc2-1898-483b-9755-4e39f36d3a62', '0'), ('753', 'Not reading all materials', 'ca265c3f-5595-4e68-a03f-c8719129ef0e', '0'), ('754', 'Misplacing work', 'a13b34e6-acf5-49b4-92b6-c34bc18c4561', '0'), ('755', 'Letting gadgets distract', '4584b286-ff70-4f6e-8d18-8e5e97c590c6', '0'), ('756', 'Making excuses', '6edd5721-2459-4504-a091-79746444606b', '0'), ('757', 'Slouching or bad posture', '68ac76ae-fd16-498a-8f1e-6eed021a7358', '0'), ('758', 'Not completing work', '18fedfc6-fa65-4771-b257-76388a9380a6', '0'), ('759', 'Rushing or sloppy with work', '5442ee3a-437e-4b44-b5f9-88bfc147459f', '0'), ('760', 'Complaining', 'f5b3c19e-0dd5-4579-98e9-d507784ba152', '0'), ('761', 'Procastinating', 'd5d8c7cc-8880-40b5-8032-8cf163705069', '0'), ('762', 'Waiting until the last second', '5f9b15bf-9b82-4415-962d-ef00a0f12e8b', '0'), ('763', 'Not planning ahead', 'ee1c7982-b007-4301-a0fb-e230287429e0', '0'), ('764', 'Not budgeting enough time', '0aea82df-88ae-4123-99d1-6810100cc931', '0'), ('765', 'Being honest', '4ec8c04c-1747-4fdf-a625-2416548e0ca3', '1'), ('766', 'Being kind and helpful', '7b3fb8ad-d272-42a1-9e4a-bc13f829067d', '1'), ('767', 'Using conversatin skills', '606ea0cc-1823-486e-bec8-7238a17b732c', '1'), ('768', 'Using signals and cues', 'f3f8db5c-5588-465c-9fc3-b04d2522f56f', '1'), ('769', 'Using good manners', 'da570461-7d88-49a2-9ea3-803e85cf1067', '1'), ('770', 'Following directions the first time', '034835f0-a657-432a-bf58-e980f4fd43d3', '1'), ('771', 'Taking responsiblity for actions', '30db27c3-0b82-4f52-9387-fc22411fa476', '1'), ('772', 'Being respectful to adults', '6f6ff967-55ea-44d7-9428-f96a0aad0e5d', '1'), ('773', 'Respecting classroom rules', 'f56b4139-9c07-48d8-80f4-5c5aba6824c6', '1'), ('774', 'Walking quietly in hallways', '5c92f199-1f8a-48cf-ad63-18887af27b89', '1'), ('775', 'Playing by recess rules', '25febc62-962c-4f11-9d27-05b4164cd6b4', '1'), ('776', 'Following restroom rules', '3d4abcbc-907e-4a89-ab2b-c076fc107865', '1'), ('777', 'Obeying cafeteria rules and routines', '76f23c87-7277-46aa-8ef7-ad12446006b5', '1'), ('778', 'Completing check-ins without reminders', 'a412c0f6-a9a7-49f7-904e-9a421f119859', '1'), ('779', 'Turning in daily assignments', '6e65fc8b-55e1-41fe-88a7-d60a8f8974e5', '1'), ('780', 'Putting name on assignments', '049cbd56-3b15-49a9-ad01-d33106f74f5a', '1'), ('781', 'Bringing take-home folder', 'ccef153d-c65d-4cee-a34a-2fc4137afb8f', '1'), ('782', 'Getting parents signatures', '949b293b-3921-4274-81c1-d86db94177de', '1'), ('783', 'Doing assigned classroom jobs', 'e5702e7c-1b0e-4122-b52b-c5648d665ee5', '1'), ('784', 'Keeping binder organzied', '8f65e555-de71-47a0-8793-1fbe7b184042', '1'), ('785', 'Being self-directed', 'fc6a55ce-6872-4653-945b-3a994afa069e', '1'), ('786', 'Showing focus and effort', 'fb0dfdb7-6129-4ac1-90ff-0ec0f64ee990', '1'), ('787', 'Using time wisely', '836e5fd0-4122-4d4c-8254-70907c81aba7', '1'), ('788', 'Completing team responsibilities', '3dc13e31-7788-4f1c-827d-8e2f010b5dbf', '1'), ('789', 'Refusing to follow directions', 'b5e924cd-f57b-44d5-a294-809d5cda74f8', '0'), ('790', 'Using aggressive behavior', 'b4ae8813-a137-4fdc-a4cb-28bd1c1250c5', '0'), ('791', 'Fighting or arguing', 'c0102d93-e954-4ca2-a490-5ce283b870c6', '0'), ('792', 'Being disrespectful to others', 'b4ef2114-878c-4fbe-9668-4cb1aaff5e25', '0'), ('793', 'Being a poor sport', '47dd1f56-5340-4897-b8d0-6984187775e0', '0'), ('794', 'Running or yelling in hallways', 'e6e21539-d194-4636-bafd-c7a903188cd5', '0'), ('795', 'Breaking rules at recess', '77834219-87c9-467a-bc08-ab7d8aa5c2db', '0'), ('796', 'Being disruptive in cafeteria', 'ea1410d5-b36b-4ced-82ff-1a806c8dc3b5', '0'), ('797', 'Ignoring bathroom rules', '359924d1-8637-4556-8e45-9fd4469beb5a', '0'), ('798', 'Missing assignments', 'bd1060dd-99ce-4d5e-95e5-4192c6b39625', '0'), ('799', 'Being late with work', '14a00b1d-cab8-45d0-b145-16f561576938', '0'), ('800', 'Needing reminders to follow procedures', '4239af0b-1459-4931-815d-e3f588068fbd', '0'), ('801', 'Forgetting notes from home', '7bcfe7bc-465d-4117-8276-9c6bc107e3b5', '0'), ('802', 'Missing parent signatures', '2cf6a74f-4da1-4529-b6ef-2d79a1adb737', '0'), ('803', 'Neglecting classroom duties', '55cb08e9-58aa-42aa-a3f5-f82f82f6f11f', '0'), ('804', 'Getting off-task or distracted', '4d0b8587-7b38-4cbb-a40c-267c2b19d1ba', '0'), ('805', 'Interring with others\' work', '0e8ea9b1-5a17-4828-8073-d4ae8ee38352', '0'), ('806', 'Using technology inappropriately', '6838ede7-f8ec-4792-acae-c6ed9e4173c7', '0'), ('807', 'Using supplies incorrectly', '443032f6-c798-4773-8cd8-4b22f70a6f14', '0');
COMMIT;

-- ----------------------------
--  Table structure for `predefinedboards_predefinedbehaviorgroup`
-- ----------------------------
DROP TABLE IF EXISTS `predefinedboards_predefinedbehaviorgroup`;
CREATE TABLE `predefinedboards_predefinedbehaviorgroup` (
  `id` int(11) NOT NULL AUTO_INCREMENT,
  `title` varchar(128) NOT NULL,
  `uuid` varchar(64) NOT NULL,
  PRIMARY KEY (`id`)
) ENGINE=InnoDB AUTO_INCREMENT=34 DEFAULT CHARSET=latin1;

-- ----------------------------
--  Records of `predefinedboards_predefinedbehaviorgroup`
-- ----------------------------
BEGIN;
INSERT INTO `predefinedboards_predefinedbehaviorgroup` VALUES ('18', 'Conduct', 'c7ce92a0-531a-4b52-9c33-93e02999efcf'), ('19', 'Choices', '3c2fe204-b196-4e1f-9238-de4b669eed9e'), ('20', 'Manners  Language', 'f275c23f-ee82-4efb-a985-1e85d731e33e'), ('21', 'Manners  Consideration', 'e39b7ace-7ea0-4290-9910-b776467a1d49'), ('22', 'Manners  Mealtime', 'c153a1b8-9b45-4cd2-ba9f-c9ebf69e1fa5'), ('23', 'Responsibilities', '3c87b814-d39b-4cf5-a031-6a8d20e921a0'), ('24', 'Chores  Indoor', 'b7526ca2-5294-4c5c-bbdc-1fbe0b08204f'), ('25', 'Chores  Outdoor', 'c7915e72-724c-4cb9-aba7-2b544feadc9c'), ('26', 'Chores  Mealtime', '6b3e770e-cfbc-4846-9241-b9a4cf71ffa7'), ('27', 'Chores  Petcare', 'd05bc31f-aaec-42b0-a0e5-17e7dbdade06'), ('28', 'School Work  Prep', 'eb05c5b7-a389-4579-92fd-82f1dcf80679'), ('29', 'School Work  Info', '7dfe6b73-99b4-4482-a031-8eda51a3683a'), ('30', 'School Work  Habits', '9f815f55-9ced-4f58-97ed-622bdc0b6d23'), ('31', 'School Work  Time', 'de5a03d2-5086-467b-8363-de5ef39e5975'), ('32', 'School Work  Rules', '2ed0fe00-9da1-44e0-a8b1-4271b7ad47a6'), ('33', 'School Work  Tasks', 'aaf49d24-41ab-4772-a1ea-d41864eb2f5e');
COMMIT;

-- ----------------------------
--  Table structure for `predefinedboards_predefinedbehaviorgroup_behaviors`
-- ----------------------------
DROP TABLE IF EXISTS `predefinedboards_predefinedbehaviorgroup_behaviors`;
CREATE TABLE `predefinedboards_predefinedbehaviorgroup_behaviors` (
  `id` int(11) NOT NULL AUTO_INCREMENT,
  `predefinedbehaviorgroup_id` int(11) NOT NULL,
  `predefinedbehavior_id` int(11) NOT NULL,
  PRIMARY KEY (`id`),
  UNIQUE KEY `predefinedbehaviorgroup_id` (`predefinedbehaviorgroup_id`,`predefinedbehavior_id`),
  KEY `c414f723f5b159bb30c43f0d234267b9` (`predefinedbehavior_id`),
  CONSTRAINT `c414f723f5b159bb30c43f0d234267b9` FOREIGN KEY (`predefinedbehavior_id`) REFERENCES `predefinedboards_predefinedbehavior` (`id`),
  CONSTRAINT `D98ae8cbd0c2be86063581296ee47345` FOREIGN KEY (`predefinedbehaviorgroup_id`) REFERENCES `predefinedboards_predefinedbehaviorgroup` (`id`)
) ENGINE=InnoDB AUTO_INCREMENT=266 DEFAULT CHARSET=latin1;

-- ----------------------------
--  Records of `predefinedboards_predefinedbehaviorgroup_behaviors`
-- ----------------------------
BEGIN;
INSERT INTO `predefinedboards_predefinedbehaviorgroup_behaviors` VALUES ('1', '18', '555'), ('2', '18', '556'), ('3', '18', '557'), ('4', '18', '558'), ('5', '18', '559'), ('6', '18', '560'), ('7', '18', '561'), ('103', '18', '573'), ('30', '18', '584'), ('31', '18', '585'), ('32', '18', '586'), ('33', '18', '587'), ('34', '18', '588'), ('35', '18', '589'), ('129', '18', '597'), ('248', '18', '598'), ('98', '18', '651'), ('99', '18', '652'), ('100', '18', '653'), ('101', '18', '654'), ('102', '18', '655'), ('104', '18', '656'), ('125', '18', '676'), ('126', '18', '677'), ('127', '18', '678'), ('128', '18', '679'), ('130', '18', '680'), ('145', '18', '692'), ('146', '18', '693'), ('147', '18', '694'), ('148', '18', '695'), ('149', '18', '696'), ('165', '18', '711'), ('166', '18', '712'), ('167', '18', '713'), ('168', '18', '714'), ('169', '18', '715'), ('219', '18', '765'), ('220', '18', '766'), ('221', '18', '767'), ('222', '18', '768'), ('223', '18', '769'), ('224', '18', '770'), ('225', '18', '771'), ('226', '18', '772'), ('245', '18', '789'), ('246', '18', '790'), ('247', '18', '791'), ('249', '18', '792'), ('250', '18', '793'), ('154', '19', '559'), ('8', '19', '562'), ('9', '19', '563'), ('10', '19', '564'), ('11', '19', '565'), ('12', '19', '566'), ('13', '19', '567'), ('14', '19', '568'), ('15', '19', '569'), ('36', '19', '590'), ('37', '19', '591'), ('38', '19', '592'), ('39', '19', '593'), ('40', '19', '594'), ('41', '19', '595'), ('42', '19', '596'), ('150', '19', '697'), ('151', '19', '698'), ('152', '19', '699'), ('153', '19', '700'), ('155', '19', '701'), ('170', '19', '716'), ('171', '19', '717'), ('172', '19', '718'), ('16', '20', '570'), ('17', '20', '571'), ('111', '20', '572'), ('131', '20', '592'), ('133', '20', '598'), ('46', '20', '600'), ('47', '20', '601'), ('105', '20', '657'), ('106', '20', '658'), ('107', '20', '659'), ('108', '20', '660'), ('109', '20', '661'), ('110', '20', '662'), ('132', '20', '681'), ('158', '20', '704'), ('18', '21', '572'), ('19', '21', '573'), ('134', '21', '594'), ('43', '21', '597'), ('44', '21', '598'), ('112', '21', '663'), ('113', '21', '664'), ('114', '21', '665'), ('115', '21', '666'), ('116', '21', '667'), ('117', '21', '668'), ('118', '21', '669'), ('135', '21', '682'), ('136', '21', '683'), ('137', '21', '684'), ('138', '21', '685'), ('156', '21', '702'), ('157', '21', '703'), ('159', '21', '705'), ('173', '21', '719'), ('175', '21', '721'), ('20', '22', '574'), ('45', '22', '599'), ('119', '22', '670'), ('120', '22', '671'), ('121', '22', '672'), ('122', '22', '673'), ('123', '22', '674'), ('124', '22', '675'), ('139', '22', '686'), ('140', '22', '687'), ('141', '22', '688'), ('142', '22', '689'), ('143', '22', '690'), ('144', '22', '691'), ('160', '22', '706'), ('174', '22', '720'), ('22', '23', '576'), ('23', '23', '577'), ('24', '23', '578'), ('25', '23', '579'), ('26', '23', '580'), ('27', '23', '581'), ('28', '23', '582'), ('29', '23', '583'), ('49', '23', '603'), ('50', '23', '604'), ('51', '23', '605'), ('52', '23', '606'), ('161', '23', '707'), ('162', '23', '708'), ('163', '23', '709'), ('164', '23', '710'), ('176', '23', '722'), ('177', '23', '723'), ('178', '23', '724'), ('53', '24', '578'), ('54', '24', '607'), ('55', '24', '608'), ('56', '24', '609'), ('57', '24', '610'), ('58', '24', '611'), ('79', '24', '632'), ('80', '24', '633'), ('81', '24', '634'), ('82', '24', '635'), ('83', '24', '636'), ('59', '25', '612'), ('60', '25', '613'), ('61', '25', '614'), ('62', '25', '615'), ('63', '25', '616'), ('64', '25', '617'), ('84', '25', '637'), ('85', '25', '638'), ('86', '25', '639'), ('87', '25', '640'), ('65', '26', '618'), ('66', '26', '619'), ('67', '26', '620'), ('68', '26', '621'), ('69', '26', '622'), ('70', '26', '623'), ('71', '26', '624'), ('88', '26', '641'), ('89', '26', '642'), ('90', '26', '643'), ('91', '26', '644'), ('92', '26', '645'), ('72', '27', '625'), ('73', '27', '626'), ('74', '27', '627'), ('75', '27', '628'), ('76', '27', '629'), ('77', '27', '630'), ('78', '27', '631'), ('93', '27', '646'), ('94', '27', '647'), ('95', '27', '648'), ('96', '27', '649'), ('97', '27', '650'), ('21', '28', '575'), ('179', '28', '725'), ('180', '28', '726'), ('181', '28', '727'), ('182', '28', '728'), ('183', '28', '729'), ('184', '28', '730'), ('201', '28', '747'), ('202', '28', '748'), ('203', '28', '749'), ('204', '28', '750'), ('185', '29', '731'), ('186', '29', '732'), ('187', '29', '733'), ('188', '29', '734'), ('189', '29', '735'), ('205', '29', '751'), ('206', '29', '752'), ('207', '29', '753'), ('208', '29', '754'), ('241', '30', '566'), ('48', '30', '602'), ('239', '30', '728'), ('190', '30', '736'), ('191', '30', '737'), ('192', '30', '738'), ('193', '30', '739'), ('194', '30', '740'), ('261', '30', '747'), ('209', '30', '755'), ('210', '30', '756'), ('211', '30', '757'), ('212', '30', '758'), ('213', '30', '759'), ('214', '30', '760'), ('238', '30', '784'), ('240', '30', '785'), ('242', '30', '786'), ('262', '30', '804'), ('263', '30', '805'), ('264', '30', '806'), ('265', '30', '807'), ('195', '31', '741'), ('196', '31', '742'), ('197', '31', '743'), ('198', '31', '744'), ('199', '31', '745'), ('200', '31', '746'), ('215', '31', '761'), ('216', '31', '762'), ('217', '31', '763'), ('218', '31', '764'), ('243', '31', '787'), ('227', '32', '773'), ('228', '32', '774'), ('229', '32', '775'), ('230', '32', '776'), ('231', '32', '777'), ('251', '32', '794'), ('252', '32', '795'), ('253', '32', '796'), ('254', '32', '797'), ('232', '33', '778'), ('233', '33', '779'), ('234', '33', '780'), ('235', '33', '781'), ('236', '33', '782'), ('237', '33', '783'), ('244', '33', '788'), ('255', '33', '798'), ('256', '33', '799'), ('257', '33', '800'), ('258', '33', '801'), ('259', '33', '802'), ('260', '33', '803');
COMMIT;

-- ----------------------------
--  Table structure for `predefinedboards_predefinedboard`
-- ----------------------------
DROP TABLE IF EXISTS `predefinedboards_predefinedboard`;
CREATE TABLE `predefinedboards_predefinedboard` (
  `id` int(11) NOT NULL AUTO_INCREMENT,
  `title` varchar(128) NOT NULL,
  `uuid` varchar(64) NOT NULL,
  PRIMARY KEY (`id`)
) ENGINE=InnoDB AUTO_INCREMENT=19 DEFAULT CHARSET=latin1;

-- ----------------------------
--  Records of `predefinedboards_predefinedboard`
-- ----------------------------
BEGIN;
INSERT INTO `predefinedboards_predefinedboard` VALUES ('13', 'Around the House', '854e3dcb-ef66-49ae-a7b5-be77f4942162'), ('14', 'Chores & More', 'b3cbfe92-553d-4d02-9b17-3136f27f1c1a'), ('15', 'Manners, Please', '3f25156c-4cc8-4865-b7c6-9451ef63db21'), ('16', 'On the Road', 'ce831fe5-34d3-489f-b963-333a064edde0'), ('17', 'Study Time', '0126a69b-fb79-4c17-86b7-d337a9acfa34'), ('18', 'Teacher\'s Helper', '6cb6eba2-80dc-4ce0-9137-b5c114868f54');
COMMIT;

-- ----------------------------
--  Table structure for `predefinedboards_predefinedboard_behaviors`
-- ----------------------------
DROP TABLE IF EXISTS `predefinedboards_predefinedboard_behaviors`;
CREATE TABLE `predefinedboards_predefinedboard_behaviors` (
  `id` int(11) NOT NULL AUTO_INCREMENT,
  `predefinedboard_id` int(11) NOT NULL,
  `predefinedbehavior_id` int(11) DEFAULT NULL,
  PRIMARY KEY (`id`),
  UNIQUE KEY `predefinedboard_id` (`predefinedboard_id`,`predefinedbehavior_id`),
  KEY `D8ff4645264186e1bfd26c24f95b61b5` (`predefinedbehavior_id`),
  CONSTRAINT `D5aae6e68146d18268420fce8cb4e8db` FOREIGN KEY (`predefinedboard_id`) REFERENCES `predefinedboards_predefinedboard` (`id`),
  CONSTRAINT `D8ff4645264186e1bfd26c24f95b61b5` FOREIGN KEY (`predefinedbehavior_id`) REFERENCES `predefinedboards_predefinedbehavior` (`id`)
) ENGINE=InnoDB AUTO_INCREMENT=278 DEFAULT CHARSET=latin1;

-- ----------------------------
--  Records of `predefinedboards_predefinedboard_behaviors`
-- ----------------------------
BEGIN;
INSERT INTO `predefinedboards_predefinedboard_behaviors` VALUES ('1', '13', '555'), ('2', '13', '556'), ('3', '13', '557'), ('4', '13', '558'), ('5', '13', '559'), ('6', '13', '560'), ('7', '13', '561'), ('8', '13', '562'), ('9', '13', '563'), ('10', '13', '564'), ('11', '13', '565'), ('12', '13', '566'), ('13', '13', '567'), ('14', '13', '568'), ('15', '13', '569'), ('16', '13', '570'), ('17', '13', '571'), ('18', '13', '572'), ('19', '13', '573'), ('20', '13', '574'), ('21', '13', '575'), ('22', '13', '576'), ('23', '13', '577'), ('24', '13', '578'), ('25', '13', '579'), ('26', '13', '580'), ('27', '13', '581'), ('28', '13', '582'), ('29', '13', '583'), ('30', '13', '584'), ('31', '13', '585'), ('32', '13', '586'), ('33', '13', '587'), ('34', '13', '588'), ('35', '13', '589'), ('36', '13', '590'), ('37', '13', '591'), ('38', '13', '592'), ('39', '13', '593'), ('40', '13', '594'), ('41', '13', '595'), ('42', '13', '596'), ('43', '13', '597'), ('44', '13', '598'), ('45', '13', '599'), ('46', '13', '600'), ('47', '13', '601'), ('48', '13', '602'), ('49', '13', '603'), ('50', '13', '604'), ('51', '13', '605'), ('52', '13', '606'), ('53', '14', '578'), ('54', '14', '607'), ('55', '14', '608'), ('56', '14', '609'), ('57', '14', '610'), ('58', '14', '611'), ('59', '14', '612'), ('60', '14', '613'), ('61', '14', '614'), ('62', '14', '615'), ('63', '14', '616'), ('64', '14', '617'), ('65', '14', '618'), ('66', '14', '619'), ('67', '14', '620'), ('68', '14', '621'), ('69', '14', '622'), ('70', '14', '623'), ('71', '14', '624'), ('72', '14', '625'), ('73', '14', '626'), ('74', '14', '627'), ('75', '14', '628'), ('76', '14', '629'), ('77', '14', '630'), ('78', '14', '631'), ('79', '14', '632'), ('80', '14', '633'), ('81', '14', '634'), ('82', '14', '635'), ('83', '14', '636'), ('84', '14', '637'), ('85', '14', '638'), ('86', '14', '639'), ('87', '14', '640'), ('88', '14', '641'), ('89', '14', '642'), ('90', '14', '643'), ('91', '14', '644'), ('92', '14', '645'), ('93', '14', '646'), ('94', '14', '647'), ('95', '14', '648'), ('96', '14', '649'), ('97', '14', '650'), ('111', '15', '572'), ('103', '15', '573'), ('132', '15', '592'), ('136', '15', '594'), ('129', '15', '597'), ('134', '15', '598'), ('131', '15', '600'), ('135', '15', '601'), ('98', '15', '651'), ('99', '15', '652'), ('100', '15', '653'), ('101', '15', '654'), ('102', '15', '655'), ('104', '15', '656'), ('105', '15', '657'), ('106', '15', '658'), ('107', '15', '659'), ('108', '15', '660'), ('109', '15', '661'), ('110', '15', '662'), ('112', '15', '663'), ('113', '15', '664'), ('114', '15', '665'), ('115', '15', '666'), ('116', '15', '667'), ('117', '15', '668'), ('118', '15', '669'), ('119', '15', '670'), ('120', '15', '671'), ('121', '15', '672'), ('122', '15', '673'), ('123', '15', '674'), ('124', '15', '675'), ('125', '15', '676'), ('126', '15', '677'), ('127', '15', '678'), ('128', '15', '679'), ('130', '15', '680'), ('133', '15', '681'), ('137', '15', '682'), ('138', '15', '683'), ('139', '15', '684'), ('140', '15', '685'), ('141', '15', '686'), ('142', '15', '687'), ('143', '15', '688'), ('144', '15', '689'), ('145', '15', '690'), ('146', '15', '691'), ('157', '16', '559'), ('161', '16', '571'), ('148', '16', '573'), ('165', '16', '580'), ('183', '16', '594'), ('179', '16', '596'), ('182', '16', '600'), ('186', '16', '603'), ('171', '16', '676'), ('147', '16', '692'), ('149', '16', '693'), ('150', '16', '694'), ('151', '16', '695'), ('152', '16', '696'), ('153', '16', '697'), ('154', '16', '698'), ('155', '16', '699'), ('156', '16', '700'), ('158', '16', '701'), ('159', '16', '702'), ('160', '16', '703'), ('162', '16', '704'), ('163', '16', '705'), ('164', '16', '706'), ('166', '16', '707'), ('167', '16', '708'), ('168', '16', '709'), ('169', '16', '710'), ('170', '16', '711'), ('172', '16', '712'), ('173', '16', '713'), ('174', '16', '714'), ('175', '16', '715'), ('176', '16', '716'), ('177', '16', '717'), ('178', '16', '718'), ('180', '16', '719'), ('181', '16', '720'), ('184', '16', '721'), ('185', '16', '722'), ('187', '16', '723'), ('188', '16', '724'), ('189', '17', '725'), ('190', '17', '726'), ('191', '17', '727'), ('192', '17', '728'), ('193', '17', '729'), ('194', '17', '730'), ('195', '17', '731'), ('196', '17', '732'), ('197', '17', '733'), ('198', '17', '734'), ('199', '17', '735'), ('200', '17', '736'), ('201', '17', '737'), ('202', '17', '738'), ('203', '17', '739'), ('204', '17', '740'), ('205', '17', '741'), ('206', '17', '742'), ('207', '17', '743'), ('208', '17', '744'), ('209', '17', '745'), ('210', '17', '746'), ('211', '17', '747'), ('212', '17', '748'), ('213', '17', '749'), ('214', '17', '750'), ('215', '17', '751'), ('216', '17', '752'), ('217', '17', '753'), ('218', '17', '754'), ('219', '17', '755'), ('220', '17', '756'), ('221', '17', '757'), ('222', '17', '758'), ('223', '17', '759'), ('224', '17', '760'), ('225', '17', '761'), ('226', '17', '762'), ('227', '17', '763'), ('228', '17', '764'), ('251', '18', '566'), ('259', '18', '598'), ('257', '18', '676'), ('249', '18', '728'), ('272', '18', '747'), ('273', '18', '759'), ('229', '18', '765'), ('230', '18', '766'), ('231', '18', '767'), ('232', '18', '768'), ('233', '18', '769'), ('234', '18', '770'), ('235', '18', '771'), ('236', '18', '772'), ('237', '18', '773'), ('238', '18', '774'), ('239', '18', '775'), ('240', '18', '776'), ('241', '18', '777'), ('242', '18', '778'), ('243', '18', '779'), ('244', '18', '780'), ('245', '18', '781'), ('246', '18', '782'), ('247', '18', '783'), ('248', '18', '784'), ('250', '18', '785'), ('252', '18', '786'), ('253', '18', '787'), ('254', '18', '788'), ('255', '18', '789'), ('256', '18', '790'), ('258', '18', '791'), ('260', '18', '792'), ('261', '18', '793'), ('262', '18', '794'), ('263', '18', '795'), ('264', '18', '796'), ('265', '18', '797'), ('266', '18', '798'), ('267', '18', '799'), ('268', '18', '800'), ('269', '18', '801'), ('270', '18', '802'), ('271', '18', '803'), ('274', '18', '804'), ('275', '18', '805'), ('276', '18', '806'), ('277', '18', '807');
COMMIT;

-- ----------------------------
--  Table structure for `services_behavior`
-- ----------------------------
DROP TABLE IF EXISTS `services_behavior`;
CREATE TABLE `services_behavior` (
  `id` int(11) NOT NULL AUTO_INCREMENT,
  `uuid` varchar(64) NOT NULL,
  `created_date` datetime NOT NULL,
  `updated_date` datetime NOT NULL,
  `device_date` datetime NOT NULL,
  `deleted` tinyint(1) NOT NULL,
  `title` varchar(128) NOT NULL,
  `note` varchar(256),
  `board_id` int(11) DEFAULT NULL,
  `positive` tinyint(1) NOT NULL,
  PRIMARY KEY (`id`),
  UNIQUE KEY `services_behavior_uuid_784cdcad5c070d28_uniq` (`uuid`),
  KEY `services_behavior_0047b239` (`board_id`)
) ENGINE=MyISAM AUTO_INCREMENT=636 DEFAULT CHARSET=latin1;

-- ----------------------------
--  Records of `services_behavior`
-- ----------------------------
BEGIN;
INSERT INTO `services_behavior` VALUES ('1', '09127149-DC74-46F7-8F82-894103066B54', '2015-11-23 20:43:05', '2015-12-05 03:41:48', '2015-12-05 03:22:49', '1', 'Letting gadgets distract', '', '1', '1'), ('2', '237C597F-0A28-469B-8A70-9256E07A5ADE', '2015-11-23 20:43:05', '2015-12-05 03:41:48', '2015-12-05 03:22:49', '1', 'Being persistent', '', '1', '1'), ('3', 'BB310C1B-F3B8-4DE6-9BCA-94FDEC92C2F3', '2015-11-23 21:42:45', '2015-11-23 21:45:47', '2015-11-23 21:42:45', '0', 'Leaving a mess', '', '2', '1'), ('4', '0ABD59BE-AF0C-4100-BD30-40507E4AC945', '2015-11-23 21:42:45', '2015-11-23 21:45:47', '2015-11-23 21:42:45', '0', 'Disobeying instructions', '', '2', '1'), ('5', '744AF27A-663A-4EEA-9BD1-AC1A7D0E8AA4', '2015-11-23 21:42:45', '2015-11-23 21:45:47', '2015-11-23 21:42:45', '0', 'Not respecting different rules', '', '2', '1'), ('6', '70BC4667-9CFB-4AE9-80FA-0D7E1A19936B', '2015-11-23 21:42:45', '2015-11-23 21:45:47', '2015-11-23 21:42:45', '0', 'Not brushing teeth', '', '2', '1'), ('7', '29015E2F-726C-4E50-87C0-227617163479', '2015-11-23 21:42:45', '2015-11-23 21:45:47', '2015-11-23 21:42:45', '0', 'Staying calm and close by', '', '2', '1'), ('8', '1CFADB3C-1AFF-4369-BD4F-51159423C7BD', '2015-11-23 21:42:45', '2015-11-23 21:45:47', '2015-11-23 21:42:45', '0', 'Listening to others', '', '2', '1'), ('9', 'F4025261-542D-409B-992D-18BF35FEC813', '2015-11-23 21:42:45', '2015-11-23 21:45:47', '2015-11-23 21:42:45', '0', 'Using poor table manners', '', '2', '1'), ('10', 'B836B5E6-6269-4C41-850E-A39B3D08FDEB', '2015-11-23 21:42:45', '2015-11-23 21:45:47', '2015-11-23 21:42:45', '0', 'Staying up past bedtime', '', '2', '1'), ('11', '1A4D69B8-6DEE-4E68-B392-334DC159A157', '2015-11-23 21:42:45', '2015-11-23 21:45:47', '2015-11-23 21:42:45', '0', 'Being open to new things', '', '2', '1'), ('12', '108C0E56-4825-4E8C-BCA9-5F27F4ADD3F5', '2015-11-23 21:42:45', '2015-11-23 21:45:47', '2015-11-23 21:42:45', '0', 'Keeping a routine', '', '2', '1'), ('13', '6D8DE996-5D60-48BA-8477-7CF4E4AC889C', '2015-11-23 21:42:45', '2015-12-08 15:40:21', '2015-12-08 15:34:59', '0', 'Behaving in public', '', '2', '1'), ('14', '8F63C62A-15AA-4C81-91C1-0FA27AF2A87A', '2015-11-23 21:42:45', '2015-11-23 21:45:47', '2015-11-23 21:42:45', '0', 'Causing group to be late', '', '2', '1'), ('15', '50796077-0132-4AE1-994D-CD645B3EA54B', '2015-11-23 21:42:45', '2015-11-23 21:45:47', '2015-11-23 21:42:45', '0', 'Arguing about plans', '', '2', '1'), ('16', '316913B7-4123-4EF3-B191-07F0D6DE60E3', '2015-11-23 21:42:45', '2015-11-23 21:45:47', '2015-11-23 21:42:45', '0', 'Brushing teeth', '', '2', '1'), ('17', 'DFB5EE01-AD55-440D-859D-33857FC578F7', '2015-11-23 21:42:45', '2015-11-23 21:45:47', '2015-11-23 21:42:45', '0', 'Going to bed on time', '', '2', '1'), ('18', '3F3FE2B9-4A5B-4B8B-8244-3BFB96FD8CA0', '2015-11-23 21:42:45', '2015-11-23 21:45:47', '2015-11-23 21:42:45', '0', 'Eating properly', '', '2', '1'), ('19', '20AFF1E6-A2E9-41E5-ADDD-C92819CA276A', '2015-11-23 21:42:45', '2015-11-23 21:45:47', '2015-11-23 21:42:45', '0', 'Being disrespectful', '', '2', '1'), ('20', 'ED0B8563-9471-4A25-8616-35068AA3BA4E', '2015-11-23 21:42:45', '2015-11-23 21:45:47', '2015-11-23 21:42:45', '0', 'Keeping things organized', '', '2', '1'), ('21', 'D1520F24-6FF4-4505-BBB7-64ED7F18218E', '2015-11-23 21:42:45', '2015-11-23 21:45:47', '2015-11-23 21:42:45', '0', 'Fighting', '', '2', '1'), ('22', '324EE202-C5EE-4306-A728-29B1540C7E17', '2015-11-23 21:42:45', '2015-11-23 21:45:47', '2015-11-23 21:42:45', '0', 'Wandering off', '', '2', '1'), ('23', '83FA58EE-66DC-442C-A8D2-E71303C1AAB8', '2015-11-23 21:42:45', '2015-12-07 15:18:34', '2015-12-04 19:19:56', '0', 'Behaving while traveling', '', '2', '1'), ('24', '903F0C70-0398-41E6-98A0-A22FCAFE4736', '2015-11-23 21:42:45', '2015-11-23 21:45:47', '2015-11-23 21:42:45', '0', 'Using social voices', '', '2', '1'), ('25', '3695B0F6-6E94-495F-99A3-04D14765EFA1', '2015-11-23 21:42:45', '2015-11-23 21:45:47', '2015-11-23 21:42:45', '0', 'Using polite language', '', '2', '1'), ('26', '87956340-E72C-4115-A04B-7BE4E59AC76B', '2015-11-23 21:42:45', '2015-11-23 21:45:47', '2015-11-23 21:42:45', '0', 'Running in public places', '', '2', '1'), ('27', '62EC11D6-DCEF-4120-B8AE-E077D3B8D29C', '2015-11-23 21:42:45', '2015-11-23 21:45:47', '2015-11-23 21:42:45', '0', 'Using proper table manners', '', '2', '1'), ('28', '54F6EE5D-EC34-4446-9DC2-A770CD8875FD', '2015-11-23 21:42:45', '2015-11-23 21:45:47', '2015-11-23 21:42:45', '0', 'Throwing tantrums', '', '2', '1'), ('29', 'D97C4E0C-6824-4161-9E55-5909A22A3CA7', '2015-11-23 21:42:45', '2015-11-23 21:45:47', '2015-11-23 21:42:45', '0', 'Following instructions', '', '2', '1'), ('30', 'ACAB346F-8857-4710-9952-4BBDFF19B1B5', '2015-11-23 21:42:45', '2015-11-23 21:45:47', '2015-11-23 21:42:45', '0', 'Refusing to eat properly', '', '2', '1'), ('31', '8BE8F295-8112-4C71-B341-8D4B21310742', '2015-11-23 21:42:45', '2015-11-23 21:45:47', '2015-11-23 21:42:45', '0', 'Yelling, screaming or whining', '', '2', '1'), ('32', '19DBB863-386C-4181-B885-9923D0599D7A', '2015-11-23 21:42:45', '2015-11-23 21:45:47', '2015-11-23 21:42:45', '0', 'Holding doors for people', '', '2', '1'), ('33', 'D1367783-AAB3-43FB-BB40-1A30F9C62D3A', '2015-11-23 21:42:45', '2015-11-23 21:45:47', '2015-11-23 21:42:45', '0', 'Cursing', '', '2', '1'), ('34', 'D5D46FF9-D6DC-4400-93BF-5ADC30FD776D', '2015-11-23 21:42:45', '2015-11-23 21:45:47', '2015-11-23 21:42:45', '0', 'Being careless with others\' things', '', '2', '1'), ('35', '34BA80E6-8BD1-4B41-A4C9-8A42C989F426', '2015-11-23 21:42:45', '2015-11-23 21:45:47', '2015-11-23 21:42:45', '0', 'Respecting adults', '', '2', '1'), ('36', '36901EFF-8A30-46D9-BC5B-C50C0C5F9A44', '2015-11-23 21:42:45', '2015-11-23 21:45:47', '2015-11-23 21:42:45', '0', 'Greeting people nicely', '', '2', '1'), ('37', 'B98053A1-85F9-4020-8476-D5FADEFAC1CD', '2015-11-23 21:42:45', '2015-11-23 21:45:47', '2015-11-23 21:42:45', '0', 'Being rude to hosts', '', '2', '1'), ('38', 'EDFD6C23-9443-4769-BA58-9F486D5F0971', '2015-11-23 21:42:45', '2015-11-23 21:45:47', '2015-11-23 21:42:45', '0', 'Not running', '', '2', '1'), ('39', '496CDBD7-1177-4084-98F2-FEA75B59A97E', '2015-11-23 21:42:45', '2015-11-24 19:35:25', '2015-11-24 19:12:48', '0', 'Respecting different rules', '', '2', '1'), ('40', '0C21056D-9B29-44CB-93B1-3960BB49C067', '2015-11-23 21:42:45', '2015-11-23 21:45:47', '2015-11-23 21:42:45', '0', 'Cooperating', '', '2', '1'), ('41', '180DB841-83C5-4E6E-899C-008D2FA7D581', '2015-11-23 21:42:45', '2015-11-23 21:45:47', '2015-11-23 21:42:45', '0', 'Being ready to go', '', '2', '1'), ('42', 'E889B86F-B25C-49EC-AFD3-51E051F9E469', '2015-11-23 21:42:45', '2015-11-23 21:45:47', '2015-11-23 21:42:45', '0', 'Taking baths', '', '2', '1'), ('43', '605273C6-72C6-4370-AE36-79B3422DD574', '2015-11-23 21:42:45', '2015-11-23 21:45:47', '2015-11-23 21:42:45', '0', 'Thanking our hosts', '', '2', '1'), ('44', 'F87D32C3-923C-4258-80CD-A51C75F89FAD', '2015-11-23 21:42:45', '2015-11-23 21:45:47', '2015-11-23 21:42:45', '0', 'Skipping baths or showers', '', '2', '1'), ('45', 'EE91E933-CB6A-41CF-8A54-6CCAAE25581D', '2015-11-23 21:53:31', '2015-11-23 22:36:37', '2015-11-23 22:34:28', '0', 'Not thinking it through', '', null, '1'), ('46', '2156BF84-2695-4A04-BD3D-9CF0825FAC32', '2015-11-23 23:50:06', '2015-11-24 00:42:57', '2015-11-23 23:53:43', '0', 'Sharing', '', null, '1'), ('47', 'B53DD35A-7515-43F3-B2B8-FD61FA8762C5', '2015-11-24 19:16:26', '2015-11-24 19:17:25', '2015-11-24 19:12:22', '0', 'Using inside voice', '', '24', '1'), ('48', '6534FCC9-3FA6-48B0-A244-BC204DBE4B47', '2015-11-24 19:16:26', '2015-11-24 19:17:25', '2015-11-24 19:12:22', '0', 'Respecting the space of others', '', '24', '1'), ('49', 'F6B330BE-A416-418C-B7C7-44C9E24ED083', '2015-11-24 19:16:26', '2015-11-24 19:17:25', '2015-11-24 19:12:22', '0', 'Being disrespectful', '', '24', '1'), ('50', 'B9C8CBA1-F4F9-4C8D-81F4-9DC9BEA9A77F', '2015-11-24 19:16:26', '2015-11-24 19:17:25', '2015-11-24 19:12:22', '0', 'Interrupting', '', '24', '1'), ('51', '51600D69-F4AD-4D7A-AAE9-07C301FF82EC', '2015-11-24 19:16:26', '2015-11-24 20:25:59', '2015-11-24 19:37:52', '0', 'Practicing eye contact', '', '24', '1'), ('52', 'A11E31FF-7E29-4AEC-8907-FF2F335EE47A', '2015-11-24 19:16:26', '2015-11-24 19:17:25', '2015-11-24 19:12:22', '0', 'Spreading rumors or gossip', '', '24', '1'), ('53', 'B620CD0A-A798-47DC-9A1A-49191F31D0E4', '2015-11-24 19:16:26', '2015-11-24 19:17:25', '2015-11-24 19:12:22', '0', 'Talking back', '', '24', '1'), ('54', 'D4190EE9-FA7A-4759-B160-D2A1F6A04782', '2015-11-24 19:16:26', '2015-11-24 20:25:59', '2015-11-24 19:37:52', '0', 'Sharing or taking turns', '', '24', '1'), ('55', 'EC04F468-6A15-4683-A940-C01DEC3BD64A', '2015-11-24 19:16:26', '2015-11-24 19:17:25', '2015-11-24 19:12:22', '0', 'Name calling', '', '24', '1'), ('56', '7E2A20D6-5863-4495-9774-82D7F1DF800E', '2015-11-24 19:16:26', '2015-11-24 19:17:25', '2015-11-24 19:12:22', '0', 'Asking for permission', '', '24', '1'), ('57', 'E03DBD0E-268B-429B-ACB3-C5C09C21A6C1', '2015-11-24 19:16:26', '2015-11-24 19:17:25', '2015-11-24 19:12:22', '0', 'Sitting properly at table', '', '24', '1'), ('58', 'A667ACD0-08C8-4040-B693-FDC0630CE31A', '2015-11-24 19:16:26', '2015-11-24 19:17:25', '2015-11-24 19:12:22', '0', 'Greeting someone nicely', '', '24', '1'), ('59', '59144E4E-13C2-493C-AABD-5F7274878D3F', '2015-11-24 19:16:26', '2015-11-24 20:25:59', '2015-11-24 19:37:52', '0', 'Saying \"Thank You!\"', '', '24', '1'), ('60', 'F07E370F-7707-4DB8-9102-A6741DF21739', '2015-11-24 19:16:26', '2015-11-24 19:17:25', '2015-11-24 19:12:22', '0', 'Being too loud', '', '24', '1'), ('61', 'A68313FD-C050-4020-9862-2C5EC7BD7B63', '2015-11-24 19:16:26', '2015-11-24 19:17:25', '2015-11-24 19:12:22', '0', 'Playing with food or drink', '', '24', '1'), ('62', '8EEA76B5-4F55-4300-87C9-7DC4CC0EAAFA', '2015-11-24 19:16:26', '2015-11-24 19:17:25', '2015-11-24 19:12:22', '0', 'Using utensils properly', '', '24', '1'), ('63', 'C6353FF6-D5E6-44F0-A019-7A0BF5BCC4F4', '2015-11-24 19:16:26', '2015-11-24 19:17:25', '2015-11-24 19:12:22', '0', 'Refusing to help', '', '24', '1'), ('64', '32A51BD9-123A-4078-AD4E-98E87557DD06', '2015-11-24 19:16:26', '2015-11-24 19:17:25', '2015-11-24 19:12:22', '0', 'Eathing everything on plate', '', '24', '1'), ('65', '37E69083-E7C8-4B85-9DF8-D0690E1730B4', '2015-11-24 19:16:26', '2015-11-24 19:17:25', '2015-11-24 19:12:22', '0', 'Not staying in seat', '', '24', '1'), ('66', 'EFDDE808-ADB1-47F2-A4CB-6F878ECE8C7D', '2015-11-24 19:16:26', '2015-11-24 19:17:25', '2015-11-24 19:12:22', '0', 'Putting feet on seats', '', '24', '1'), ('67', 'EE1425E6-75A3-4D3E-8AB9-D11EAF9AF4E0', '2015-11-24 19:16:26', '2015-11-24 19:17:25', '2015-11-24 19:12:22', '0', 'Behaving poorly in public', '', '24', '1'), ('68', 'D9B7918A-B7C2-416A-BC2C-C3D44E651FCD', '2015-11-24 19:16:26', '2015-11-24 19:17:25', '2015-11-24 19:12:22', '0', 'Giving compliments', '', '24', '1'), ('69', '6E02E260-EFB0-4205-8BFF-5151F3F27FB8', '2015-11-24 19:16:26', '2015-11-24 19:17:25', '2015-11-24 19:12:22', '0', 'Being selfish', '', '24', '1'), ('70', 'CCE74F57-69F1-4731-A593-869C1F8D47EC', '2015-11-24 19:16:26', '2015-11-24 19:17:25', '2015-11-24 19:12:22', '0', 'Being rude', '', '24', '1'), ('71', '1AC36B07-E8F7-4269-B26E-AD65731303B6', '2015-11-24 19:16:26', '2015-11-24 19:17:25', '2015-11-24 19:12:22', '0', 'Saying \"Please!\"', '', '24', '1'), ('72', 'FA8CDC36-ECAC-4430-B5F9-67C434CF52F6', '2015-11-24 19:16:26', '2015-11-24 19:17:25', '2015-11-24 19:12:22', '0', 'Behaving in public', '', '24', '1'), ('73', 'BAC40531-7AFF-46AC-A8C6-EB184EA209E7', '2015-11-24 19:16:26', '2015-11-24 19:17:25', '2015-11-24 19:12:22', '0', 'Saying \"You\'re Welcome!\"', '', '24', '1'), ('74', '2FD345C8-1673-431F-ABFF-65AD8293E5AC', '2015-11-24 19:16:26', '2015-11-24 19:17:25', '2015-11-24 19:12:22', '0', 'Thinking about how others feel', '', '24', '1'), ('75', 'E4A4E3DF-7922-4FEB-97E1-6507EE9711AE', '2015-11-24 19:16:26', '2015-11-24 19:17:25', '2015-11-24 19:12:22', '0', 'Cursing', '', '24', '1'), ('76', 'B9507E0D-2C9B-42A6-8451-CCCFBCF6ABE1', '2015-11-24 19:16:26', '2015-11-24 19:17:25', '2015-11-24 19:12:22', '0', 'Asking \"How are you?\"', '', '24', '1'), ('77', '7F08E66C-062A-448A-B1B9-2B3C9FABBC45', '2015-11-24 19:16:26', '2015-11-24 19:17:25', '2015-11-24 19:12:22', '0', 'Letting others go first', '', '24', '1'), ('78', '6CB1349D-C15F-4A46-8CCD-1A3D6FEC7EE9', '2015-11-24 19:16:26', '2015-11-24 20:25:59', '2015-11-24 19:37:52', '0', 'Asking instead of reaching', '', '24', '1'), ('79', '5F5A9CA0-246E-48D5-92AD-BE58831B7109', '2015-11-24 19:16:26', '2015-11-24 19:17:25', '2015-11-24 19:12:22', '0', 'Littering', '', '24', '1'), ('80', '15E1506C-2E59-405C-A803-742A1F6CF10D', '2015-11-24 19:16:26', '2015-11-24 19:17:25', '2015-11-24 19:12:22', '0', 'Chewing with mouth closed', '', '24', '1'), ('81', '7B5BBB30-0607-460D-AC03-C6BA90EDE473', '2015-11-24 19:16:26', '2015-11-24 19:17:25', '2015-11-24 19:12:22', '0', 'Saying \"Excuse Me!\"', '', '24', '1'), ('82', 'FC6A78CB-8738-48F6-95F4-09BBE73CA56B', '2015-11-24 19:16:26', '2015-11-24 19:17:25', '2015-11-24 19:12:22', '0', 'Offering to help', '', '24', '1'), ('83', '0A7B311F-C19D-4A20-9AFC-C38BDACC394F', '2015-11-24 19:16:26', '2015-11-24 19:17:25', '2015-11-24 19:12:22', '0', 'Coughing on someone', '', '24', '1'), ('84', '36215B8A-CDE3-47C8-8717-BB09C2D5BE43', '2015-11-24 19:16:26', '2015-11-24 19:17:25', '2015-11-24 19:12:22', '0', 'Showing good sportsmanship', '', '24', '1'), ('85', 'C9CDE3DE-C9F0-4531-9106-312B36050708', '2015-11-24 19:16:26', '2015-11-24 19:17:25', '2015-11-24 19:12:22', '0', 'Using napkin', '', '24', '1'), ('86', '34669F7E-7AFF-4EA3-93DF-EA500A3E6919', '2015-11-24 19:16:26', '2015-11-24 19:17:25', '2015-11-24 19:12:22', '0', 'Using put downs', '', '24', '1'), ('87', '4EBB8857-8E5F-48A1-BEA0-DDC71F259291', '2015-11-24 19:16:26', '2015-11-24 19:17:25', '2015-11-24 19:12:22', '0', 'Not leaving a mess for others', '', '24', '1'), ('88', '0F9AC2D7-DD93-4712-AC00-1768B5174BAB', '2015-11-24 19:16:26', '2015-11-24 19:17:25', '2015-11-24 19:12:22', '0', 'Grabbing or taking', '', '24', '1'), ('89', 'ABAFF5F0-E22A-4930-AE71-02E9F1E673AE', '2015-11-24 19:16:26', '2015-11-24 19:17:25', '2015-11-24 19:12:22', '0', 'Yelling, screaming or whining', '', '24', '1'), ('90', 'D31086FE-1E8D-4A68-8459-BB66B61D6D90', '2015-11-24 19:16:26', '2015-11-24 19:17:25', '2015-11-24 19:12:22', '0', 'Using gadgets at table', '', '24', '1'), ('91', 'ECF99B95-2F9F-4DC4-A1D4-B38EB4C409C3', '2015-11-24 19:16:26', '2015-11-24 19:17:25', '2015-11-24 19:12:22', '0', 'Wishing \"Good morniing or night\"', '', '24', '1'), ('92', '17715E04-6CA3-47FD-801C-BADF8815E621', '2015-11-24 19:16:26', '2015-11-24 19:17:25', '2015-11-24 19:12:22', '0', 'Covering mouth when coughing', '', '24', '1'), ('93', '7165BD35-7493-4D79-A18A-4D65C875EDC5', '2015-11-24 19:16:26', '2015-11-24 19:17:25', '2015-11-24 19:12:22', '0', 'Reaching', '', '24', '1'), ('94', '4A0F0485-2AA9-4A22-8879-B50B342C50F7', '2015-11-24 19:16:26', '2015-11-24 19:17:25', '2015-11-24 19:12:22', '0', 'Showing appreciation', '', '24', '1'), ('95', '61E35593-D8EA-4C18-9396-46885DFAACC9', '2015-11-24 19:16:26', '2015-11-24 19:17:25', '2015-11-24 19:12:22', '0', 'Eating with fingers', '', '24', '1'), ('96', 'FF287F13-E279-4D66-91F9-52FC391CA7FC', '2015-11-24 19:43:35', '2015-12-05 03:41:48', '2015-12-05 03:22:49', '1', 'Being careless with others\' things', '', '1', '1'), ('97', '598A1256-CBC5-4CAD-9F7E-337DA99B4D45', '2015-11-24 20:01:28', '2015-11-24 20:12:13', '2015-11-24 20:10:12', '0', 'Being rude', '', '2', '1'), ('98', '1371BB5D-FF48-4E3A-B827-DEBF6AF4D56B', '2015-11-24 20:03:27', '2015-11-24 20:03:27', '2015-11-24 00:19:35', '0', 'Following directions ', '', '25', '1'), ('99', '6D222B99-8B7C-4C83-9971-B05FF0C8ABF0', '2015-11-24 20:03:27', '2015-11-24 20:03:27', '2015-11-24 00:19:35', '0', 'Combing hair', '', '25', '1'), ('100', 'A9E0DDAE-AC95-4E57-803E-659F437849DC', '2015-11-24 20:03:27', '2015-11-24 20:03:27', '2015-11-24 00:19:35', '0', 'Interrupting', '', '25', '1'), ('101', '451B174C-5DB9-499F-B9CA-76FEDFCA2DB8', '2015-11-24 20:03:27', '2015-11-24 20:03:27', '2015-11-24 00:19:35', '0', 'Teasing', '', '25', '1'), ('102', 'DD4BAF24-98F9-46D5-AED8-EA8CFE73EEAD', '2015-11-24 20:03:27', '2015-11-24 20:03:27', '2015-11-24 00:19:35', '0', 'Talking back', '', '25', '1'), ('103', 'DAAF2F62-6699-4E96-A42D-99DADC1656C0', '2015-11-24 20:03:27', '2015-11-24 20:03:27', '2015-11-24 00:19:35', '0', 'Not washing or brushing teeth', '', '25', '1'), ('104', 'E4367179-F3DD-4E4C-9FFE-5A89014D1AB9', '2015-11-24 20:03:27', '2015-11-24 20:03:27', '2015-11-24 00:19:35', '0', 'First-time listening', '', '25', '1'), ('105', 'E1AF1D42-32D0-4535-B722-5E0FAFD43B0F', '2015-11-24 20:03:27', '2015-11-24 20:03:27', '2015-11-24 00:19:35', '0', 'Conserving resources', '', '25', '1'), ('106', 'D412E6F5-A3F9-4017-93D0-6CE92EE393A8', '2015-11-24 20:03:27', '2015-11-24 20:03:27', '2015-11-24 00:19:35', '0', 'Not thinking it through', '', '25', '1'), ('107', 'BFA126D5-E6BF-41DB-B8A1-26D069DCC270', '2015-11-24 20:03:27', '2015-11-24 20:03:27', '2015-11-24 00:19:35', '0', 'Encouraging others', '', '25', '1'), ('108', 'CCE18C20-E269-4BAA-AAD6-3B9D2CB8C7BC', '2015-11-24 20:03:27', '2015-11-24 20:03:27', '2015-11-24 00:19:35', '0', 'Doing chores', '', '25', '1'), ('109', '5C9393B5-BBA2-45AE-80C9-D949B7501740', '2015-11-24 20:03:27', '2015-11-24 20:03:27', '2015-11-24 00:19:35', '0', 'Using indoor voice', '', '25', '1'), ('110', 'D32679F5-E9C1-48AB-8D1B-50CA72AF9984', '2015-11-24 20:03:27', '2015-11-24 20:03:27', '2015-11-24 00:19:35', '0', 'Kicking or hitting', '', '25', '1'), ('111', 'ECCAEF12-3F20-4902-81C4-6E358E2B5C50', '2015-11-24 20:03:27', '2015-11-24 20:03:27', '2015-11-24 00:19:35', '0', 'Behaving poorly at the table', '', '25', '1'), ('112', 'AC330E12-F8E5-41CD-BF08-DC2B8AE8C97E', '2015-11-24 20:03:27', '2015-11-24 20:03:27', '2015-11-24 00:19:35', '0', 'Being mean', '', '25', '1'), ('113', '8FDEC9E6-846B-4A10-AB1A-278F767FBC0B', '2015-11-24 20:03:27', '2015-11-24 20:03:27', '2015-11-24 00:19:35', '0', 'Using juicy words', '', '25', '1'), ('114', '1C324CAE-9DEA-42B5-AB74-3EE0C823FA9F', '2015-11-24 20:03:27', '2015-11-24 20:03:27', '2015-11-24 00:19:35', '0', 'Saying \"Please\" or \"Thank You!\"', '', '25', '1'), ('115', '7B5391F2-457C-4AEB-AA13-94215B7BE4B5', '2015-11-24 20:03:27', '2015-11-24 20:03:27', '2015-11-24 00:19:35', '0', 'Being disrespectful', '', '25', '1'), ('116', '51E05FDC-5D97-4BDB-8BDB-3D794BCE6E49', '2015-11-24 20:03:27', '2015-11-24 20:03:27', '2015-11-24 00:19:35', '0', 'Disobeying', '', '25', '1'), ('117', 'A33E542A-BF04-4253-9AB7-2AB253C39AF8', '2015-11-24 20:03:27', '2015-11-24 20:03:27', '2015-11-24 00:19:35', '0', 'Picking up or putting away', '', '25', '1'), ('118', 'F619D1D3-7152-455A-A9EB-FBBB09CFE9D1', '2015-11-24 20:03:27', '2015-11-24 20:03:27', '2015-11-24 00:19:35', '0', 'Using good table manners', '', '25', '1'), ('119', 'B944CDD8-9D45-48F9-A2E7-463B7B066AC0', '2015-11-24 20:03:27', '2015-11-24 20:03:27', '2015-11-24 00:19:35', '0', 'Refusing to eat properly', '', '25', '1'), ('120', 'AC7697D7-EDF4-45C3-8F03-AE8D6173461B', '2015-11-24 20:03:27', '2015-11-24 20:03:27', '2015-11-24 00:19:35', '0', 'Not doing homework', '', '25', '1'), ('121', '7B8CA844-B45E-4143-AF73-1D7D77E1A2C4', '2015-11-24 20:03:27', '2015-11-24 20:03:27', '2015-11-24 00:19:35', '0', 'Washing up or bathing', '', '25', '1'), ('122', '7D44A4FD-D0B7-41E5-9EFE-1A14F47C2944', '2015-11-24 20:03:27', '2015-11-24 20:03:27', '2015-11-24 00:19:35', '0', 'Making good choices', '', '25', '1'), ('123', '74BDF1FF-217F-45C2-A97E-44163B13486C', '2015-11-24 20:03:27', '2015-11-24 20:03:27', '2015-11-24 00:19:35', '0', 'Wasting resources', '', '25', '1'), ('124', '8AFB98AB-EAD3-4244-87F4-DF3B4D535933', '2015-11-24 20:03:27', '2015-11-24 20:03:27', '2015-11-24 00:19:35', '0', 'Name calling', '', '25', '1'), ('125', 'ABD28667-618B-4422-95B1-50A6D7EFDE3C', '2015-11-24 20:03:27', '2015-11-24 20:03:27', '2015-11-24 00:19:35', '0', 'Cursing', '', '25', '1'), ('126', '6EBE80E0-F765-406F-BA11-A226EF7D344F', '2015-11-24 20:03:27', '2015-11-24 20:03:27', '2015-11-24 00:19:35', '0', 'Behaving in public', '', '25', '1'), ('127', '9A7FDC57-1F05-4D1D-B9CD-191567A63BA9', '2015-11-24 20:03:27', '2015-11-24 20:03:27', '2015-11-24 00:19:35', '0', 'Clearing table', '', '25', '1'), ('128', '28DAD7D9-E60C-4EBB-BF69-C3DE2BFF8AA7', '2015-11-24 20:03:27', '2015-11-24 20:03:27', '2015-11-24 00:19:35', '0', 'Cooperating', '', '25', '1'), ('129', '22278D6F-2C20-4E3C-8EEE-9B5D954827DA', '2015-11-24 20:03:27', '2015-11-24 20:03:27', '2015-11-24 00:19:35', '0', 'Ready to go', '', '25', '1'), ('130', '800E9A08-B8F9-4483-9C0A-DF83793D3DBC', '2015-11-24 20:03:27', '2015-11-24 20:03:27', '2015-11-24 00:19:35', '0', 'Being rude', '', '25', '1'), ('131', '874E2F69-9318-488E-8651-E55106251103', '2015-11-24 20:03:27', '2015-11-24 20:03:27', '2015-11-24 00:19:35', '0', 'Being persistent', '', '25', '1'), ('132', 'A20E2D3D-3C5B-495F-AC53-74DE621BF629', '2015-11-24 20:03:27', '2015-11-24 20:03:27', '2015-11-24 00:19:35', '0', 'Sharing', '', '25', '1'), ('133', '6DA5AD5B-B9A6-4FE7-B046-80C6AB76919A', '2015-11-24 20:03:27', '2015-11-24 20:03:27', '2015-11-24 00:19:35', '0', 'Being helpful', '', '25', '1'), ('134', '74756417-BC72-43AC-81A8-01F3B095A809', '2015-11-24 20:03:27', '2015-11-24 20:03:27', '2015-11-24 00:19:35', '0', 'Discouraging someone', '', '25', '1'), ('135', 'B0B88F35-EC28-4F73-9427-A4804B8BAC3D', '2015-11-24 20:03:27', '2015-11-24 20:03:27', '2015-11-24 00:19:35', '0', 'Being dishonest', '', '25', '1'), ('136', 'D63D6710-262D-43C1-84D9-BDCF5628CDCF', '2015-11-24 20:03:27', '2015-11-24 20:03:27', '2015-11-24 00:19:35', '0', 'Brushing teeth', '', '25', '1'), ('137', 'E3A13BF1-DDD2-4293-83E7-5521A6F12A4C', '2015-11-24 20:03:27', '2015-11-24 20:03:27', '2015-11-24 00:19:35', '0', 'Being brave', '', '25', '1'), ('138', 'E289A30A-BEAB-4EAF-BDB7-6887350A8C92', '2015-11-24 20:03:27', '2015-11-24 20:03:27', '2015-11-24 00:19:35', '0', 'Yelling or screaming', '', '25', '1'), ('139', '95F9D1FC-5CD5-4FFC-9BBB-4AA0551AF417', '2015-11-24 20:03:27', '2015-11-24 20:03:27', '2015-11-24 00:19:35', '0', 'Using polite language', '', '25', '1'), ('140', '708304CD-7269-422F-9603-F6E76120AACE', '2015-11-24 20:03:27', '2015-11-24 20:03:27', '2015-11-24 00:19:35', '0', 'Not being ready on time', '', '25', '1'), ('141', '65625DF4-F4D1-4B03-AEC5-FA72050691B8', '2015-11-24 20:03:27', '2015-11-24 20:03:27', '2015-11-24 00:19:35', '0', 'Doing homework', '', '25', '1'), ('142', 'DF4D5463-6D20-4245-9AAB-E1E06E10813D', '2015-11-24 20:03:27', '2015-11-24 20:03:27', '2015-11-24 00:19:35', '0', 'Leaving a mess', '', '25', '1'), ('143', '4E5042B1-BE5F-41EF-8D9A-E3546113EE74', '2015-11-24 20:03:27', '2015-11-24 20:03:27', '2015-11-24 00:19:35', '0', 'Trying something new', '', '25', '1'), ('144', '11D6768D-61D9-4E35-9C04-A136FA296C93', '2015-11-24 20:03:27', '2015-11-24 20:03:27', '2015-11-24 00:19:35', '0', 'Self-starting', '', '25', '1'), ('145', '65ABF56D-9701-4769-A0B5-A1BF9CD3410B', '2015-11-24 20:03:27', '2015-11-24 20:03:27', '2015-11-24 00:19:35', '0', 'Hurting someone', '', '25', '1'), ('146', 'D34E65E2-EF03-407E-A172-F380708B8F42', '2015-11-24 20:03:27', '2015-11-24 20:03:27', '2015-11-24 00:19:35', '0', 'Greeting someone nicely', '', '25', '1'), ('147', '0ACB2706-5CF0-4CE9-9797-F626566D6D2C', '2015-11-24 20:03:27', '2015-11-24 20:03:27', '2015-11-24 00:19:35', '0', 'Throwing a fit', '', '25', '1'), ('148', 'A388837C-F9DB-4C56-A87C-9FA30D038B49', '2015-11-24 20:03:27', '2015-11-24 20:03:27', '2015-11-24 00:19:35', '0', 'Making bed', '', '25', '1'), ('149', '3EDD3D2C-A1FA-4E86-9804-E17F1ADB0BC6', '2015-11-24 20:03:27', '2015-11-24 20:03:27', '2015-11-24 00:19:35', '0', 'Eating well', '', '25', '1'), ('150', '6C9EC0FA-DCBC-4594-B19A-9223532A1931', '2015-11-24 20:06:12', '2015-11-24 20:10:12', '2015-11-24 20:04:20', '0', 'Not running', '', '27', '1'), ('151', '4EC37688-5656-4CEA-B40E-F47DFE740CB0', '2015-11-24 20:06:12', '2015-11-24 20:10:12', '2015-11-24 20:04:20', '0', 'Keeping things organized', '', '27', '1'), ('152', '20D3C4D3-93A4-4587-8116-E4E7E2DF0DE8', '2015-11-24 20:06:12', '2015-11-24 20:10:12', '2015-11-24 20:04:20', '0', 'Eating properly', '', '27', '1'), ('153', '863D6310-C88A-4686-9BFE-7A2274BA4F6A', '2015-11-24 20:06:12', '2015-11-24 20:10:12', '2015-11-24 20:04:20', '0', 'Not respecting different rules', '', '27', '1'), ('154', '044F3C62-1761-495B-B888-80987AB3EE44', '2015-11-24 20:06:12', '2015-11-24 20:10:12', '2015-11-24 20:04:20', '0', 'Refusing to eat properly', '', '27', '1'), ('155', 'F751422E-F210-4FE0-8E74-56B0C3273A89', '2015-11-24 20:06:12', '2015-11-24 20:10:12', '2015-11-24 20:04:20', '0', 'Being rude to hosts', '', '27', '1'), ('156', '792745BB-E203-4DC0-AEA3-D281702A445D', '2015-11-24 20:06:12', '2015-11-24 20:10:12', '2015-11-24 20:04:20', '0', 'Taking baths', '', '27', '1'), ('157', '8B9522C8-22F9-4BCE-B626-078830DF8871', '2015-11-24 20:06:12', '2015-11-24 20:10:12', '2015-11-24 20:04:20', '0', 'Cursing', '', '27', '1'), ('158', '107CF20D-1ABE-41F3-A37F-C25D2A05C5E8', '2015-11-24 20:06:12', '2015-11-24 20:10:12', '2015-11-24 20:04:20', '0', 'Using polite language', '', '27', '1'), ('159', '682F9FB6-A244-49F6-83DA-28B1FA274647', '2015-11-24 20:06:12', '2015-11-24 20:10:12', '2015-11-24 20:04:20', '0', 'Respecting different rules', '', '27', '1'), ('160', 'E6638CBE-AB64-4702-887F-2E2D7E5974AF', '2015-11-24 20:06:12', '2015-11-24 20:10:12', '2015-11-24 20:04:20', '0', 'Arguing about plans', '', '27', '1'), ('161', '03D89CCD-6E85-4D10-B5E7-015613D496C6', '2015-11-24 20:06:12', '2015-11-24 20:10:12', '2015-11-24 20:04:20', '0', 'Thanking our hosts', '', '27', '1'), ('162', '2C145D2E-ABBC-44E5-A076-7CAD7F4A00F4', '2015-11-24 20:06:12', '2015-11-24 20:10:12', '2015-11-24 20:04:20', '0', 'Staying calm and close by', '', '27', '1'), ('163', '5CF4E6F6-EECE-4276-A0FF-E39705EAE7A8', '2015-11-24 20:06:12', '2015-11-24 20:10:12', '2015-11-24 20:04:20', '0', 'Causing group to be late', '', '27', '1'), ('164', 'E6A179D2-5A71-42CE-A1CF-4F391982E6D0', '2015-11-24 20:06:12', '2015-11-24 20:10:12', '2015-11-24 20:04:20', '0', 'Greeting people nicely', '', '27', '1'), ('165', '8A67F861-69C7-42AC-BDED-1ADEF77B716F', '2015-11-24 20:06:12', '2015-11-24 20:10:12', '2015-11-24 20:04:20', '0', 'Brushing teeth', '', '27', '1'), ('166', 'B5E248E9-7054-4A3D-ACB0-6EF7F61A7395', '2015-11-24 20:06:12', '2015-11-24 20:10:12', '2015-11-24 20:04:20', '0', 'Behaving while traveling', '', '27', '1'), ('167', '07874F94-B209-42FB-8E7E-47EEB548419D', '2015-11-24 20:06:12', '2015-11-24 20:10:12', '2015-11-24 20:04:20', '0', 'Listening to others', '', '27', '1'), ('168', '94118E8D-97C0-44BF-8780-FCD913D99FE9', '2015-11-24 20:06:12', '2015-11-24 20:10:12', '2015-11-24 20:04:20', '0', 'Being ready to go', '', '27', '1'), ('169', '251FF2B3-B0F8-4F8E-AD6B-2A642F7AA39B', '2015-11-24 20:06:12', '2015-11-24 20:10:12', '2015-11-24 20:04:20', '0', 'Throwing tantrums', '', '27', '1'), ('170', '709E18F9-3EB0-4AA9-89D1-E2F7A1FC96F2', '2015-11-24 20:06:12', '2015-11-24 20:10:12', '2015-11-24 20:04:20', '0', 'Holding doors for people', '', '27', '1'), ('171', 'E6178048-2C18-4F77-AA7D-AACDBE8E0FF8', '2015-11-24 20:06:12', '2015-11-24 20:10:12', '2015-11-24 20:04:20', '0', 'Following instructions', '', '27', '1'), ('172', '45D02AFA-F2DC-4404-AFAE-0533B7DA25B2', '2015-11-24 20:06:12', '2015-11-24 20:10:13', '2015-11-24 20:04:20', '0', 'Leaving a mess', '', '27', '1'), ('173', 'F3F04E54-16FA-4CFA-8A72-9B111ED3846F', '2015-11-24 20:06:12', '2015-11-24 20:10:13', '2015-11-24 20:04:20', '0', 'Staying up past bedtime', '', '27', '1'), ('174', '227A155E-8334-4E02-BC4B-982EEF1DF8B2', '2015-11-24 20:06:12', '2015-11-24 20:10:13', '2015-11-24 20:04:20', '0', 'Using proper table manners', '', '27', '1'), ('175', '98EBC858-A91C-4EB8-970B-73B644CF9753', '2015-11-24 20:06:12', '2015-11-24 20:10:13', '2015-11-24 20:04:20', '0', 'Being disrespectful', '', '27', '1'), ('176', '02ACAB3D-1981-422F-987B-B24AE067FBC9', '2015-11-24 20:06:12', '2015-11-24 20:10:13', '2015-11-24 20:04:20', '0', 'Cooperating', '', '27', '1'), ('177', '712B95B3-03A0-46B4-94DB-5623CC7324A8', '2015-11-24 20:06:12', '2015-11-24 20:10:13', '2015-11-24 20:04:20', '0', 'Yelling, screaming or whining', '', '27', '1'), ('178', '1B97B80F-9FC8-48A4-BF6E-0EFDFE1FC665', '2015-11-24 20:06:12', '2015-11-24 20:10:13', '2015-11-24 20:04:20', '0', 'Behaving in public', '', '27', '1'), ('179', 'D9BE868F-A9B6-4E93-A0E5-B92E707399B9', '2015-11-24 20:06:12', '2015-11-24 20:10:13', '2015-11-24 20:04:20', '0', 'Being open to new things', '', '27', '1'), ('180', 'BC4DA8EE-8137-4626-9E2C-4035AF209F07', '2015-11-24 20:06:12', '2015-11-24 20:10:13', '2015-11-24 20:04:20', '0', 'Keeping a routine', '', '27', '1'), ('181', '90CA1530-0E35-4DC6-A159-FB25D2CE073C', '2015-11-24 20:06:12', '2015-11-24 20:10:13', '2015-11-24 20:04:20', '0', 'Running in public places', '', '27', '1'), ('182', 'FF95F6D5-71FD-44FE-93A5-9DA46153980C', '2015-11-24 20:06:12', '2015-11-24 20:10:13', '2015-11-24 20:04:20', '0', 'Going to bed on time', '', '27', '1'), ('183', '6F8490F9-F22C-4451-A2DB-53146CC38BA4', '2015-11-24 20:06:12', '2015-11-24 20:10:13', '2015-11-24 20:04:20', '0', 'Being careless with others\' things', '', '27', '1'), ('184', 'F63234AE-2903-4F02-8E4E-A741EF7B0930', '2015-11-24 20:06:12', '2015-11-24 20:10:13', '2015-11-24 20:04:20', '0', 'Using poor table manners', '', '27', '1'), ('185', '5109220A-6A13-4E2E-B918-A1F9C221BEE4', '2015-11-24 20:06:12', '2015-11-24 20:10:13', '2015-11-24 20:04:20', '0', 'Fighting', '', '27', '1'), ('186', '84D04220-24F4-473B-BFA6-2FBC92D91D7E', '2015-11-24 20:06:12', '2015-11-24 20:10:13', '2015-11-24 20:04:20', '0', 'Using social voices', '', '27', '1'), ('187', '102D7258-98B1-4509-9F7C-D4031BE4ED96', '2015-11-24 20:06:12', '2015-11-24 20:10:13', '2015-11-24 20:04:20', '0', 'Respecting adults', '', '27', '1'), ('188', '0EC152F0-391C-4705-A48C-2CCEAE6D36D9', '2015-11-24 20:06:12', '2015-11-24 20:10:13', '2015-11-24 20:04:20', '0', 'Wandering off', '', '27', '1'), ('189', '94B9162F-5794-443B-91D2-097E0311FBBF', '2015-11-24 20:06:12', '2015-11-24 20:10:13', '2015-11-24 20:04:20', '0', 'Disobeying instructions', '', '27', '1'), ('190', 'B3EDD2C9-C402-4B2F-90FA-BF87E1A5E233', '2015-11-24 20:06:12', '2015-11-24 20:10:13', '2015-11-24 20:04:20', '0', 'Not brushing teeth', '', '27', '1'), ('191', '35009EE6-AF46-4A55-AAEA-0C0F1CC1D5D7', '2015-11-24 20:06:12', '2015-11-24 20:10:13', '2015-11-24 20:04:20', '0', 'Skipping baths or showers', '', '27', '1'), ('192', 'E216EB7D-0623-450A-AD38-34B2206E4AB5', '2015-11-24 20:10:13', '2015-11-24 20:18:19', '2015-11-24 20:05:37', '0', 'Wandering off', '', '28', '1'), ('193', 'A698122F-8B30-4A8C-963F-D46DC69C9AC7', '2015-11-24 20:10:13', '2015-11-24 20:18:19', '2015-11-24 20:05:37', '0', 'Being ready to go', '', '28', '1'), ('194', '35C65F8C-3C16-4461-8EB6-DE0B1BE4E145', '2015-11-24 20:10:13', '2015-11-24 20:18:19', '2015-11-24 20:05:37', '0', 'Causing group to be late', '', '28', '1'), ('195', '23CE63F9-FE8F-4E05-B462-29FF1583FF80', '2015-11-24 20:10:13', '2015-11-24 20:18:19', '2015-11-24 20:05:37', '0', 'Being open to new things', '', '28', '1'), ('196', '1B7FE240-94C6-40C8-9C68-DC59E9A9355E', '2015-11-24 20:10:13', '2015-11-24 20:18:19', '2015-11-24 20:05:37', '0', 'Greeting people nicely', '', '28', '1'), ('197', '64F0510A-891D-44D1-8F56-8E92C5850888', '2015-11-24 20:10:13', '2015-11-24 20:18:19', '2015-11-24 20:05:37', '0', 'Staying up past bedtime', '', '28', '1'), ('198', '8B8AC44D-9067-40AD-9288-666BC0528A1D', '2015-11-24 20:10:13', '2015-11-24 20:18:19', '2015-11-24 20:05:37', '0', 'Listening to others', '', '28', '1'), ('199', '01CE35DB-63B1-4780-AA0E-D421F567C53E', '2015-11-24 20:10:13', '2015-11-24 20:18:19', '2015-11-24 20:05:37', '0', 'Taking baths', '', '28', '1'), ('200', 'C680DA6C-61B8-4524-8F66-5BF390D9284F', '2015-11-24 20:10:13', '2015-11-24 20:18:19', '2015-11-24 20:05:37', '0', 'Keeping things organized', '', '28', '1'), ('201', '3B81C074-D1AB-4AF7-A66B-4022E32CAC65', '2015-11-24 20:10:13', '2015-11-24 20:18:19', '2015-11-24 20:05:37', '0', 'Arguing about plans', '', '28', '1'), ('202', 'AEC451AA-1AE6-4EF6-9390-5B399E323036', '2015-11-24 20:10:13', '2015-11-24 20:18:19', '2015-11-24 20:05:37', '0', 'Cursing', '', '28', '1'), ('203', '3BBAC002-62AE-454A-9EDB-955D9D7961D5', '2015-11-24 20:10:13', '2015-11-24 20:18:19', '2015-11-24 20:05:37', '0', 'Being rude to hosts', '', '28', '1'), ('204', '4CED6A28-C924-4550-ACEF-68599CB82382', '2015-11-24 20:10:13', '2015-11-24 20:18:19', '2015-11-24 20:05:37', '0', 'Behaving in public', '', '28', '1'), ('205', '048F4F7F-9623-4CB9-BE85-5190B21CB37A', '2015-11-24 20:10:13', '2015-11-24 20:18:19', '2015-11-24 20:05:37', '0', 'Holding doors for people', '', '28', '1'), ('206', '64F3ED09-862F-4995-8CBD-E88AAE31E763', '2015-11-24 20:10:13', '2015-11-24 20:18:19', '2015-11-24 20:05:37', '0', 'Thanking our hosts', '', '28', '1'), ('207', '358F6D50-202D-4EED-A6EE-1B42D2651319', '2015-11-24 20:10:13', '2015-11-24 20:18:19', '2015-11-24 20:05:37', '0', 'Not respecting different rules', '', '28', '1'), ('208', 'CC1431DF-2883-4FA3-862B-6C9859841C14', '2015-11-24 20:10:13', '2015-11-24 20:18:19', '2015-11-24 20:05:37', '0', 'Using social voices', '', '28', '1'), ('209', '630940CC-209A-4C7A-9044-F01F6D448BC4', '2015-11-24 20:10:13', '2015-11-24 20:18:19', '2015-11-24 20:05:37', '0', 'Brushing teeth', '', '28', '1'), ('210', 'A052503B-950B-4005-A109-9B263B48B907', '2015-11-24 20:10:13', '2015-11-24 20:18:19', '2015-11-24 20:05:37', '0', 'Fighting', '', '28', '1'), ('211', 'DCDC431E-4F68-42B1-A6B1-96F8042FBDDD', '2015-11-24 20:10:13', '2015-11-24 20:18:19', '2015-11-24 20:05:37', '0', 'Going to bed on time', '', '28', '1'), ('212', 'C2715834-C67F-47EE-AC05-E16092C0FDA8', '2015-11-24 20:10:13', '2015-11-24 20:18:19', '2015-11-24 20:05:37', '0', 'Not brushing teeth', '', '28', '1'), ('213', '39E37DB9-245F-4E0B-B3EA-DA0714A3B09C', '2015-11-24 20:10:13', '2015-11-24 20:18:19', '2015-11-24 20:05:37', '0', 'Following instructions', '', '28', '1'), ('214', '5DCC3FAB-29C5-4F57-A559-49B9D1E509D1', '2015-11-24 20:10:13', '2015-11-24 20:18:19', '2015-11-24 20:05:37', '0', 'Running in public places', '', '28', '1'), ('215', '33BCD52C-54DA-4505-BF8F-F6BE5764B882', '2015-11-24 20:10:13', '2015-11-24 20:18:19', '2015-11-24 20:05:37', '0', 'Using poor table manners', '', '28', '1'), ('216', 'D092C35D-B890-4002-BF09-71A9E3BDA6D2', '2015-11-24 20:10:13', '2015-11-24 20:18:19', '2015-11-24 20:05:37', '0', 'Using proper table manners', '', '28', '1'), ('217', '1B64B270-B1D2-4E48-AD4A-B3759D35C4D3', '2015-11-24 20:10:13', '2015-11-24 20:18:19', '2015-11-24 20:05:37', '0', 'Using polite language', '', '28', '1'), ('218', '738915B4-D5C9-4870-97D6-38F65CBA7012', '2015-11-24 20:10:13', '2015-11-24 20:18:19', '2015-11-24 20:05:37', '0', 'Being disrespectful', '', '28', '1'), ('219', '021DCC68-6D9A-4D26-BC80-6B96A31E9F1F', '2015-11-24 20:10:13', '2015-11-24 20:18:19', '2015-11-24 20:05:37', '0', 'Leaving a mess', '', '28', '1'), ('220', '8CE3903F-940E-47B3-AF1B-C13FBF544E2C', '2015-11-24 20:10:13', '2015-11-24 20:18:19', '2015-11-24 20:05:37', '0', 'Respecting different rules', '', '28', '1'), ('221', '140B4DDE-A920-42C6-AF55-8DED873788B0', '2015-11-24 20:10:13', '2015-11-24 20:18:19', '2015-11-24 20:05:37', '0', 'Staying calm and close by', '', '28', '1'), ('222', '9459C96E-A64F-4A43-AB82-9AA01DB82DF2', '2015-11-24 20:10:13', '2015-11-24 20:18:19', '2015-11-24 20:05:37', '0', 'Behaving while traveling', '', '28', '1'), ('223', '2E910D5E-ECA8-4B2B-93F3-895214E0483F', '2015-11-24 20:10:13', '2015-11-24 20:18:19', '2015-11-24 20:05:37', '0', 'Respecting adults', '', '28', '1'), ('224', '8DE3F918-81F9-43EB-93C1-2059CA29C309', '2015-11-24 20:10:13', '2015-11-24 20:18:19', '2015-11-24 20:05:37', '0', 'Throwing tantrums', '', '28', '1'), ('225', 'CDC2F9F6-3FAB-4BA3-B79E-AE61D722B2D8', '2015-11-24 20:10:13', '2015-11-24 20:18:19', '2015-11-24 20:05:37', '0', 'Being careless with others\' things', '', '28', '1'), ('226', 'F364A8A0-16EA-44F3-A6A8-179A581D6752', '2015-11-24 20:10:13', '2015-11-24 20:18:19', '2015-11-24 20:05:37', '0', 'Keeping a routine', '', '28', '1'), ('227', '4EAC4D69-CCAA-4114-BBB6-B08FA2B65CBD', '2015-11-24 20:10:13', '2015-11-24 20:18:19', '2015-11-24 20:05:37', '0', 'Disobeying instructions', '', '28', '1'), ('228', '92BF2B38-9A7D-48A1-AA23-A0B26C277764', '2015-11-24 20:10:13', '2015-11-24 20:18:19', '2015-11-24 20:05:37', '0', 'Skipping baths or showers', '', '28', '1'), ('229', 'D1EC2433-41C3-4EFF-B152-402EF61A5306', '2015-11-24 20:10:13', '2015-11-24 20:18:19', '2015-11-24 20:05:37', '0', 'Cooperating', '', '28', '1'), ('230', '64165C84-4077-4ABE-A37F-47B72AB71381', '2015-11-24 20:10:13', '2015-11-24 20:18:19', '2015-11-24 20:05:37', '0', 'Yelling, screaming or whining', '', '28', '1'), ('231', '4D126DFA-0095-4A94-857D-AA2C54FED9B5', '2015-11-24 20:10:13', '2015-11-24 20:18:19', '2015-11-24 20:05:37', '0', 'Eating properly', '', '28', '1'), ('232', '5DE1793B-690E-4D9E-B837-3865C089D1AC', '2015-11-24 20:10:13', '2015-11-24 20:18:19', '2015-11-24 20:05:37', '0', 'Refusing to eat properly', '', '28', '1'), ('233', '905D9D61-2A53-434A-BEAE-BE7D64EFF9BF', '2015-11-24 20:10:13', '2015-11-24 20:18:19', '2015-11-24 20:05:37', '0', 'Not running', '', '28', '1'), ('234', '12F11725-63C3-4F21-BDF3-6F2EABDC13EC', '2015-11-24 20:11:08', '2015-11-24 20:12:13', '2015-11-24 20:09:55', '0', 'Cursing', '', '29', '1'), ('235', '3435FBDB-22FB-4A80-8DCA-8E3228270F5E', '2015-11-24 20:11:08', '2015-11-24 20:12:13', '2015-11-24 20:09:55', '0', 'Respecting different rules', '', '29', '1'), ('236', '5552D804-0D61-4B04-B203-C095BC02636B', '2015-11-24 20:11:08', '2015-11-24 20:12:13', '2015-11-24 20:09:55', '0', 'Cooperating', '', '29', '1'), ('237', '58126F18-66D5-440C-A659-7BF02C14855D', '2015-11-24 20:11:08', '2015-11-24 20:12:13', '2015-11-24 20:09:55', '0', 'Wandering off', '', '29', '1'), ('238', 'BCD57B0E-1B96-41E0-8729-17B19899781E', '2015-11-24 20:11:08', '2015-11-24 20:12:13', '2015-11-24 20:09:55', '0', 'Going to bed on time', '', '29', '1'), ('239', '62C91672-D3CD-4FF5-80B4-BD04420FCCBA', '2015-11-24 20:11:08', '2015-11-24 20:12:13', '2015-11-24 20:09:55', '0', 'Behaving while traveling', '', '29', '1'), ('240', '442234A1-D971-4809-BB3F-ADAC2A904A7E', '2015-11-24 20:11:08', '2015-11-24 20:12:13', '2015-11-24 20:09:55', '0', 'Staying up past bedtime', '', '29', '1'), ('241', '0A90E318-C5A6-4B5B-AA29-548A989F68AE', '2015-11-24 20:11:08', '2015-11-24 20:12:13', '2015-11-24 20:09:55', '0', 'Leaving a mess', '', '29', '1'), ('242', 'E0F08C93-15E9-4802-B9CC-4858F63ABD74', '2015-11-24 20:11:08', '2015-11-24 20:12:13', '2015-11-24 20:09:55', '0', 'Staying calm and close by', '', '29', '1'), ('243', 'A2C6636D-AA41-4A6D-B38D-F9054D590122', '2015-11-24 20:11:08', '2015-11-24 20:12:13', '2015-11-24 20:09:55', '0', 'Throwing tantrums', '', '29', '1'), ('244', '7A4F6C59-77B6-4171-A429-1595311377E6', '2015-11-24 20:11:08', '2015-11-24 20:12:13', '2015-11-24 20:09:55', '0', 'Using poor table manners', '', '29', '1'), ('245', '37DEE4C6-DA7F-4557-A3D4-F7B5BAFB1E1A', '2015-11-24 20:11:08', '2015-11-24 20:12:13', '2015-11-24 20:09:55', '0', 'Being disrespectful', '', '29', '1'), ('246', 'B32A27A3-63EE-4004-82A3-7DE233A68B7A', '2015-11-24 20:11:08', '2015-11-24 20:12:13', '2015-11-24 20:09:55', '0', 'Thanking our hosts', '', '29', '1'), ('247', 'AF0A17EF-8DDD-4D4A-B62C-9DFB08DC963F', '2015-11-24 20:11:08', '2015-11-24 20:12:13', '2015-11-24 20:09:55', '0', 'Not running', '', '29', '1'), ('248', '5E05037B-A11A-4D99-9405-CC38B0DF4F64', '2015-11-24 20:11:08', '2015-11-24 20:12:13', '2015-11-24 20:09:55', '0', 'Being ready to go', '', '29', '1'), ('249', 'C0CD414B-BCC6-4A80-959A-BE46DB83F32F', '2015-11-24 20:11:08', '2015-11-24 20:12:13', '2015-11-24 20:09:55', '0', 'Respecting adults', '', '29', '1'), ('250', '10510C93-0400-43AF-ADA2-149E5607B860', '2015-11-24 20:11:08', '2015-11-24 20:12:13', '2015-11-24 20:09:55', '0', 'Fighting', '', '29', '1'), ('251', 'D9F334C1-EF1B-4178-897C-78960D45A328', '2015-11-24 20:11:08', '2015-11-24 20:12:13', '2015-11-24 20:09:55', '0', 'Greeting people nicely', '', '29', '1'), ('252', '4CF2E1C8-37DD-4A44-A72B-595B18716F96', '2015-11-24 20:11:08', '2015-11-24 20:12:13', '2015-11-24 20:09:55', '0', 'Being open to new things', '', '29', '1'), ('253', 'D8CD91BE-9983-4B47-867D-B09DAE740761', '2015-11-24 20:11:08', '2015-11-24 20:12:13', '2015-11-24 20:09:55', '0', 'Keeping things organized', '', '29', '1'), ('254', '13E97D3C-CC4A-4A87-95A7-917E1238025A', '2015-11-24 20:11:08', '2015-11-24 20:12:13', '2015-11-24 20:09:55', '0', 'Keeping a routine', '', '29', '1'), ('255', 'ED9DEBC5-2C07-40D3-A627-A08B31E471CF', '2015-11-24 20:11:08', '2015-11-24 20:12:13', '2015-11-24 20:09:55', '0', 'Running in public places', '', '29', '1'), ('256', '7E6B4252-5B4E-42F3-9A39-7D809235F1A2', '2015-11-24 20:11:08', '2015-11-24 20:12:13', '2015-11-24 20:09:55', '0', 'Not brushing teeth', '', '29', '1'), ('257', 'A41C6E4D-DBBA-429D-8CBB-678D19BC84E7', '2015-11-24 20:11:08', '2015-11-24 20:12:13', '2015-11-24 20:09:55', '0', 'Using social voices', '', '29', '1'), ('258', 'F95FE785-EAB4-4665-82FB-B3B3191DD8CB', '2015-11-24 20:11:08', '2015-11-24 20:12:13', '2015-11-24 20:09:55', '0', 'Eating properly', '', '29', '1'), ('259', '96F6B936-2E47-4E42-94A3-45419B672414', '2015-11-24 20:11:08', '2015-11-24 20:12:13', '2015-11-24 20:09:55', '0', 'Following instructions', '', '29', '1'), ('260', '776B8AAB-8DD1-439C-9C27-18737BD32CA0', '2015-11-24 20:11:08', '2015-11-24 20:12:13', '2015-11-24 20:09:55', '0', 'Using polite language', '', '29', '1'), ('261', 'C8E1D68D-94D0-41D2-8FBB-64BD59743046', '2015-11-24 20:11:08', '2015-11-24 20:12:13', '2015-11-24 20:09:55', '0', 'Behaving in public', '', '29', '1'), ('262', '6F0D6C36-65CD-4776-8E08-C0A7533E0D82', '2015-11-24 20:11:08', '2015-11-24 20:12:13', '2015-11-24 20:09:55', '0', 'Arguing about plans', '', '29', '1'), ('263', 'AA3E5B1D-483E-4185-9F15-F984FF845A44', '2015-11-24 20:11:08', '2015-11-24 20:12:13', '2015-11-24 20:09:55', '0', 'Being rude to hosts', '', '29', '1'), ('264', '868EA7EB-0194-4FFC-820F-966815339160', '2015-11-24 20:11:08', '2015-11-24 20:12:13', '2015-11-24 20:09:55', '0', 'Taking baths', '', '29', '1'), ('265', '2BEC46AD-429C-4425-AC28-57AA819BD2C5', '2015-11-24 20:11:08', '2015-11-24 20:12:13', '2015-11-24 20:09:55', '0', 'Brushing teeth', '', '29', '1'), ('266', '46B2F3E4-D613-4A5F-A79A-EB02E31F5B85', '2015-11-24 20:11:08', '2015-11-24 20:12:13', '2015-11-24 20:09:55', '0', 'Disobeying instructions', '', '29', '1'), ('267', 'D7A57B7D-8C7B-4445-8586-157D0A4ED81B', '2015-11-24 20:11:08', '2015-11-24 20:12:13', '2015-11-24 20:09:55', '0', 'Skipping baths or showers', '', '29', '1'), ('268', '2219125E-7762-4C83-BC7A-1D7AC134B941', '2015-11-24 20:11:08', '2015-11-24 20:12:13', '2015-11-24 20:09:55', '0', 'Refusing to eat properly', '', '29', '1'), ('269', 'B8E9FD7F-6D05-495C-A1E5-6A645FD3BC04', '2015-11-24 20:11:08', '2015-11-24 20:12:13', '2015-11-24 20:09:55', '0', 'Listening to others', '', '29', '1'), ('270', '9ADC4C6E-C92F-4706-9A77-CBD6E53CA5EB', '2015-11-24 20:11:08', '2015-11-24 20:12:13', '2015-11-24 20:09:55', '0', 'Being careless with others\' things', '', '29', '1'), ('271', 'C7F65920-F382-4D1D-94F2-0BA07ACD7505', '2015-11-24 20:11:08', '2015-11-24 20:12:13', '2015-11-24 20:09:55', '0', 'Causing group to be late', '', '29', '1'), ('272', 'D3511444-7421-4CE0-B7E8-E50A1A4F34A8', '2015-11-24 20:11:08', '2015-11-24 20:12:13', '2015-11-24 20:09:55', '0', 'Holding doors for people', '', '29', '1'), ('273', '715F71D0-7E24-48CD-BEC7-D1D813DE921F', '2015-11-24 20:11:08', '2015-11-24 20:12:13', '2015-11-24 20:09:55', '0', 'Not respecting different rules', '', '29', '1'), ('274', '575AC7F1-B332-4C37-8E44-ECADB150AA9C', '2015-11-24 20:11:08', '2015-11-24 20:12:13', '2015-11-24 20:09:55', '0', 'Using proper table manners', '', '29', '1'), ('275', 'E3DB1EC6-A444-4CA8-8D14-423563C7A0A9', '2015-11-24 20:11:08', '2015-11-24 20:12:13', '2015-11-24 20:09:55', '0', 'Yelling, screaming or whining', '', '29', '1'), ('276', '78AC0814-7C37-4A61-AEED-FB4673D9A451', '2015-11-25 02:14:00', '2015-11-25 02:14:00', '2015-11-25 02:06:02', '0', 'Conserving resources', '', '30', '1'), ('277', 'B8597F06-7E7E-4EF3-8C82-B4B4BD1C433F', '2015-11-25 02:14:00', '2015-11-25 02:14:00', '2015-11-25 02:06:02', '0', 'Using indoor voice', '', '30', '1'), ('278', 'CEB98ED4-CF9A-46C7-871F-E9F23BD5E6F5', '2015-11-25 02:14:00', '2015-11-25 21:49:33', '2015-11-25 21:30:15', '0', 'Name calling', '', '30', '1'), ('279', '1F9B21BD-6E3F-4992-B142-B07803B56F8D', '2015-11-25 02:14:00', '2015-11-25 02:14:00', '2015-11-25 02:06:02', '0', 'Wasting resources', '', '30', '1'), ('280', 'C0B8FADC-3D86-4FF0-923E-D8F8536D0166', '2015-11-25 02:14:00', '2015-11-25 02:14:00', '2015-11-25 02:06:02', '0', 'Cooperating', '', '30', '1'), ('281', 'CA04B545-6A5E-4DFF-A9FF-6BEB0BA0E408', '2015-11-25 02:14:00', '2015-11-25 02:14:00', '2015-11-25 02:06:02', '0', 'Making bed', '', '30', '1'), ('282', '4D130402-5CCA-4450-B26E-5EBC241548C2', '2015-11-25 02:14:00', '2015-11-25 02:14:00', '2015-11-25 02:06:02', '0', 'Discouraging someone', '', '30', '1'), ('283', '32D9D224-4CFF-4C1D-9A58-BC553DB6C025', '2015-11-25 02:14:00', '2015-11-25 02:14:00', '2015-11-25 02:06:02', '0', 'Not doing homework', '', '30', '1'), ('284', '8FD2A7EE-64F9-4A20-BFED-971A763CA5AE', '2015-11-25 02:14:00', '2015-11-25 02:14:00', '2015-11-25 02:06:02', '0', 'Brushing teeth', '', '30', '1'), ('285', 'F0DA8CD3-60D3-4F38-9A83-73D9BDD2C19E', '2015-11-25 02:14:00', '2015-11-25 23:24:18', '2015-11-25 23:11:36', '0', 'Saying \"Please\" or \"Thank You!\"', '', '30', '1'), ('286', 'E2A61F85-129E-42B5-BAA0-B32D216B044C', '2015-11-25 02:14:00', '2015-11-25 06:41:13', '2015-11-25 06:09:20', '0', 'Being rude', '', '30', '1'), ('287', '49E22A79-8B35-4B58-B8DE-8B2D14ED6374', '2015-11-25 02:14:00', '2015-11-25 20:04:49', '2015-11-25 18:20:23', '0', 'Not being ready on time', '', '30', '1'), ('288', '6EB132E0-84EC-4E05-9922-0DAB48BDB19E', '2015-11-25 02:14:00', '2015-11-27 03:44:56', '2015-11-27 03:39:56', '0', 'Not thinking it through', '', '30', '1'), ('289', 'CFF515F0-2F99-4940-8988-3D7A3FCA3CF8', '2015-11-25 02:14:00', '2015-12-08 05:06:09', '2015-12-08 04:39:35', '0', 'Using juicy words', '', '30', '1'), ('290', 'C10FA899-A060-4792-B6C0-6FC0C1569D7E', '2015-11-25 02:14:00', '2015-11-25 02:14:00', '2015-11-25 02:06:02', '0', 'Talking back', '', '30', '1'), ('291', 'DA66627B-18D6-448F-BE03-C8FF5A3EAD3C', '2015-11-25 02:14:00', '2015-11-25 02:14:00', '2015-11-25 02:06:02', '0', 'Using polite language', '', '30', '1'), ('292', '4FF126BA-B7D9-4606-AB62-98F974818F65', '2015-11-25 02:14:00', '2015-11-25 02:53:22', '2015-11-25 02:26:50', '0', 'Being mean', '', '30', '1'), ('293', '82497D95-D6FE-4918-ABE6-33994AA03F3C', '2015-11-25 02:14:00', '2015-11-25 02:53:22', '2015-11-25 02:26:50', '0', 'Cursing', '', '30', '1'), ('294', '9BBBDC10-CF5A-4772-843A-CBE4EEF69516', '2015-11-25 02:14:00', '2015-11-25 02:14:00', '2015-11-25 02:06:02', '0', 'Using good table manners', '', '30', '1'), ('295', 'D70C33DF-D556-427B-8B52-53E8AE3E201B', '2015-11-25 02:14:00', '2015-11-25 02:14:00', '2015-11-25 02:06:02', '0', 'Being persistent', '', '30', '1'), ('296', 'F2EF0273-FE1D-4AB1-B4CB-FA8F1DCBCBFD', '2015-11-25 02:14:00', '2015-11-25 02:14:00', '2015-11-25 02:06:02', '0', 'Washing up or bathing', '', '30', '1'), ('297', '70123300-0E03-476E-8061-F0FAC0B8880F', '2015-11-25 02:14:00', '2015-11-25 21:30:46', '2015-11-25 20:16:51', '0', 'Kicking or hitting', '', '30', '1'), ('298', '8D609DF4-B985-4A78-94A6-55B89BE76536', '2015-11-25 02:14:00', '2015-11-25 06:09:20', '2015-11-25 05:54:55', '0', 'Disobeying', '', '30', '1'), ('299', '0C5918D2-41A5-4D69-9864-B244C3F3E5A4', '2015-11-25 02:14:00', '2015-11-27 03:49:29', '2015-11-27 03:40:03', '0', 'Making good choices', '', '30', '1'), ('300', 'A53C9FD1-D2B8-44D6-B865-B255BA8275C0', '2015-11-25 02:14:00', '2015-11-25 02:14:00', '2015-11-25 02:06:02', '0', 'Picking up or putting away', '', '30', '1'), ('301', '33B84A09-F560-42C1-9876-19260A15626B', '2015-11-25 02:14:00', '2015-11-25 02:14:00', '2015-11-25 02:06:02', '0', 'Trying something new', '', '30', '1'), ('302', '7857BDD2-47D9-4EE7-BB15-240BBB8C36C9', '2015-11-25 02:14:00', '2015-11-25 02:14:00', '2015-11-25 02:06:02', '0', 'Self-starting', '', '30', '1'), ('303', '8373C25B-A430-4FFF-9B4C-FBFD8B8163E5', '2015-11-25 02:14:00', '2015-11-25 02:14:00', '2015-11-25 02:06:02', '0', 'Teasing', '', '30', '1'), ('304', '13FD3757-4EFD-4A9A-BA16-EFDA7A146A82', '2015-11-25 02:14:00', '2015-11-25 02:14:00', '2015-11-25 02:06:02', '0', 'Hurting someone', '', '30', '1'), ('305', '1C31C3C6-49EE-46FA-9772-D24A45363735', '2015-11-25 02:14:00', '2015-11-25 02:14:00', '2015-11-25 02:06:02', '0', 'Refusing to eat properly', '', '30', '1'), ('306', 'AE02F309-C5D1-4A91-9242-AA950B2C4F5F', '2015-11-25 02:14:00', '2015-11-25 04:56:40', '2015-11-25 04:49:49', '0', 'Being helpful', '', '30', '1'), ('307', '333B7E49-F0F0-4447-93C6-AD52DB0B9C42', '2015-11-25 02:14:00', '2015-11-27 03:49:29', '2015-11-27 03:43:27', '0', 'Behaving in public', '', '30', '1'), ('308', '9EC3CE68-149D-4AA9-B23B-947A89BEBBAA', '2015-11-25 02:14:00', '2015-11-25 02:14:00', '2015-11-25 02:06:02', '0', 'Leaving a mess', '', '30', '1'), ('309', 'E4E5DA49-8945-478B-8C62-B7AD8B330D5A', '2015-11-25 02:14:00', '2015-11-25 02:14:00', '2015-11-25 02:06:02', '0', 'Following directions ', '', '30', '1'), ('310', 'DD893F60-5EB4-43C6-9D63-072A855AAE31', '2015-11-25 02:14:00', '2015-11-25 02:14:00', '2015-11-25 02:06:02', '0', 'Ready to go', '', '30', '1'), ('311', 'C4C5595E-FFED-4EB1-82D1-3922DB2F772F', '2015-11-25 02:14:00', '2015-11-25 02:14:00', '2015-11-25 02:06:02', '0', 'Eating well', '', '30', '1'), ('312', 'E18083D1-1214-4E37-8B5B-7E51E4EC6868', '2015-11-25 02:14:00', '2015-12-06 22:01:35', '2015-12-04 08:52:51', '0', 'Being disrespectful', '', '30', '1'), ('313', '7C441717-4CE8-46A3-A0A7-91EADC840D14', '2015-11-25 02:14:00', '2015-11-25 02:14:00', '2015-11-25 02:06:02', '0', 'Combing hair', '', '30', '1'), ('314', 'A34B2A0C-03F5-4082-AC68-97524D4B91F8', '2015-11-25 02:14:00', '2015-11-25 02:14:00', '2015-11-25 02:06:02', '0', 'Not washing or brushing teeth', '', '30', '1'), ('315', '82012FA2-027D-4F8E-9053-2C926974F121', '2015-11-25 02:14:00', '2015-11-25 02:14:00', '2015-11-25 02:06:02', '0', 'First-time listening', '', '30', '1'), ('316', '6DCA7920-40FF-4A94-8E90-C5B6162619ED', '2015-11-25 02:14:00', '2015-11-26 04:48:50', '2015-11-26 02:54:17', '0', 'Clearing table', '', '30', '1'), ('317', 'C462464B-8273-4434-B275-8B05EC9030E2', '2015-11-25 02:14:00', '2015-11-25 05:25:51', '2015-11-25 04:53:58', '0', 'Interrupting', '', '30', '1'), ('318', '7FB1D70F-0BC3-4C64-B77D-61C283A371C8', '2015-11-25 02:14:00', '2015-11-25 02:14:00', '2015-11-25 02:06:02', '0', 'Yelling or screaming', '', '30', '1'), ('319', '964B0D4E-1FBC-4E9C-8656-C6923EFCD948', '2015-11-25 02:14:00', '2015-11-27 03:44:56', '2015-11-27 03:39:56', '0', 'Being brave', '', '30', '1'), ('320', 'DB72FB89-F5DD-4E7F-BF2F-83260FD2CC5C', '2015-11-25 02:14:00', '2015-11-25 02:14:00', '2015-11-25 02:06:02', '0', 'Encouraging others', '', '30', '1'), ('321', '6B73B646-440A-4162-BD70-4A071831F469', '2015-11-25 02:14:00', '2015-11-25 02:14:00', '2015-11-25 02:06:02', '0', 'Sharing', '', '30', '1'), ('322', 'AA6A93F1-3281-4074-BF2F-3908E94D6216', '2015-11-25 02:14:00', '2015-11-25 02:14:00', '2015-11-25 02:06:02', '0', 'Doing chores', '', '30', '1'), ('323', 'A705AAD3-F680-4820-946F-F400795CB63D', '2015-11-25 02:14:00', '2015-11-25 04:26:58', '2015-11-25 02:53:22', '0', 'Doing homework', '', '30', '1'), ('324', '7DE38FB6-2740-4DF3-A6CF-307AE599AE74', '2015-11-25 02:14:00', '2015-11-25 02:53:22', '2015-11-25 02:26:50', '0', 'Throwing a fit', '', '30', '1'), ('325', '5CCF7A13-FAFF-4B8F-8AAE-C8FE2C3C85B8', '2015-11-25 02:14:00', '2015-11-25 02:14:00', '2015-11-25 02:06:02', '0', 'Being dishonest', '', '30', '1'), ('326', '716FFEE9-806A-4B2B-80BE-B9E3ECFF8D8D', '2015-11-25 02:14:00', '2015-11-25 05:25:51', '2015-11-25 04:56:15', '0', 'Behaving poorly at the table', '', '30', '1'), ('327', 'C8F8FDBD-6334-41D6-B890-FAE3C5507991', '2015-11-25 02:14:00', '2015-11-25 02:14:00', '2015-11-25 02:06:02', '0', 'Greeting someone nicely', '', '30', '1'), ('328', '749BEED2-6170-4B2E-BA47-B6AE359B292E', '2015-11-25 02:14:00', '2015-11-25 02:14:00', '2015-11-25 02:07:12', '0', 'Obeying cafeteria rules and routines', '', '30', '1'), ('329', 'F1A34FDD-2CE6-4C4A-9CE4-4B4BF6C38DDA', '2015-11-30 18:58:52', '2015-11-30 18:58:52', '2015-11-30 18:57:45', '0', 'Asking instead of reaching', '', '31', '1'), ('330', 'BD756701-101C-4D23-A360-5EAA1105202E', '2015-11-30 18:58:52', '2015-11-30 18:58:52', '2015-11-30 18:57:45', '0', 'Not staying in seat', '', '31', '1'), ('331', '7102FEA4-F73C-44F0-B0C8-523564BF077E', '2015-12-02 22:12:23', '2015-12-08 05:06:09', '2015-12-08 04:40:59', '0', 'Disobeying', '', '30', '1'), ('332', 'FC1FA179-C4D1-43E0-B0DB-BB55543746FE', '2015-12-04 15:11:44', '2015-12-08 15:01:37', '2015-12-07 21:50:13', '0', 'Saying \"Please!\"', '', '2', '1'), ('333', '4905325E-32EA-4C69-8D2C-514B870B3C05', '2015-12-04 15:16:27', '2015-12-07 21:35:00', '2015-12-07 21:29:38', '1', 'Being disrespectful to others', '', '33', '1'), ('334', '90AF55EF-FB8E-4227-9F24-F16780C3027D', '2015-12-04 15:16:27', '2015-12-04 18:52:33', '2015-12-04 15:15:19', '0', 'Being self-directed', '', '33', '1'), ('335', '53C0FA15-EE17-4F27-ABF8-FB8D7723CE47', '2015-12-04 15:16:27', '2015-12-04 18:52:33', '2015-12-04 15:15:19', '0', 'Rushing or sloppy with work', '', '33', '1'), ('336', 'B5F49696-E853-434E-BD8D-5E69436486C1', '2015-12-04 15:16:27', '2015-12-04 18:52:33', '2015-12-04 15:15:19', '0', 'Taking responsiblity for actions', '', '33', '1'), ('337', 'D298E789-C052-4640-BC9F-7A2FF2869404', '2015-12-04 15:16:27', '2015-12-04 18:52:33', '2015-12-04 15:15:19', '0', 'Playing by recess rules', '', '33', '1'), ('338', 'C3ABE682-8581-41A1-863F-236A1AA7CB96', '2015-12-04 15:16:27', '2015-12-04 18:52:33', '2015-12-04 15:15:19', '0', 'Completing check-ins without reminders', '', '33', '1'), ('339', '34517715-666C-4624-B5ED-A9143F9AC705', '2015-12-04 15:16:27', '2015-12-04 18:52:33', '2015-12-04 15:15:19', '0', 'Putting name on assignments', '', '33', '1'), ('340', '0151878C-181A-4DF3-B397-46066DF48896', '2015-12-04 15:16:28', '2015-12-07 21:41:34', '2015-12-07 21:33:21', '0', 'Doing assigned classroom jobs', '', '33', '1'), ('341', 'E66F50FE-12F0-47DA-93A6-C34EF4DC53CC', '2015-12-04 15:16:28', '2015-12-04 18:52:33', '2015-12-04 15:15:19', '0', 'Completing team responsibilities', '', '33', '1'), ('342', '8188FAE5-AACD-45AA-9E0A-9F0135109571', '2015-12-04 15:16:28', '2015-12-04 18:52:33', '2015-12-04 15:15:19', '0', 'Missing parent signatures', '', '33', '1'), ('343', '55BCA763-27F3-4447-87B5-AB2A8D7D6669', '2015-12-04 15:16:28', '2015-12-04 18:52:33', '2015-12-04 15:15:19', '0', 'Yelling, screaming or whining', '', '33', '1'), ('344', '3233438F-825A-465A-8452-67AFB7E4DCB8', '2015-12-04 15:16:28', '2015-12-04 18:52:33', '2015-12-04 15:15:19', '0', 'Using time wisely', '', '33', '1'), ('345', '6D07B8B4-C688-4DA0-B58A-12AB0FCA0360', '2015-12-04 15:16:28', '2015-12-04 18:52:33', '2015-12-04 15:15:19', '0', 'Following restroom rules', '', '33', '1'), ('346', 'F44CE382-060E-4B95-A4BC-98D90E6FBD58', '2015-12-04 15:16:28', '2015-12-04 18:52:33', '2015-12-04 15:15:19', '0', 'Using study planner', '', '33', '1'), ('347', 'A60DE23F-A7A5-4DA5-93BE-E2A7CB83B5DD', '2015-12-04 15:16:28', '2015-12-04 18:52:33', '2015-12-04 15:15:19', '0', 'Needing reminders to follow procedures', '', '33', '1'), ('348', '90806E98-AC71-4404-901B-10AE60702913', '2015-12-04 15:16:28', '2015-12-04 18:52:33', '2015-12-04 15:15:19', '0', 'Being persistent', '', '33', '1'), ('349', 'C78FD4D7-2429-4466-8D58-7A06FC3073FB', '2015-12-04 15:16:28', '2015-12-04 18:52:33', '2015-12-04 15:15:19', '0', 'Forgetting notes from home', '', '33', '1'), ('350', '0D942448-1279-4743-A601-0D042F10E5BC', '2015-12-04 15:16:28', '2015-12-04 18:52:33', '2015-12-04 15:15:19', '0', 'Neglecting classroom duties', '', '33', '1'), ('351', 'C97FFCE0-67AE-4325-ACCD-64BCE2A4EEA3', '2015-12-04 15:16:28', '2015-12-04 18:52:33', '2015-12-04 15:15:19', '0', 'Getting parents signatures', '', '33', '1'), ('352', '1889090B-6D5F-4D67-9FD3-98C24EEE0A88', '2015-12-04 15:16:28', '2015-12-04 18:52:33', '2015-12-04 15:15:19', '0', 'Using supplies incorrectly', '', '33', '1'), ('353', '5EC581C4-3491-43A4-BB5A-0E7168B193EA', '2015-12-04 15:16:28', '2015-12-04 18:52:33', '2015-12-04 15:15:19', '0', 'Being late with work', '', '33', '1'), ('354', '8D47FE95-D476-458C-AE5C-0C19854AB561', '2015-12-04 15:16:28', '2015-12-04 18:52:33', '2015-12-04 15:15:19', '0', 'Fighting or arguing', '', '33', '1'), ('355', 'E1AE333E-B46D-49C5-B836-197146EB8017', '2015-12-04 15:16:28', '2015-12-07 21:41:34', '2015-12-07 21:33:21', '0', 'Being kind and helpful', '', '33', '1'), ('356', '4CFD285F-824A-4512-81EB-A572186AC966', '2015-12-04 15:16:28', '2015-12-04 18:52:33', '2015-12-04 15:15:19', '0', 'Running or yelling in hallways', '', '33', '1'), ('357', '712D9772-0FAF-4700-8C02-2A1CB2165A89', '2015-12-04 15:16:28', '2015-12-04 18:52:33', '2015-12-04 15:15:19', '0', 'Showing focus and effort', '', '33', '1'), ('358', 'F4FEB2DE-8F87-4B4B-91F6-421C8847A83D', '2015-12-04 15:16:28', '2015-12-04 18:52:33', '2015-12-04 15:15:19', '0', 'Using signals and cues', '', '33', '1'), ('359', '87488563-B82A-424F-BF4E-6A393DB63285', '2015-12-04 15:16:28', '2015-12-04 18:52:33', '2015-12-04 15:15:19', '0', 'Interrupting', '', '33', '1'), ('360', 'F2B8EA18-E327-421C-A302-DB175BE5DD13', '2015-12-04 15:16:28', '2015-12-04 18:52:33', '2015-12-04 15:15:19', '0', 'Interring with others\' work', '', '33', '1'), ('361', '8F2A3F11-42CC-4230-A50B-CAB58A3ED339', '2015-12-04 15:16:28', '2015-12-04 18:52:33', '2015-12-04 15:15:19', '0', 'Breaking rules at recess', '', '33', '1'), ('362', '33BA5A8B-230A-4E5D-8656-8AE94D60053D', '2015-12-04 15:16:28', '2015-12-04 18:52:33', '2015-12-04 15:15:19', '0', 'Obeying cafeteria rules and routines', '', '33', '1'), ('363', '56E109CE-3CC5-4ECA-84AB-DCF7C6E74A41', '2015-12-04 15:16:28', '2015-12-04 18:52:33', '2015-12-04 15:15:19', '0', 'Keeping binder organzied', '', '33', '1'), ('364', 'D3DA4B53-02FF-493C-8D5C-C44230018E8F', '2015-12-04 15:16:28', '2015-12-07 21:41:34', '2015-12-07 21:33:21', '0', 'Following directions the first time', '', '33', '1'), ('365', '5AC50DDB-F796-49D0-B80F-06536707686C', '2015-12-04 15:16:28', '2015-12-04 18:52:33', '2015-12-04 15:15:19', '0', 'Walking quietly in hallways', '', '33', '1'), ('366', 'C7CB6916-7198-4BEC-9212-21F50C46E195', '2015-12-04 15:16:28', '2015-12-04 18:52:33', '2015-12-04 15:15:19', '0', 'Bringing take-home folder', '', '33', '1'), ('367', '6865855B-35F0-489A-89A1-EB9B0770E9E7', '2015-12-04 15:16:28', '2015-12-04 18:52:33', '2015-12-04 15:15:19', '0', 'Using conversatin skills', '', '33', '1'), ('368', '9457FFB0-489D-4EAE-B6CD-5D2E3526D4A8', '2015-12-04 15:16:28', '2015-12-04 18:52:33', '2015-12-04 15:15:19', '0', 'Turning in daily assignments', '', '33', '1'), ('369', 'FF98E66E-5DE5-4678-9FCF-048E6980CD48', '2015-12-04 15:16:28', '2015-12-07 21:35:00', '2015-12-07 21:29:38', '1', 'Being disruptive in cafeteria', '', '33', '1'), ('370', 'D033AACE-9BF3-4905-8656-E7508CB56CEC', '2015-12-04 15:16:28', '2015-12-04 18:52:33', '2015-12-04 15:15:19', '0', 'Using aggressive behavior', '', '33', '1'), ('371', '0E8D7591-D092-4154-9EBB-F9E44B47D316', '2015-12-04 15:16:28', '2015-12-04 18:52:33', '2015-12-04 15:15:19', '0', 'Missing assignments', '', '33', '1'), ('372', '2F3F311F-3536-4DBF-88F1-6E2F61C169D5', '2015-12-04 15:16:28', '2015-12-04 18:52:33', '2015-12-04 15:15:19', '0', 'Ignoring bathroom rules', '', '33', '1'), ('373', '5ED0A4C1-BDC6-4DF5-B582-260EB6468085', '2015-12-04 15:16:28', '2015-12-07 21:35:00', '2015-12-07 21:29:38', '1', 'Being a poor sport', '', '33', '1'), ('374', '36F01F2E-794F-4D26-A478-D4EA5CF4DC9E', '2015-12-04 15:16:28', '2015-12-04 18:52:33', '2015-12-04 15:15:19', '0', 'Using technology inappropriately', '', '33', '1'), ('375', '1923CED1-ECA1-4785-B71D-B1F4CEB2F535', '2015-12-04 15:16:28', '2015-12-04 18:52:33', '2015-12-04 15:15:19', '0', 'Using good manners', '', '33', '1'), ('376', 'CD7AE3FF-2D6E-4D64-9F8F-4BA2789976F5', '2015-12-04 15:16:28', '2015-12-07 21:41:34', '2015-12-07 21:33:21', '0', 'Being respectful to adults', '', '33', '1'), ('377', '0C618348-CE72-4E90-84DF-0AC52170069F', '2015-12-04 15:16:28', '2015-12-07 21:41:34', '2015-12-07 21:33:21', '0', 'Being honest', '', '33', '1'), ('378', '4E917A2E-3FDD-43A5-81EF-BF456A5408B6', '2015-12-04 15:16:28', '2015-12-04 18:52:33', '2015-12-04 15:15:19', '0', 'Respecting classroom rules', '', '33', '1'), ('379', '17CCA3B1-78C5-4822-B94F-4E9586A566B6', '2015-12-04 15:16:28', '2015-12-04 18:52:33', '2015-12-04 15:15:19', '0', 'Getting off-task or distracted', '', '33', '1'), ('380', '0E405ED5-F759-4779-B973-9218F0AD9659', '2015-12-04 15:16:28', '2015-12-04 18:52:33', '2015-12-04 15:15:19', '0', 'Being unprepared', '', '33', '1'), ('381', '91A4C2BC-5273-4037-B5D8-11C651C39D25', '2015-12-04 15:16:28', '2015-12-04 18:52:33', '2015-12-04 15:15:19', '0', 'Refusing to follow directions', '', '33', '1'), ('382', '3EBFA3BA-EA49-4FEC-BD12-7C916B8D47DE', '2015-12-05 03:22:49', '2015-12-05 03:22:49', '2015-12-05 00:28:20', '0', 'Clearing the table', '', '1', '1'), ('383', '5BBBCAB6-6B60-49E6-8883-B32DF6139936', '2015-12-05 03:22:49', '2015-12-05 03:22:49', '2015-12-05 00:28:20', '0', 'Not helping with assigned meals', '', '1', '1'), ('384', '1F0D3D58-C0AB-4ACC-9EBE-5E26C19B874B', '2015-12-05 03:22:49', '2015-12-05 03:22:49', '2015-12-05 00:28:20', '0', 'Leaving dishes in the sink', '', '1', '1'), ('385', 'FECA7AD8-83FA-404A-82F0-3B0909A50E8A', '2015-12-07 15:39:23', '2015-12-08 04:12:46', '2015-12-07 15:36:19', '0', 'Having resources ready', '', '34', '1'), ('386', 'AF1A9AE9-F7CB-4C32-B55C-617B9F66ED70', '2015-12-07 15:39:23', '2015-12-08 04:12:46', '2015-12-07 15:36:19', '0', 'Having notes ready', '', '34', '1'), ('387', 'DC6717E2-06D5-415B-BB17-430CFA61E36A', '2015-12-07 15:39:23', '2015-12-08 04:12:46', '2015-12-07 15:36:19', '0', 'Doing homework', '', '34', '1'), ('388', 'B3AC4462-F1D7-4318-B77F-DA5201723903', '2015-12-07 15:39:23', '2015-12-08 04:12:46', '2015-12-07 15:36:19', '0', 'Rushing or sloppy with work', '', '34', '1'), ('389', '99ECD75C-2C20-48C8-8714-01CCF5AD8165', '2015-12-07 15:39:23', '2015-12-08 04:12:46', '2015-12-07 15:36:19', '0', 'Using put downs', '', '34', '1'), ('390', '9E0AFBEB-A5E0-4878-9758-AE7D254CAD96', '2015-12-07 15:39:23', '2015-12-08 04:12:46', '2015-12-07 15:36:19', '0', 'Not reading all materials', '', '34', '1'), ('391', '3CEE6878-3878-465B-8794-C98F4F53288E', '2015-12-07 15:39:23', '2015-12-08 04:12:46', '2015-12-07 15:36:19', '0', 'Knowing expectations', '', '34', '1'), ('392', 'AB75F096-9240-44C4-B16B-1475DC64E99C', '2015-12-07 15:39:23', '2015-12-08 04:12:46', '2015-12-07 15:36:19', '0', 'Misplacing work', '', '34', '1'), ('393', '5417E23B-78EE-497C-B215-52F87E3DBB6E', '2015-12-07 15:39:23', '2015-12-08 04:12:46', '2015-12-07 15:36:19', '0', 'Creating flash cards', '', '34', '1'), ('394', 'B49649E9-6655-4A95-AEC8-789C88483180', '2015-12-07 15:39:23', '2015-12-08 04:12:46', '2015-12-07 15:36:19', '0', 'Using study planner', '', '34', '1'), ('395', '9EFC16CF-9D80-414C-B304-E158BC3ABB16', '2015-12-07 15:39:23', '2015-12-08 15:39:57', '2015-12-08 15:37:52', '0', 'Doing homework', '', '35', '1'), ('396', '82077381-5D88-4632-9395-85D487F50DD5', '2015-12-07 15:39:23', '2015-12-08 04:12:46', '2015-12-07 15:36:41', '0', 'Making excuses', '', '35', '1'), ('397', '7398EC95-A63A-4AB7-8B40-06180F37BE5E', '2015-12-07 15:39:23', '2015-12-08 04:12:46', '2015-12-07 15:36:41', '0', 'Not completing work', '', '35', '1'), ('398', '4D292901-E8C1-419B-9A33-7C05BB9BBB3D', '2015-12-07 15:39:23', '2015-12-08 15:39:57', '2015-12-08 15:37:52', '0', 'Having notes ready', '', '35', '1'), ('399', '93EA3A84-07B4-40C1-A212-A4DE07EF4B5E', '2015-12-07 15:39:23', '2015-12-08 15:20:34', '2015-12-08 15:14:38', '0', 'Using study planner', '', '35', '1'), ('400', '281735E0-9E75-4B84-84EC-1798295B41F6', '2015-12-07 15:39:23', '2015-12-08 04:12:46', '2015-12-07 15:36:41', '0', 'Slouching or bad posture', '', '35', '1'), ('401', 'B8990D1A-7421-437F-B02C-6BAC9319F38F', '2015-12-07 19:41:33', '2015-12-08 16:38:14', '2015-12-08 16:01:48', '1', 'Not budgeting enough time', '', '1', '1'), ('402', '3D40001A-BAFB-4892-9BC6-5880487839BD', '2015-12-07 19:41:33', '2015-12-07 19:46:46', '2015-12-07 19:41:33', '0', 'Prioritizing work', '', '1', '1'), ('403', 'A7AB8E19-614C-4A59-A6E8-8A68A09E2861', '2015-12-07 19:41:33', '2015-12-08 16:38:14', '2015-12-08 16:02:03', '1', 'Estimating time for each step', '', '1', '1'), ('404', '03F3A903-F04B-4A0C-8B7F-E8B6EE9948D5', '2015-12-07 19:41:33', '2015-12-07 19:46:46', '2015-12-07 19:41:33', '0', 'Waiting until the last second', '', '1', '1'), ('405', '16E6CB7A-79F6-4C85-8751-E1B1555B7CC7', '2015-12-07 21:33:21', '2015-12-07 21:35:00', '2015-12-07 21:29:38', '0', 'Staying up past bedtime', '', '33', '1'), ('406', '9B397113-E178-4BB0-B440-D790372494EB', '2015-12-07 21:33:21', '2015-12-07 21:36:34', '2015-12-07 21:31:25', '0', 'Not washing or brushing teeth', '', '33', '1');
INSERT INTO `services_behavior` VALUES ('407', '1A81E293-F102-48B5-8740-2F227B36BDC0', '2015-12-07 21:33:21', '2015-12-07 21:35:00', '2015-12-07 21:29:38', '0', 'Not brushing teeth', '', '33', '1'), ('408', '510CB2D6-32F8-4D42-A025-62D4E8C6474E', '2015-12-07 21:41:34', '2015-12-07 21:44:32', '2015-12-07 21:39:28', '0', 'Letting room be a mess', '', '40', '1'), ('409', '7317708E-DD92-45E8-84C8-C3F27458A463', '2015-12-07 21:41:34', '2015-12-07 21:44:32', '2015-12-07 21:39:28', '0', 'Bringing take-home folder', '', '40', '1'), ('410', '96420267-F55F-497E-9125-5F75C08D0178', '2015-12-07 21:41:34', '2015-12-07 21:44:32', '2015-12-07 21:39:28', '0', 'Keeping a routine', '', '40', '1'), ('411', '3B821506-1B6D-4968-99C4-4D80DF481B5E', '2015-12-07 21:41:34', '2015-12-07 21:44:32', '2015-12-07 21:39:28', '0', 'Skipping baths or showers', '', '40', '1'), ('412', 'CB533EFA-7A4E-4EFC-B971-4F1516E80464', '2015-12-07 21:41:34', '2015-12-07 21:44:32', '2015-12-07 21:39:28', '0', 'Washing up or bathing', '', '40', '1'), ('413', 'B4F89A83-6C5E-4E13-8B2B-64EF97CB6A86', '2015-12-07 21:41:34', '2015-12-07 21:44:32', '2015-12-07 21:39:28', '0', 'Letting trash pile up', '', '40', '1'), ('414', 'DD452CE3-4EFE-441A-BCBB-B699047AF7C7', '2015-12-07 21:41:34', '2015-12-07 21:44:32', '2015-12-07 21:39:28', '0', 'Clearing table', '', '40', '1'), ('415', 'FC299626-0428-4108-8887-B166D6029A80', '2015-12-07 21:41:34', '2015-12-07 21:44:32', '2015-12-07 21:39:28', '0', 'Being too loud', '', '40', '1'), ('416', '41BF301F-86D6-4592-855B-BD62AA21FEB5', '2015-12-07 21:41:34', '2015-12-07 21:44:32', '2015-12-07 21:39:28', '0', 'Turning in daily assignments', '', '40', '1'), ('417', '2D4A3974-538C-4768-97D8-64777751821A', '2015-12-07 21:41:34', '2015-12-07 21:44:32', '2015-12-07 21:39:28', '0', 'Using gadgets at table', '', '40', '1'), ('418', '5EF43470-DE12-4FD2-96E3-1C5C050FBB4E', '2015-12-07 21:41:34', '2015-12-07 21:44:32', '2015-12-07 21:39:28', '0', 'Conserving resources', '', '40', '1'), ('419', '1442AA49-C685-47FD-84BF-DCDE6B1A80C9', '2015-12-07 21:41:34', '2015-12-07 21:44:32', '2015-12-07 21:39:28', '0', 'Not being ready on time', '', '40', '1'), ('420', 'DCD39DC5-4BCC-483D-8A0B-E8077F8F57E5', '2015-12-08 13:46:58', '2015-12-08 13:46:58', '2015-12-08 13:39:40', '0', 'Being disrespectful', '', '35', '1'), ('421', '2EEA2A87-3D69-465C-9015-952B3412D5C1', '2015-12-08 13:46:58', '2015-12-08 13:46:58', '2015-12-08 13:39:40', '0', 'Being mean', '', '35', '1'), ('422', '58FF2266-0270-4F82-ADC4-42409207F284', '2015-12-08 13:46:58', '2015-12-08 13:46:58', '2015-12-08 13:39:40', '0', 'Neglecting classroom duties', '', '35', '1'), ('423', '3F7A902A-5A14-440E-9D71-D552701532F2', '2015-12-08 13:46:58', '2015-12-08 13:46:58', '2015-12-08 13:40:23', '0', 'Fighting or arguing', '', '35', '1'), ('424', 'D725B434-DDEB-46EB-B689-15BEBDA83DF3', '2015-12-08 13:46:58', '2015-12-08 13:46:58', '2015-12-08 13:39:40', '0', 'Not reading all materials', '', '35', '1'), ('425', '1AF4AFFF-27D3-40CF-B3A4-D08BA721D8C9', '2015-12-08 14:56:00', '2015-12-08 14:56:00', '2015-12-08 14:40:45', '0', 'Throwing a fit', '', '35', '1'), ('426', '5658E192-A261-4099-884B-6F3031361371', '2015-12-08 14:56:00', '2015-12-08 14:56:00', '2015-12-08 14:40:45', '0', 'Interrupting', '', '35', '1'), ('427', '7391FAAD-688F-4BFB-81E5-6B8EE46243E8', '2015-12-08 14:56:00', '2015-12-08 14:56:00', '2015-12-08 14:40:45', '0', 'Refusing to follow directions', '', '35', '1'), ('428', '2860B9A4-AB0E-43A1-8E40-6ABCEAE6BCE3', '2015-12-08 14:56:00', '2015-12-08 14:56:00', '2015-12-08 14:40:45', '0', 'Not budgeting enough time', '', '35', '1'), ('429', 'DD0051EF-CE90-40A3-9BAF-FF0A26C13B18', '2015-12-08 14:56:00', '2015-12-08 14:56:00', '2015-12-08 14:40:45', '0', 'Not brushing teeth', '', '35', '1'), ('430', 'B10C4AC2-FD38-4656-9281-FA52AF8FF7DB', '2015-12-08 14:56:00', '2015-12-08 14:56:00', '2015-12-08 14:40:45', '0', 'Forgetting to feed pet', '', '35', '1'), ('431', 'ACBB27FF-D0AB-473F-822E-9F2D6FBE3628', '2015-12-08 15:37:40', '2015-12-08 15:39:57', '2015-12-08 15:37:52', '0', 'Turning in daily assignments', '', '35', '1'), ('432', '46B3EE37-50FA-4AD1-A3EB-342C95F1596E', '2015-12-08 16:12:07', '2015-12-09 16:42:40', '2015-12-08 16:04:59', '1', 'Running in public places', '', '42', '1'), ('433', 'BC21DAD5-F450-44D3-A338-CDEC2357F282', '2015-12-08 16:12:07', '2015-12-09 16:42:40', '2015-12-08 16:04:59', '1', 'Going to bed on time', '', '42', '1'), ('434', '5A3E873C-35EE-461E-9268-F14230854706', '2015-12-08 16:12:07', '2015-12-09 16:42:40', '2015-12-08 16:04:59', '1', 'Holding doors for people', '', '42', '1'), ('435', '71D378AF-555A-4F93-9C81-FD3130E31874', '2015-12-08 16:12:07', '2015-12-09 16:42:40', '2015-12-08 16:04:59', '1', 'Leaving a mess', '', '42', '1'), ('436', '7FBC1406-B603-4B5C-8515-1B6025A69D7D', '2015-12-08 16:12:07', '2015-12-09 16:42:40', '2015-12-08 16:04:59', '1', 'Being careless with others\' things', '', '42', '1'), ('437', '16483AD4-B4F7-4F7E-BDB6-2832D1A28910', '2015-12-08 16:12:07', '2015-12-09 16:42:40', '2015-12-08 16:04:59', '1', 'Using polite language', '', '42', '1'), ('438', '7B48C267-8A37-4E47-AFF9-FEC8BD485D60', '2015-12-08 16:12:07', '2015-12-09 16:42:40', '2015-12-08 16:04:59', '1', 'Yelling, screaming or whining', '', '42', '1'), ('439', '281771D9-5269-4E96-B0A9-712EBC129410', '2015-12-08 16:12:07', '2015-12-09 16:42:40', '2015-12-08 16:04:59', '1', 'Being disrespectful', '', '42', '1'), ('440', '9A2CA709-A8A6-44E5-BFD8-E0123CF3A1D1', '2015-12-08 16:12:07', '2015-12-09 16:42:40', '2015-12-08 16:04:59', '1', 'Following instructions', '', '42', '1'), ('441', '52D0CFE4-9518-4110-AE95-D36783A0C8EB', '2015-12-08 16:12:07', '2015-12-09 16:42:40', '2015-12-08 16:04:59', '1', 'Not respecting different rules', '', '42', '1'), ('442', '2ADB4888-E568-4A0E-B79A-CEAF61745FB9', '2015-12-08 16:12:07', '2015-12-09 16:42:40', '2015-12-08 16:04:59', '1', 'Using poor table manners', '', '42', '1'), ('443', '7A3F448D-7706-4E7C-8253-2FD046B82594', '2015-12-08 16:12:07', '2015-12-09 16:42:40', '2015-12-08 16:42:41', '1', 'Being open to new things', '', '42', '1'), ('444', '2FEDF363-B314-47E7-AD9C-D5736E1D7F91', '2015-12-08 16:12:07', '2015-12-09 16:42:40', '2015-12-08 16:04:59', '1', 'Greeting people nicely', '', '42', '1'), ('445', '1B558172-8114-48CE-BD2A-26F4403E7CDD', '2015-12-08 16:12:07', '2015-12-09 16:42:40', '2015-12-08 16:04:59', '1', 'Thanking our hosts', '', '42', '1'), ('446', '0284E191-FC7B-4D96-9677-9F0D02996571', '2015-12-08 16:12:07', '2015-12-09 16:42:40', '2015-12-08 16:04:59', '1', 'Causing group to be late', '', '42', '1'), ('447', '1B68A891-9442-45AA-88C6-AE8F9BA5E0EB', '2015-12-08 16:12:07', '2015-12-09 16:42:40', '2015-12-08 16:04:59', '1', 'Fighting', '', '42', '1'), ('448', 'A5F75DA4-BE58-43AB-A5D6-19F599D730DB', '2015-12-08 16:12:07', '2015-12-09 16:42:40', '2015-12-08 16:42:41', '1', 'Cooperating', '', '42', '1'), ('449', 'F813411F-D8CB-4B66-BE04-699F2E6EACEF', '2015-12-08 16:12:07', '2015-12-09 16:42:40', '2015-12-08 16:04:59', '1', 'Respecting different rules', '', '42', '1'), ('450', 'FD66355B-7817-41B1-9891-93383F46C940', '2015-12-08 16:12:07', '2015-12-09 16:42:40', '2015-12-08 16:04:59', '1', 'Using social voices', '', '42', '1'), ('451', 'D892DAEB-5842-4131-B544-E506626A4D82', '2015-12-08 16:12:07', '2015-12-09 16:42:40', '2015-12-08 16:04:59', '1', 'Being ready to go', '', '42', '1'), ('452', '4CE97D2E-127D-4B0A-98B2-C132E1A6B485', '2015-12-08 16:12:07', '2015-12-09 16:42:40', '2015-12-08 19:56:04', '1', 'Behaving in public', '', '42', '1'), ('453', '036ED7A7-C00B-4C52-B664-E59814A7DCC1', '2015-12-08 16:12:07', '2015-12-09 16:42:40', '2015-12-08 16:04:59', '1', 'Cursing', '', '42', '1'), ('454', 'FDBC3725-020F-4213-A15C-C780C5A2EC6B', '2015-12-08 16:12:07', '2015-12-09 16:42:40', '2015-12-08 16:04:59', '1', 'Staying up past bedtime', '', '42', '1'), ('455', '5124ECA9-8FE6-4F4D-A329-A6564EAA4C9D', '2015-12-08 16:12:07', '2015-12-09 16:42:40', '2015-12-08 16:04:59', '1', 'Brushing teeth', '', '42', '1'), ('456', 'A4915CA9-4FCF-49BA-A30C-FDB7F05F3A97', '2015-12-08 16:12:07', '2015-12-09 16:42:40', '2015-12-08 16:04:59', '1', 'Keeping a routine', '', '42', '1'), ('457', '846581C4-B275-4B40-BC43-05D5DA65E070', '2015-12-08 16:12:07', '2015-12-09 16:42:40', '2015-12-08 16:04:59', '1', 'Keeping things organized', '', '42', '1'), ('458', '1DCFB207-AD88-4605-8F61-794823DE2C67', '2015-12-08 16:12:07', '2015-12-09 16:42:40', '2015-12-08 16:04:59', '1', 'Respecting adults', '', '42', '1'), ('459', 'EA342217-0124-43EF-B65C-AA344F305C92', '2015-12-08 16:12:07', '2015-12-09 16:42:40', '2015-12-08 16:04:59', '1', 'Disobeying instructions', '', '42', '1'), ('460', '8DA71515-B535-4044-A28D-BA67A033BE6E', '2015-12-08 16:12:07', '2015-12-09 16:42:40', '2015-12-08 16:42:41', '1', 'Behaving while traveling', '', '42', '1'), ('461', '0B44E895-7155-4CE3-BCC1-251D75214CB4', '2015-12-08 16:12:07', '2015-12-09 16:42:40', '2015-12-08 16:04:59', '1', 'Not running', '', '42', '1'), ('462', '56EB5CEE-9C6D-48C8-83E9-D49BE2592710', '2015-12-08 16:12:07', '2015-12-09 16:42:40', '2015-12-08 16:04:59', '1', 'Listening to others', '', '42', '1'), ('463', 'EC909B7E-C058-4AF4-97ED-1D4A5BC96CDC', '2015-12-08 16:12:07', '2015-12-09 16:42:40', '2015-12-08 16:04:59', '1', 'Skipping baths or showers', '', '42', '1'), ('464', '71C252D8-8EC3-4AB0-8032-0F59F3BC54F3', '2015-12-08 16:12:07', '2015-12-09 16:42:40', '2015-12-08 16:04:59', '1', 'Not brushing teeth', '', '42', '1'), ('465', '66DE781D-F6DE-43E1-942A-5B4B2DDC796A', '2015-12-08 16:12:08', '2015-12-09 16:42:40', '2015-12-08 16:04:59', '1', 'Eating properly', '', '42', '1'), ('466', '3F226537-1066-46AD-AD62-2589D734D307', '2015-12-08 16:12:08', '2015-12-09 16:42:40', '2015-12-08 16:04:59', '1', 'Refusing to eat properly', '', '42', '1'), ('467', '164E6B56-3DEA-4D95-8DEE-CF20C1679F5B', '2015-12-08 16:12:08', '2015-12-09 16:42:40', '2015-12-08 16:42:41', '1', 'Arguing about plans', '', '42', '1'), ('468', 'B91568C1-B0AC-4CF0-B282-78C024AD19D4', '2015-12-08 16:12:08', '2015-12-09 16:42:40', '2015-12-08 16:04:59', '1', 'Throwing tantrums', '', '42', '1'), ('469', '11155ED4-9438-40C6-897E-78C46EB0425C', '2015-12-08 16:12:08', '2015-12-09 16:42:40', '2015-12-08 16:42:41', '1', 'Taking baths', '', '42', '1'), ('470', '9B95687D-3000-4C8F-A8BD-9A522C0EE32C', '2015-12-08 16:12:08', '2015-12-09 16:42:40', '2015-12-08 16:04:59', '1', 'Staying calm and close by', '', '42', '1'), ('471', '59743081-2FCD-4541-8D9C-E7101E98EA00', '2015-12-08 16:12:08', '2015-12-09 16:42:40', '2015-12-08 16:04:59', '1', 'Using proper table manners', '', '42', '1'), ('472', '1D60EF01-CA1D-439B-8192-8857382916EB', '2015-12-08 16:12:08', '2015-12-09 16:42:40', '2015-12-08 16:04:59', '1', 'Wandering off', '', '42', '1'), ('473', '3E395E1A-5176-4EE4-A2F7-E43F8173ED5D', '2015-12-08 16:12:08', '2015-12-09 16:42:40', '2015-12-08 16:04:59', '1', 'Being rude to hosts', '', '42', '1'), ('474', '3743C0C1-FA26-4D21-8910-23E24997D2C9', '2015-12-08 16:38:14', '2015-12-08 16:38:14', '2015-12-08 16:04:38', '0', 'Listening to others', '', '1', '1'), ('475', '2473A090-5C99-4C8D-BC59-8877E1656119', '2015-12-08 16:38:14', '2015-12-08 16:38:14', '2015-12-08 16:04:38', '0', 'Creating to do lists', '', '1', '1'), ('476', 'DD0BC1B2-1CB9-4FE7-919F-0818389C6BB0', '2015-12-08 16:38:14', '2015-12-08 16:38:14', '2015-12-08 16:04:38', '0', 'Knowing deadlines', '', '1', '1'), ('477', '63033EA8-262A-43A7-ABB3-1431C6BF410F', '2015-12-08 16:38:14', '2015-12-08 16:38:14', '2015-12-08 16:04:38', '0', 'Using conversatin skills', '', '1', '1'), ('478', '4BDDBC69-4459-4CCB-83A5-DD5757D68CA9', '2015-12-08 16:38:14', '2015-12-08 16:38:14', '2015-12-08 16:04:38', '0', 'Estimating time for each step', '', '1', '1'), ('479', 'A85D2121-C5DD-4467-95F0-DBC7F21AA8C7', '2015-12-08 16:38:14', '2015-12-08 16:38:14', '2015-12-08 16:04:38', '0', 'Breaking down big assignments', '', '1', '1'), ('480', '925C2A1B-85EA-4D54-8BB0-D129C5956700', '2015-12-08 18:24:24', '2015-12-08 18:42:14', '2015-12-08 18:36:14', '0', 'Not respecting different rules', '', '36', '1'), ('481', '07CC398D-1033-4D4A-88C5-245E95AB8CAC', '2015-12-08 18:24:24', '2015-12-08 18:42:14', '2015-12-08 18:36:14', '0', 'Behaving while traveling', '', '36', '1'), ('482', '388F27B0-5984-469C-8C04-2DDE3D17C742', '2015-12-08 18:24:24', '2015-12-08 18:41:34', '2015-12-08 18:40:12', '0', 'Using indoor voice', '', '36', '1'), ('483', '258667C3-5229-409E-BEE3-83BDF2ED79AA', '2015-12-08 18:24:24', '2015-12-08 18:42:14', '2015-12-08 18:36:14', '0', 'Interrupting', '', '36', '1'), ('484', '59BE3E8B-545F-497D-94AC-D896FA196A6E', '2015-12-08 18:24:24', '2015-12-08 18:42:14', '2015-12-08 18:36:14', '0', 'Disobeying', '', '36', '1'), ('485', '68DBCF94-1D21-4562-AEC9-0050CB31AB24', '2015-12-08 18:24:24', '2015-12-08 18:42:14', '2015-12-08 18:36:14', '0', 'Showing good sportsmanship', '', '36', '1'), ('486', '0430FFF4-4797-497C-AABF-ECBB59DDB6D5', '2015-12-08 18:24:24', '2015-12-08 18:42:14', '2015-12-08 18:36:14', '0', 'Being disrespectful to others', '', '36', '1'), ('487', '0B24C66A-537C-4284-ADC5-8E2C3AC06222', '2015-12-08 19:19:46', '2015-12-08 21:06:49', '2015-12-08 20:52:22', '1', 'Letting water get dirty or empty', '', null, '1'), ('488', '09FBE2D4-5ADC-4E67-82B3-7AE652CB45BC', '2015-12-08 19:19:46', '2015-12-08 21:06:49', '2015-12-08 20:52:22', '1', 'Doing laundry', '', null, '1'), ('489', '05F4889C-2BE7-4962-B5AD-423EEB557040', '2015-12-08 19:19:46', '2015-12-08 21:06:49', '2015-12-08 20:52:22', '1', 'Not helping with assigned meals', '', null, '1'), ('490', '73413396-54DE-47B5-9CEA-64C249BDDE7C', '2015-12-08 19:19:46', '2015-12-08 21:06:49', '2015-12-08 20:52:22', '1', 'Cleaning litter box or droppings', '', null, '1'), ('491', '11896BED-D05E-45BF-9AFB-DA32AA1106D3', '2015-12-08 19:19:46', '2015-12-08 21:06:49', '2015-12-08 20:52:22', '1', 'Shoveling snow', '', null, '1'), ('492', 'E2AFB9BA-631F-492E-993F-F887BB727656', '2015-12-08 19:19:46', '2015-12-08 21:06:49', '2015-12-08 20:52:22', '1', 'Making lunch', '', null, '1'), ('493', '41E96C36-36CA-4332-848E-045C1095CE75', '2015-12-08 19:19:46', '2015-12-08 21:06:49', '2015-12-08 20:52:22', '1', 'Washing/Drying dishes', '', null, '1'), ('494', '8BB2DFEF-7013-49AA-A09C-CF153816A6A5', '2015-12-08 19:19:46', '2015-12-08 21:06:49', '2015-12-08 20:52:22', '1', 'Skipping yard chores', '', null, '1'), ('495', 'FF5AF8C1-47C3-4D89-B5BB-02BF72CA0B2F', '2015-12-08 19:19:46', '2015-12-08 21:06:49', '2015-12-08 20:52:22', '1', 'Letting leaves pile up', '', null, '1'), ('496', '63567FDB-94CB-46AC-9898-623EA3D1D6AE', '2015-12-08 19:19:46', '2015-12-08 21:06:49', '2015-12-08 20:52:22', '1', 'Leaving dishes in dishwasher', '', null, '1'), ('497', '31A6B543-9BC1-4381-B998-8F1D54CB6F82', '2015-12-08 19:19:46', '2015-12-08 21:06:49', '2015-12-08 20:52:22', '1', 'Making bed', '', null, '1'), ('498', '2F929D31-E6F1-427F-B636-62A74C2086AD', '2015-12-08 19:19:46', '2015-12-08 21:06:49', '2015-12-08 20:52:22', '1', 'Feeding pet', '', null, '1'), ('499', 'DF89FA29-1DCA-4E56-850E-A8BEEBC32191', '2015-12-08 19:19:46', '2015-12-08 21:06:49', '2015-12-08 20:52:22', '1', 'Refusing to help set table', '', null, '1'), ('500', '55B8B68B-A632-46C7-A805-1D15A8DC3ABB', '2015-12-08 19:19:46', '2015-12-08 21:06:49', '2015-12-08 20:52:22', '1', 'Mowing lawn', '', null, '1'), ('501', 'D37AC3DE-1A2D-452B-AE3C-4795A4878954', '2015-12-08 19:19:46', '2015-12-08 21:06:49', '2015-12-08 20:52:22', '1', 'Cleaning up yard', '', null, '1'), ('502', '7F769E00-8F05-4FEF-9DE9-F89C30E8DFB1', '2015-12-08 19:19:46', '2015-12-08 21:06:49', '2015-12-08 20:52:22', '1', 'Walking pet', '', null, '1'), ('503', '635CBAAB-EA4C-4821-8E0A-5945FE6B0345', '2015-12-08 19:19:46', '2015-12-08 21:06:49', '2015-12-08 20:52:22', '1', 'Leaving dishes in the sink', '', null, '1'), ('504', '5C34DDC7-1F99-49CF-95F8-8758F8AD32A5', '2015-12-08 19:19:46', '2015-12-08 21:06:49', '2015-12-08 20:52:22', '1', 'Not playing with or exercising pet', '', null, '1'), ('505', 'D230FD88-9FF8-48C8-AF04-3FC0257D85CA', '2015-12-08 19:19:46', '2015-12-08 21:06:49', '2015-12-08 20:52:22', '1', 'Setting the table', '', null, '1'), ('506', '192A5B6A-AA46-45B9-AC99-D5887FE2AC95', '2015-12-08 19:19:46', '2015-12-08 21:06:49', '2015-12-08 20:52:22', '1', 'Washing pet', '', null, '1'), ('507', 'F2A03AF0-E643-4C51-9B80-DD8AB90AE500', '2015-12-08 19:19:46', '2015-12-08 21:06:49', '2015-12-08 20:52:22', '1', 'Leaving a mess outside', '', null, '1'), ('508', '76E07F07-CD89-40FB-9B42-2DE74145AE5E', '2015-12-08 19:19:46', '2015-12-08 21:06:49', '2015-12-08 20:52:22', '1', 'Grooming pet', '', null, '1'), ('509', '275FC1EB-2F3B-4B42-98A5-D3CA9AC24318', '2015-12-08 19:19:46', '2015-12-08 21:06:49', '2015-12-08 20:52:22', '1', 'Cleaning up a room', '', null, '1'), ('510', 'E699F1F9-E7D4-4091-9D87-08021BF99AED', '2015-12-08 19:19:46', '2015-12-08 21:06:49', '2015-12-08 20:52:22', '1', 'Vacuuming', '', null, '1'), ('511', '962AEFAD-BC03-462A-BFAD-3F7644A217C9', '2015-12-08 19:19:46', '2015-12-08 21:06:49', '2015-12-08 20:52:22', '1', 'Letting room be a mess', '', null, '1'), ('512', '54411A67-1FA1-48FE-A5D7-255D2822B7CB', '2015-12-08 19:19:46', '2015-12-08 21:06:49', '2015-12-08 20:52:22', '1', 'Letting pet get dirty or smelly', '', null, '1'), ('513', '83A3799A-9761-4F5F-AF9C-C0902A77CAFC', '2015-12-08 19:19:46', '2015-12-08 21:06:49', '2015-12-08 20:52:22', '1', 'Forgetting to feed pet', '', null, '1'), ('514', '612B6337-F560-4AC3-B2B7-6180DD5621B9', '2015-12-08 19:19:46', '2015-12-08 21:06:49', '2015-12-08 20:52:22', '1', 'Letting trash pile up', '', null, '1'), ('515', '40B4012A-845F-4CF2-94F7-CBFE3513595A', '2015-12-08 19:19:46', '2015-12-08 21:06:49', '2015-12-08 20:52:22', '1', 'Watering plants', '', null, '1'), ('516', 'E78EAEAC-1288-423E-904E-DC8B3557ACEE', '2015-12-08 19:19:46', '2015-12-08 21:06:49', '2015-12-08 20:52:22', '1', 'Letting plants wilt', '', null, '1'), ('517', '7E7AB349-102F-4D1B-9466-E19FAC12E447', '2015-12-08 19:19:46', '2015-12-08 21:06:49', '2015-12-08 20:52:22', '1', 'Leaving laundry for others', '', null, '1'), ('518', '38F3ACEA-061C-4BEA-AF09-234172995C2E', '2015-12-08 19:19:46', '2015-12-08 21:06:49', '2015-12-08 20:52:22', '1', 'Giving water to pet', '', null, '1'), ('519', '2236D87F-753E-461B-8276-7400201FBC52', '2015-12-08 19:19:46', '2015-12-08 21:06:49', '2015-12-08 20:52:22', '1', 'Taking out trash', '', null, '1'), ('520', '8D5A4C2B-CD1A-40FC-913F-74A16302C652', '2015-12-08 19:19:46', '2015-12-08 21:06:49', '2015-12-08 20:52:22', '1', 'Raking leaves', '', null, '1'), ('521', '6F7BC9BE-D38B-479A-90BE-5AB55C577D27', '2015-12-08 19:19:46', '2015-12-08 21:06:49', '2015-12-08 20:52:22', '1', 'Throwing clothes on the floor', '', null, '1'), ('522', '254FD197-5E26-4DDC-872A-B2C0D6C4E792', '2015-12-08 19:19:46', '2015-12-08 21:06:49', '2015-12-08 20:52:22', '1', 'Refusing to make bed', '', null, '1'), ('523', '686F0315-A63C-4081-A26C-C56C98BD9358', '2015-12-08 19:19:46', '2015-12-08 21:06:49', '2015-12-08 20:52:22', '1', 'Leaving plates on the table', '', null, '1'), ('524', '6BCF3769-C861-49AB-A6EA-032AAEEB4705', '2015-12-08 19:19:46', '2015-12-08 21:06:49', '2015-12-08 20:52:22', '1', 'Putting away dishes', '', null, '1'), ('525', '5B82FA71-0CC2-424E-AAC0-579B94DEEB30', '2015-12-08 19:19:46', '2015-12-08 21:06:49', '2015-12-08 20:52:22', '1', 'Ignoring dirty litter box or droppings', '', null, '1'), ('526', '9B6C1B78-4062-4A2B-AC8B-91079AB2EB15', '2015-12-08 19:19:46', '2015-12-08 21:06:49', '2015-12-08 20:52:22', '1', 'Clipping nails', '', null, '1'), ('527', '07D64C0F-B15B-4FE8-8471-A57BCF7E35D2', '2015-12-08 19:19:47', '2015-12-08 21:06:49', '2015-12-08 20:52:22', '1', 'Clearing the table', '', null, '1'), ('528', '3BB5C115-C51D-4680-B8B7-466F6A54D74F', '2015-12-08 19:19:47', '2015-12-08 21:06:49', '2015-12-08 20:52:22', '1', 'Sweeping up', '', null, '1'), ('529', 'A5B02EB4-ADB3-4311-99EE-4E66C1D9CB09', '2015-12-08 19:19:47', '2015-12-08 21:06:49', '2015-12-08 20:52:22', '1', 'Making breakfast', '', null, '1'), ('530', 'DDECC3F6-DD43-4B97-8A2C-F4F5E1CBB234', '2015-12-08 19:19:47', '2015-12-08 21:06:49', '2015-12-08 20:52:22', '1', 'Putting away clothes', '', null, '1'), ('531', '4A99E7EB-66FE-4A3E-BF71-FC4EAB11D885', '2015-12-08 19:19:47', '2015-12-08 21:06:49', '2015-12-08 20:52:22', '1', 'Making dinner', '', null, '1'), ('532', '0A4BCD76-68FD-49C4-B6EC-30AD68934E62', '2015-12-08 19:32:49', '2015-12-08 21:06:49', '2015-12-08 20:52:22', '1', 'Leaving dishes in dishwasher', '', null, '1'), ('533', '8415DED3-37D4-4B87-92BD-2EBF53D3E519', '2015-12-08 19:32:49', '2015-12-08 21:06:49', '2015-12-08 20:52:22', '1', 'Leaving dishes in the sink', '', null, '1'), ('534', '31F7B100-4DC4-47A8-8737-070AB457DD09', '2015-12-08 19:32:49', '2015-12-08 21:06:49', '2015-12-08 20:52:22', '1', 'Refusing to help set table', '', null, '1'), ('535', '40ED9886-9CF2-4874-82C6-FF9C21EA1D87', '2015-12-08 19:54:01', '2015-12-09 16:42:40', '2015-12-08 19:56:04', '1', 'Refusing to make bed', '', '42', '1'), ('536', '5416603A-230C-4674-A9A2-2B9DA844271A', '2015-12-08 21:04:58', '2015-12-08 21:06:49', '2015-12-08 21:06:06', '0', 'Breaking rules at recess', '', null, '0'), ('537', 'B71354E1-D3CB-42A7-94BB-93660B43DA0C', '2015-12-08 21:04:58', '2015-12-08 21:06:49', '2015-12-08 21:06:06', '0', 'Running or yelling in hallways', '', null, '0'), ('538', 'EB7155B9-2CD3-4F23-8EE9-977B360AE57D', '2015-12-08 21:04:58', '2015-12-08 21:06:49', '2015-12-08 21:06:06', '0', 'Playing by recess rules', '', null, '1'), ('539', '5E4E8408-0CB4-4620-887A-18BC4C8DAA28', '2015-12-08 21:04:58', '2015-12-08 21:06:49', '2015-12-08 21:06:06', '0', 'Walking quietly in hallways', '', null, '1'), ('540', '64485036-C5A5-48D5-8DEF-9A99ABB62E93', '2015-12-08 21:10:42', '2015-12-08 21:14:05', '2015-12-08 21:13:06', '0', 'Obeying cafeteria rules and routines', '', null, '1'), ('541', '89761322-1916-4096-8D38-18B2CE97254C', '2015-12-08 21:10:42', '2015-12-08 21:14:05', '2015-12-08 21:13:06', '0', 'Following restroom rules', '', null, '1'), ('542', 'A36C469F-F50D-4B0F-B86B-8F97D3CA1950', '2015-12-08 21:10:42', '2015-12-08 21:14:05', '2015-12-08 21:13:06', '0', 'Ignoring bathroom rules', '', null, '0'), ('543', '24F1B5A4-106C-404C-BBA2-5378CE7CA2E8', '2015-12-08 21:10:42', '2015-12-08 21:14:05', '2015-12-08 21:13:06', '0', 'Breaking rules at recess', '', null, '0'), ('544', '476C0B6E-1125-4B4E-A162-34A072ED44AF', '2015-12-08 21:20:47', '2015-12-08 21:21:28', '2015-12-08 21:21:24', '0', 'Staying calm and close by', '', null, '1'), ('545', 'A5B43D4B-0407-418C-9C01-6C0F1947910C', '2015-12-08 21:20:47', '2015-12-08 21:21:28', '2015-12-08 21:21:24', '0', 'Throwing a fit', '', null, '0'), ('546', 'A8063428-E148-453F-B3EF-0372E6146BCE', '2015-12-08 21:20:47', '2015-12-08 21:21:28', '2015-12-08 21:21:24', '0', 'Not thinking it through', '', null, '0'), ('547', 'E497AAD1-0FC0-470B-B264-5B111F1C2458', '2015-12-08 21:20:47', '2015-12-08 21:21:28', '2015-12-08 21:21:24', '0', 'Using signals and cues', '', null, '1'), ('548', '6B1990B4-E466-49EB-B160-FB75B8AC1890', '2015-12-08 21:26:29', '2015-12-08 21:31:06', '2015-12-08 21:27:52', '0', 'Staying calm and close by', '', null, '1'), ('549', '15B57C40-1F17-4D89-B5DC-54CF17817A35', '2015-12-08 21:26:29', '2015-12-08 21:31:06', '2015-12-08 21:27:52', '0', 'Not thinking it through', '', null, '0'), ('550', '2A3FE7CD-D966-4092-B6D8-87B65993BF1F', '2015-12-08 21:26:29', '2015-12-08 21:31:06', '2015-12-08 21:27:52', '0', 'Using signals and cues', '', null, '1'), ('551', '26CF3FD0-4A8A-4DC4-A9C1-051332F7B085', '2015-12-08 21:26:29', '2015-12-08 21:31:06', '2015-12-08 21:27:52', '0', 'Throwing a fit', '', null, '0'), ('552', 'A80DE5F3-6478-4495-82F9-831CB18BFC50', '2015-12-09 04:45:00', '2015-12-09 04:47:11', '2015-12-09 04:45:48', '1', 'Being open to new things', '', null, '1'), ('553', '9A141622-5DBA-49D7-B02C-51589410536E', '2015-12-09 04:45:00', '2015-12-09 04:47:11', '2015-12-09 04:45:48', '1', 'Using inside voice', '', null, '1'), ('554', '9D07C83B-D049-4535-913F-3E2DC3AB5247', '2015-12-09 04:45:00', '2015-12-09 04:47:11', '2015-12-09 04:45:48', '1', 'Disobeying instructions', '', null, '0'), ('555', 'ED22072C-26E8-4CE3-821F-153A4B36EA92', '2015-12-09 04:45:00', '2015-12-09 04:47:11', '2015-12-09 04:45:48', '1', 'Using aggressive behavior', '', null, '0'), ('556', '2C9484DB-F482-4D0D-9EBD-BBB407C1FDA8', '2015-12-09 05:10:17', '2015-12-09 05:11:05', '2015-12-09 05:08:46', '1', 'Not respecting different rules', '', '71', '0'), ('557', 'AA751186-3EF5-4EA0-8700-5421567D8876', '2015-12-09 05:10:17', '2015-12-09 05:11:05', '2015-12-09 05:08:46', '1', 'Using good manners', '', '71', '1'), ('558', '28ABAD56-9282-4F40-BD8E-2566E28FDDB6', '2015-12-09 05:10:17', '2015-12-09 05:11:05', '2015-12-09 05:08:46', '1', 'Behaving while traveling', '', '71', '1'), ('559', 'E5FADF00-102A-42BE-A59C-6437CC5689C3', '2015-12-09 05:10:17', '2015-12-09 05:11:05', '2015-12-09 05:08:46', '1', 'Arguing about plans', '', '71', '0'), ('560', '4229F21B-0C0E-4115-9D55-A9F7D616BCFC', '2015-12-09 18:09:50', '2015-12-09 18:28:04', '2015-12-09 18:25:07', '1', 'Walking quietly in hallways', '', '79', '1'), ('561', '57213916-4648-4B2B-B643-9A89E3FA4D87', '2015-12-09 18:09:50', '2015-12-09 18:28:04', '2015-12-09 18:25:07', '1', 'Being late with work', '', '79', '0'), ('562', '3491FC5A-D326-425F-9B3E-07BE9D6D9E4B', '2015-12-09 18:09:50', '2015-12-09 18:28:04', '2015-12-09 18:25:07', '1', 'Using good manners', '', '79', '1'), ('563', '0D0A213C-7237-405C-BF6F-305D5D474586', '2015-12-09 18:09:50', '2015-12-09 18:28:04', '2015-12-09 18:25:07', '1', 'Putting name on assignments', '', '79', '1'), ('564', '0DEE3A7C-F33F-41E2-AFCE-EC7BF4DC97C2', '2015-12-09 18:09:50', '2015-12-09 18:28:04', '2015-12-09 18:25:07', '1', 'Following restroom rules', '', '79', '1'), ('565', 'D0B104F1-E68B-467F-8C1D-DB9A50245C31', '2015-12-09 18:09:50', '2015-12-09 18:28:04', '2015-12-09 18:25:07', '1', 'Using signals and cues', '', '79', '1'), ('566', '16F70E33-2442-4C13-9DEC-3B22F4E23F87', '2015-12-09 18:09:50', '2015-12-09 18:28:04', '2015-12-09 18:25:07', '1', 'Using supplies incorrectly', '', '79', '0'), ('567', '868A32ED-275D-46EF-8BBB-22AA892FDF51', '2015-12-09 18:09:50', '2015-12-09 18:28:04', '2015-12-09 18:25:07', '1', 'Being self-directed', '', '79', '1'), ('568', '2611BB8B-26B2-457A-A5FF-18701514BEB2', '2015-12-09 18:09:50', '2015-12-09 18:28:04', '2015-12-09 18:25:07', '1', 'Keeping binder organzied', '', '79', '1'), ('569', '94BC6D6D-AF26-4D4A-99BF-83BD4818311F', '2015-12-09 18:09:50', '2015-12-09 18:28:04', '2015-12-09 18:25:07', '1', 'Forgetting notes from home', '', '79', '0'), ('570', '1C009F5A-598F-44AA-A63C-879D793D7CEE', '2015-12-09 18:09:50', '2015-12-09 18:28:04', '2015-12-09 18:25:07', '1', 'Needing reminders to follow procedures', '', '79', '0'), ('571', 'CD37898D-11DC-4285-9225-764560EC6ABE', '2015-12-09 18:09:50', '2015-12-09 18:28:04', '2015-12-09 18:25:07', '1', 'Getting off-task or distracted', '', '79', '0'), ('572', 'BC190D7D-F0EC-4B69-BA61-43AE1006FF43', '2015-12-09 18:09:50', '2015-12-09 18:28:04', '2015-12-09 18:25:07', '1', 'Turning in daily assignments', '', '79', '1'), ('573', '0A980645-86CC-4681-942B-DE5E706791F7', '2015-12-09 18:09:50', '2015-12-09 18:28:04', '2015-12-09 18:25:07', '1', 'Getting parents signatures', '', '79', '1'), ('574', '3DBCBAA4-150E-4A9B-96F1-EC64297BEB37', '2015-12-09 18:09:50', '2015-12-09 18:28:04', '2015-12-09 18:25:07', '1', 'Missing parent signatures', '', '79', '0'), ('575', 'BC0D9600-46AF-4A43-A9E2-2F3B0794E38A', '2015-12-09 18:09:50', '2015-12-09 18:28:04', '2015-12-09 18:25:07', '1', 'Fighting or arguing', '', '79', '0'), ('576', '63CEE1A8-2B4A-4A5F-ADE8-C8940F0085CB', '2015-12-09 18:09:50', '2015-12-09 18:28:04', '2015-12-09 18:25:07', '1', 'Using conversatin skills', '', '79', '1'), ('577', '036E61A9-7491-46D8-876C-12E08C16A583', '2015-12-09 18:09:50', '2015-12-09 18:28:04', '2015-12-09 18:25:07', '1', 'Using study planner', '', '79', '1'), ('578', '1D1B8EA0-FD2B-4F3F-9AC2-778E8C64ABFE', '2015-12-09 18:09:50', '2015-12-09 18:28:04', '2015-12-09 18:25:07', '1', 'Doing assigned classroom jobs', '', '79', '1'), ('579', 'F12E7D95-EA00-4B6F-92B5-5A8025604FD1', '2015-12-09 18:09:50', '2015-12-09 18:28:04', '2015-12-09 18:25:07', '1', 'Rushing or sloppy with work', '', '79', '0'), ('580', '8A3EBF2F-FC36-4AF9-90F3-93BCF4676DEC', '2015-12-09 18:09:50', '2015-12-09 18:28:04', '2015-12-09 18:25:07', '1', 'Being kind and helpful', '', '79', '1'), ('581', 'D0E8FEB4-94D9-4EEF-8B3D-393B6329B294', '2015-12-09 18:09:50', '2015-12-09 18:28:04', '2015-12-09 18:25:07', '1', 'Interring with others\' work', '', '79', '0'), ('582', 'CBC5FC9A-847C-4E8B-9A60-F3A5178A03C0', '2015-12-09 18:09:50', '2015-12-09 18:28:04', '2015-12-09 18:25:07', '1', 'Playing by recess rules', '', '79', '1'), ('583', 'F9D98221-A890-4513-916D-3398436802A8', '2015-12-09 18:09:50', '2015-12-09 18:28:04', '2015-12-09 18:25:07', '1', 'Being honest', '', '79', '1'), ('584', '6434BBF3-17B5-4B3A-896E-4CF92815C087', '2015-12-09 18:09:50', '2015-12-09 18:28:04', '2015-12-09 18:25:07', '1', 'Using time wisely', '', '79', '1'), ('585', '8C47FB53-C086-4B6F-B81D-801D0D34784E', '2015-12-09 18:09:50', '2015-12-09 18:28:04', '2015-12-09 18:25:07', '1', 'Showing focus and effort', '', '79', '1'), ('586', 'D48718BB-B279-4538-A35E-30B1D07805BD', '2015-12-09 18:09:50', '2015-12-09 18:28:04', '2015-12-09 18:25:07', '1', 'Missing assignments', '', '79', '0'), ('587', '918D09D2-06D4-427F-A7EF-417A52596056', '2015-12-09 18:09:50', '2015-12-09 18:28:04', '2015-12-09 18:25:07', '1', 'Neglecting classroom duties', '', '79', '0'), ('588', '7939E960-DAE8-4C2D-AD19-837C0B3B1C91', '2015-12-09 18:09:50', '2015-12-09 18:28:04', '2015-12-09 18:25:07', '1', 'Obeying cafeteria rules and routines', '', '79', '1'), ('589', '5424D694-9093-4F04-A4E2-A759A04DCD57', '2015-12-09 18:09:50', '2015-12-09 18:28:04', '2015-12-09 18:25:07', '1', 'Being disrespectful to others', '', '79', '0'), ('590', 'E1070FBA-E7DB-4789-82EF-520BA5F84BAC', '2015-12-09 18:09:50', '2015-12-09 18:28:04', '2015-12-09 18:25:07', '1', 'Ignoring bathroom rules', '', '79', '0'), ('591', '29E7C76B-DD54-47B3-8F15-88BC75E5C0AE', '2015-12-09 18:09:50', '2015-12-09 18:28:04', '2015-12-09 18:25:07', '1', 'Being unprepared', '', '79', '0'), ('592', '60766B0A-6C98-4370-9E1D-7173B1942FA4', '2015-12-09 18:09:50', '2015-12-09 18:28:04', '2015-12-09 18:25:07', '1', 'Yelling, screaming or whining', '', '79', '0'), ('593', '524F5C18-2E81-4EA1-993D-BB81EFF6C456', '2015-12-09 18:09:50', '2015-12-09 18:28:04', '2015-12-09 18:25:07', '1', 'Being persistent', '', '79', '1'), ('594', 'BA6F5DBB-49CE-4913-AABD-02E297C47643', '2015-12-09 18:09:50', '2015-12-09 18:28:04', '2015-12-09 18:25:07', '1', 'Following directions the first time', '', '79', '1'), ('595', '9DA7580A-32B1-4805-8E2B-1AA850AF2FC4', '2015-12-09 18:09:50', '2015-12-09 18:28:04', '2015-12-09 18:25:07', '1', 'Bringing take-home folder', '', '79', '1'), ('596', '1674EBEC-BB6D-4F30-8899-FB043D9B824D', '2015-12-09 18:09:50', '2015-12-09 18:28:04', '2015-12-09 18:25:07', '1', 'Running or yelling in hallways', '', '79', '0'), ('597', 'C7059CE0-F19B-4D5D-8FE2-FCFDAB6A6D63', '2015-12-09 18:09:50', '2015-12-09 18:28:04', '2015-12-09 18:25:07', '1', 'Refusing to follow directions', '', '79', '0'), ('598', '69F98829-1298-4DC2-9BC8-F399F1411143', '2015-12-09 18:09:50', '2015-12-09 18:28:04', '2015-12-09 18:25:07', '1', 'Interrupting', '', '79', '0'), ('599', '7CC182B4-26B9-4CC7-ABCC-F0892E1C697B', '2015-12-09 18:09:50', '2015-12-09 18:28:04', '2015-12-09 18:25:07', '1', 'Being respectful to adults', '', '79', '1'), ('600', '29BA3371-407F-459E-85C8-4FD778830972', '2015-12-09 18:09:50', '2015-12-09 18:28:04', '2015-12-09 18:25:07', '1', 'Completing check-ins without reminders', '', '79', '1'), ('601', '9417F277-6AF1-416E-B4BC-2D789AEE49BF', '2015-12-09 18:09:50', '2015-12-09 18:28:04', '2015-12-09 18:25:07', '1', 'Completing team responsibilities', '', '79', '1'), ('602', '54A0CC5C-A6FC-4895-B347-38DEFD0506D2', '2015-12-09 18:09:50', '2015-12-09 18:28:04', '2015-12-09 18:25:07', '1', 'Using aggressive behavior', '', '79', '0'), ('603', 'B75A42BC-188D-4C75-B492-85D719126FDB', '2015-12-09 18:09:50', '2015-12-09 18:28:04', '2015-12-09 18:25:07', '1', 'Using technology inappropriately', '', '79', '0'), ('604', '94DB5307-0C1F-48F0-A36C-D9C9634DC5D9', '2015-12-09 18:09:50', '2015-12-09 18:28:04', '2015-12-09 18:25:07', '1', 'Being a poor sport', '', '79', '0'), ('605', '643F4D43-A59D-41E1-A827-A1FB7663D8A4', '2015-12-09 18:09:50', '2015-12-09 18:28:04', '2015-12-09 18:25:07', '1', 'Respecting classroom rules', '', '79', '1'), ('606', 'AB7FB2FD-E7C2-43AE-8774-14DDA4618731', '2015-12-09 18:09:50', '2015-12-09 18:28:04', '2015-12-09 18:25:07', '1', 'Breaking rules at recess', '', '79', '0'), ('607', '8A6ADBB2-3D13-4AA1-84D0-9E2BA8D12EE8', '2015-12-09 18:09:50', '2015-12-09 18:28:04', '2015-12-09 18:25:07', '1', 'Being disruptive in cafeteria', '', '79', '0'), ('608', 'EC1DEBEE-0A39-4FF3-90D8-A4CF3CBB18DD', '2015-12-09 18:09:50', '2015-12-09 18:28:04', '2015-12-09 18:25:07', '1', 'Taking responsiblity for actions', '', '79', '1'), ('609', '3557AD6A-6E96-48E4-B733-F164038B2B91', '2015-12-09 18:12:53', '2015-12-09 18:28:04', '2015-12-09 18:25:07', '1', 'Saying \"You\'re Welcome!\"', '', '80', '1'), ('610', '12EC8080-30F2-4182-913E-55662F7D6925', '2015-12-09 18:12:53', '2015-12-09 18:28:04', '2015-12-09 18:25:07', '1', 'Saying \"Thank You!\"', '', '80', '1'), ('611', 'ACA4D8F2-83CD-4A48-8A82-E7854908A4ED', '2015-12-09 18:12:53', '2015-12-09 18:28:04', '2015-12-09 18:25:07', '1', 'Saying \"Excuse Me!\"', '', '80', '1'), ('612', '67F493FF-ABCC-4B66-B289-F05692327DAD', '2015-12-09 18:12:53', '2015-12-09 18:28:04', '2015-12-09 18:25:07', '1', 'Using put downs', '', '80', '0'), ('613', 'AC11D67A-6FC1-4361-8FF6-F8145D4D2256', '2015-12-09 18:12:53', '2015-12-09 18:28:04', '2015-12-09 18:25:07', '1', 'Talking back', '', '80', '0'), ('614', 'C5020305-E13D-4E97-B5D0-16EEB63B93CA', '2015-12-09 18:12:53', '2015-12-09 18:28:04', '2015-12-09 18:25:07', '1', 'Cursing', '', '80', '0'), ('615', '1BDBD374-99C8-448B-A082-28AB30586119', '2015-12-09 18:12:53', '2015-12-09 18:28:04', '2015-12-09 18:25:07', '1', 'Name calling', '', '80', '0'), ('616', '8C955ECA-4123-45EA-8CBE-4CCB93766650', '2015-12-09 18:12:53', '2015-12-09 18:28:04', '2015-12-09 18:25:07', '1', 'Interrupting', '', '80', '0'), ('617', '04E75FCA-61A6-4C25-BF92-E37120CBBA7A', '2015-12-09 18:12:53', '2015-12-09 18:28:04', '2015-12-09 18:25:07', '1', 'Saying \"Please!\"', '', '80', '1'), ('618', '40151156-9B9A-4DC3-81ED-B5B51FD43DF6', '2015-12-09 18:22:02', '2015-12-09 18:28:34', '2015-12-09 18:27:54', '1', 'First-time listening', '', '78', '1'), ('619', 'F81B6ADC-7FEA-4249-A999-8710401AA139', '2015-12-09 18:22:02', '2015-12-09 18:28:34', '2015-12-09 18:27:54', '1', 'Offering to help', '', '78', '1'), ('620', '50CDCAFE-9790-4C2E-8A57-8CBDE1C3DB5F', '2015-12-09 18:22:02', '2015-12-09 18:28:34', '2015-12-09 18:27:54', '1', 'Following directions ', '', '78', '1'), ('621', '21929B50-5CD1-4133-ABDF-15FF632ADF46', '2015-12-09 18:22:02', '2015-12-09 18:28:34', '2015-12-09 18:27:54', '1', 'Using conversatin skills', '', '78', '1'), ('622', '3F11F5A2-AD14-4B54-B71E-D595E10EC571', '2015-12-09 18:22:02', '2015-12-09 18:28:34', '2015-12-09 18:27:54', '1', 'Being honest', '', '78', '1'), ('623', '74B4F538-365E-4562-BA28-40C35F557066', '2015-12-09 18:22:02', '2015-12-09 18:28:34', '2015-12-09 18:27:54', '1', 'Being respectful to adults', '', '78', '1'), ('624', '13521B07-E113-4099-A7AE-86A261662493', '2015-12-09 18:22:02', '2015-12-09 18:28:34', '2015-12-09 18:27:54', '1', 'Cooperating', '', '78', '1'), ('625', '5FA59947-6877-49F9-B898-88C0E55C0561', '2015-12-09 18:23:55', '2015-12-09 18:28:34', '2015-12-09 18:27:54', '1', 'Putting away clothes', '', '81', '1'), ('626', 'D3E87C8E-5AB1-4B94-B037-2D4B2E699F80', '2015-12-09 18:23:55', '2015-12-09 18:28:34', '2015-12-09 18:27:54', '1', 'Taking out trash', '', '81', '1'), ('627', 'E8CFA5BA-C0A1-4347-84F0-62CF20BC4AB7', '2015-12-09 18:23:55', '2015-12-09 18:28:34', '2015-12-09 18:27:54', '1', 'Vacuuming', '', '81', '1'), ('628', '378A272B-2868-4150-A1B0-E39D3BC1B90E', '2015-12-09 18:23:55', '2015-12-09 18:28:34', '2015-12-09 18:27:54', '1', 'Doing laundry', '', '81', '1'), ('629', '571E6F44-DC6C-4603-9C6D-C5058415AF35', '2015-12-09 18:23:55', '2015-12-09 18:28:34', '2015-12-09 18:27:54', '1', 'Cleaning up a room', '', '81', '1'), ('630', 'E6FE93E9-DA9A-4B23-A439-D9F4F9615016', '2015-12-09 18:23:55', '2015-12-09 18:28:34', '2015-12-09 18:27:54', '1', 'Making bed', '', '81', '1'), ('631', '2185F584-8C00-4DE0-8830-3B2A7B6A3CFF', '2015-12-09 18:25:07', '2015-12-09 18:28:34', '2015-12-09 18:27:54', '1', 'Refusing to make bed', '', '81', '0'), ('632', 'A6F30500-86E6-4CFE-B329-CD9350204D8F', '2015-12-09 18:25:07', '2015-12-09 18:28:34', '2015-12-09 18:27:54', '1', 'Letting trash pile up', '', '81', '0'), ('633', '2A277A3A-8238-410F-8DCD-93EA1F91A43B', '2015-12-09 18:25:07', '2015-12-09 18:28:34', '2015-12-09 18:27:54', '1', 'Leaving laundry for others', '', '81', '0'), ('634', '5AD17186-2CFE-49F1-9424-38B277280B47', '2015-12-09 18:25:07', '2015-12-09 18:28:34', '2015-12-09 18:27:54', '1', 'Letting room be a mess', '', '81', '0'), ('635', '1E0097E6-D2FC-4C00-A50E-8C7DA6BC884E', '2015-12-09 18:25:07', '2015-12-09 18:28:34', '2015-12-09 18:27:54', '1', 'Throwing clothes on the floor', '', '81', '0');
COMMIT;

-- ----------------------------
--  Table structure for `services_board`
-- ----------------------------
DROP TABLE IF EXISTS `services_board`;
CREATE TABLE `services_board` (
  `id` int(11) NOT NULL AUTO_INCREMENT,
  `uuid` varchar(64) NOT NULL,
  `created_date` datetime NOT NULL,
  `updated_date` datetime NOT NULL,
  `device_date` datetime NOT NULL,
  `deleted` tinyint(1) NOT NULL,
  `title` varchar(128) NOT NULL,
  `transaction_id` varchar(128) DEFAULT NULL,
  `owner_id` int(11) DEFAULT NULL,
  PRIMARY KEY (`id`),
  UNIQUE KEY `services_board_uuid_4f70405795c65acb_uniq` (`uuid`),
  KEY `services_board_5e7b1936` (`owner_id`)
) ENGINE=MyISAM AUTO_INCREMENT=86 DEFAULT CHARSET=latin1;

-- ----------------------------
--  Records of `services_board`
-- ----------------------------
BEGIN;
INSERT INTO `services_board` VALUES ('1', '0F3F58F4-D5AE-47FE-B064-3CD9C7DA5293', '2015-11-23 20:43:05', '2015-12-09 18:41:23', '2015-12-09 18:40:25', '0', 'Aaron\'s Board', null, '3'), ('2', 'A980B60E-6548-4D61-AF46-7BEA9C1C1F59', '2015-11-23 21:42:44', '2015-12-08 19:00:38', '2015-12-08 18:41:39', '0', 'Untitled', null, null), ('31', '2C752C6F-03ED-427D-BD06-FDA09B6B3DD2', '2015-11-30 18:58:52', '2015-11-30 18:58:52', '2015-11-30 18:57:45', '0', 'Aaron\'s Board 3', 'E478994E-4257-4379-ACF3-775442DCDA86', '3'), ('30', '5ABDD8B0-4FDB-471E-A784-E75994539FB3', '2015-11-25 02:14:00', '2015-12-08 05:06:09', '2015-12-08 04:40:59', '0', 'Around the House', null, '19'), ('21', '23415C52-77FF-4E20-A40B-3F20ABAD48B3', '2015-11-23 23:50:31', '2015-12-08 18:42:17', '2015-12-08 18:40:43', '0', 'Sample Board', null, '7'), ('29', 'A4CB6408-9965-4DB5-BB93-5263BE7E4A52', '2015-11-24 20:11:08', '2015-11-24 20:12:13', '2015-11-24 20:10:12', '0', 'On the Road 2', '4A5E0334-C4C4-48AB-B711-2F108BDA15BB', '3'), ('36', 'CA77DA16-C3B4-4DF1-8FEA-68D488BCE76E', '2015-12-06 17:45:45', '2015-12-08 18:41:34', '2015-12-08 18:40:12', '0', 'Malcolm\'s Test', null, '7'), ('26', '5A35A7DF-809F-4A90-84EC-6A60E9A01592', '2015-11-24 20:04:53', '2015-12-08 18:42:17', '2015-12-08 18:40:43', '0', 'Untitled', null, '7'), ('27', '58AD39D5-FAD7-4ECA-94A0-A4904B0C05ED', '2015-11-24 20:06:12', '2015-12-08 18:42:17', '2015-12-08 18:40:43', '0', 'On the Road', null, '7'), ('44', '63BF1BDF-DFF4-4571-8F92-3DDAE7B568E8', '2015-12-08 19:19:46', '2015-12-08 23:21:11', '2015-12-08 23:06:04', '1', 'Untitled', null, '46'), ('28', '3D95D955-DCBA-42AA-AABE-0D99AB0A07AC', '2015-11-24 20:10:12', '2015-12-08 18:42:17', '2015-12-08 18:40:43', '0', 'On the Road', null, '7'), ('23', '2C1B496D-6EAB-4BFE-8D20-64ED2E1B86F2', '2015-11-24 17:40:17', '2015-12-07 21:22:13', '2015-12-07 21:16:34', '0', 'Aaron\'s Board 2', null, '3'), ('15', '44634CFC-614E-429D-BE08-31CACDAFAF3B', '2015-11-23 22:39:38', '2015-12-08 18:42:17', '2015-12-08 18:40:43', '0', 'Untitled', null, '7'), ('25', 'D1857686-8BA5-4230-BA87-B84B661F0FDC', '2015-11-24 20:03:27', '2015-12-08 18:42:17', '2015-12-08 18:40:43', '0', 'Around the House', null, '7'), ('24', '900383B4-514D-428F-90B2-3B3570D1ABC0', '2015-11-24 19:16:26', '2015-12-08 16:02:09', '2015-12-08 15:50:58', '0', 'Phone T1', null, null), ('32', 'BF6FB1C3-A248-455B-9311-647ECEA1C4FF', '2015-12-01 17:09:01', '2015-12-08 00:57:24', '2015-12-08 00:52:24', '0', 'Custom Board 1', null, '3'), ('33', '30833DC2-6297-4144-8213-4AA04E4F2C09', '2015-12-04 15:16:27', '2015-12-08 16:02:09', '2015-12-08 15:46:41', '0', 'Untitled', null, null), ('34', '702253BE-D937-4DB7-802C-D386393DD819', '2015-12-04 19:11:48', '2015-12-08 15:47:44', '2015-12-08 15:46:57', '0', 'Untitled', null, null), ('35', 'DBDE3E7B-9E3B-40B7-8324-7BC503B2CCDC', '2015-12-04 19:11:48', '2015-12-08 18:42:17', '2015-12-08 18:40:43', '0', 'Untitled', null, null), ('37', '41E43851-CD38-41D0-96C2-C4EA0CA19AC0', '2015-12-06 20:17:37', '2015-12-08 18:42:17', '2015-12-08 18:40:43', '0', 'Untitled', null, '7'), ('38', '9FE32BA7-6DCD-4F7D-B1AA-F060E6CEEA42', '2015-12-06 20:45:03', '2015-12-08 18:42:17', '2015-12-08 18:40:43', '0', 'Untitled', null, '7'), ('39', '4AD6017B-2742-42C0-BDAE-2BD5F9AE60E8', '2015-12-07 19:35:28', '2015-12-07 19:38:50', '2015-12-07 19:33:09', '0', 'Untitled', '51D56709-29AF-4C20-BCA8-3D54C495FC87', '3'), ('40', 'B63BA250-7E97-4539-9216-C9FD77C0DF70', '2015-12-07 21:41:34', '2015-12-08 16:02:09', '2015-12-08 15:46:41', '0', 'Untitled', null, null), ('42', 'C93C420B-E962-46BD-AC82-A568D4314A46', '2015-12-08 16:12:07', '2015-12-09 18:07:26', '2015-12-08 19:56:04', '1', 'On the Road', null, '40'), ('41', '02E9100F-2A23-436B-8AD7-EF241038A49D', '2015-12-07 23:31:27', '2015-12-07 23:34:45', '2015-12-07 23:29:30', '0', 'Untitled', 'EC3B9352-7687-4FE2-B0B4-1CCB48B21532', '3'), ('43', '733AF99B-4A3F-46E9-9873-67455DA3CFC4', '2015-12-08 18:18:37', '2015-12-08 18:22:16', '2015-12-08 18:16:31', '0', 'Untitled', '78AAC7E3-B0ED-405F-A693-99E56B43AD32', '3'), ('73', '58F3C928-67C2-40E6-9A48-8C7686A14AD5', '2015-12-09 05:16:28', '2015-12-09 16:18:26', '2015-12-09 06:26:28', '0', 'Reset Test 2', null, '46'), ('72', '74D7F02E-AD2C-4BC3-9AD9-9F3935E3599B', '2015-12-09 05:11:05', '2015-12-09 06:12:54', '2015-12-09 05:15:54', '1', 'Reset Test 2', null, '46'), ('71', '529ED07F-563C-4DFA-8CED-C582E2F67357', '2015-12-09 05:10:17', '2015-12-09 06:12:23', '2015-12-09 05:08:46', '1', 'Reset Test 2', 'DD66C616-CD03-473A-B2D2-751FD40026FE', '46'), ('74', '2B99C2D7-70A5-46BA-87C4-55E0213DBEEA', '2015-12-09 05:20:14', '2015-12-09 18:41:23', '2015-12-09 18:40:25', '0', 'Update Test RD55', null, '46'), ('75', '4AEE8F65-46E0-4D0E-A27B-043D6778C0EC', '2015-12-09 16:42:40', '2015-12-09 18:17:54', '2015-12-09 16:41:20', '1', 'On the Road', null, '40'), ('76', '8857CB86-749D-4245-8004-54D651E87E15', '2015-12-09 16:42:40', '2015-12-09 18:28:34', '2015-12-09 16:43:06', '1', 'On the Road', null, '40'), ('77', '379570BE-0F9A-49A6-B629-411B3A9032D7', '2015-12-09 16:43:41', '2015-12-09 18:28:34', '2015-12-09 16:55:34', '1', 'On the Road', null, '40'), ('78', 'B08841C9-0FED-4049-A6AB-421F4F4C866D', '2015-12-09 16:56:57', '2015-12-09 18:28:34', '2015-12-09 18:27:53', '1', 'On the Road', null, '40'), ('79', '220670E1-6738-49F3-8175-B1172F097602', '2015-12-09 18:09:50', '2015-12-09 18:28:44', '2015-12-09 18:25:07', '1', 'Teacher\'s Helper', null, '45'), ('80', 'CF4CFB1C-47CF-4AE7-BD31-8E89C834AE84', '2015-12-09 18:10:58', '2015-12-09 18:28:44', '2015-12-09 18:25:07', '1', 'Custom AppDig1', null, '45'), ('81', '9DD84C9C-70CC-49DA-B106-E7A315DF48E5', '2015-12-09 18:22:45', '2015-12-09 18:28:34', '2015-12-09 18:27:53', '1', 'Custom FB1', '1000000184313155', '40'), ('82', 'BA2FE2C0-DFE9-4802-8D23-877D9D7C9695', '2015-12-09 18:28:04', '2015-12-09 18:28:44', '2015-12-09 18:25:50', '0', 'Custom AppDig1', null, '45'), ('83', '4067A368-E8ED-477B-A8E5-3A800944ED32', '2015-12-09 18:28:04', '2015-12-09 18:28:44', '2015-12-09 18:26:14', '0', 'Teacher\'s Helper', null, '45'), ('84', '4299A92D-7FC2-4CB8-9857-95A9A9404B08', '2015-12-09 18:28:34', '2015-12-09 18:28:34', '2015-12-09 18:27:10', '0', 'Custom FB1', null, '40'), ('85', '107E0446-03EE-40A7-8510-703453A35DEA', '2015-12-09 18:28:34', '2015-12-09 18:28:34', '2015-12-09 18:27:14', '0', 'On the Road', null, '40');
COMMIT;

-- ----------------------------
--  Table structure for `services_frown`
-- ----------------------------
DROP TABLE IF EXISTS `services_frown`;
CREATE TABLE `services_frown` (
  `id` int(11) NOT NULL AUTO_INCREMENT,
  `uuid` varchar(64) NOT NULL,
  `created_date` datetime NOT NULL,
  `updated_date` datetime NOT NULL,
  `device_date` datetime NOT NULL,
  `deleted` tinyint(1) NOT NULL,
  `behavior_id` int(11) DEFAULT NULL,
  `board_id` int(11) DEFAULT NULL,
  `user_id` int(11) DEFAULT NULL,
  `note` varchar(256) NOT NULL,
  `creator_id` int(11),
  PRIMARY KEY (`id`),
  UNIQUE KEY `services_frown_uuid_465d1198c7117035_uniq` (`uuid`),
  KEY `services_frown_fcc1bcae` (`behavior_id`),
  KEY `services_frown_0047b239` (`board_id`),
  KEY `services_frown_3700153c` (`creator_id`)
) ENGINE=MyISAM AUTO_INCREMENT=79 DEFAULT CHARSET=latin1;

-- ----------------------------
--  Records of `services_frown`
-- ----------------------------
BEGIN;
INSERT INTO `services_frown` VALUES ('1', '6D5C9FBB-4AAF-434F-AF6E-6B4293557496', '2015-11-25 02:26:50', '2015-11-25 02:26:50', '2015-11-25 02:18:57', '0', '292', '30', '22', 'So rude at breakfast\n', '19'), ('2', 'B0F8014D-DD6B-4C1A-9794-4F6DE59B97AD', '2015-11-25 02:26:50', '2015-11-25 02:53:22', '2015-11-25 02:22:48', '0', '293', '30', '20', 'Playing video games without paying!', '19'), ('3', 'AD5E383F-2DBC-4DCE-895D-867001D82C41', '2015-11-25 02:26:50', '2015-11-25 02:53:22', '2015-11-25 02:23:53', '0', '324', '30', '20', 'Dropped an F bomb!?\n', '19'), ('4', '6C72DFEE-BE0B-4148-9D71-C04004C29A5E', '2015-11-25 04:30:09', '2015-11-25 04:49:49', '2015-11-25 04:26:47', '0', '286', '30', '20', 'Joy buzzing people at church, even when I told him to stop!', '19'), ('5', 'D7B70691-22CE-4FB7-B4A2-A9A2F4DD4E64', '2015-11-25 04:54:33', '2015-11-25 04:56:40', '2015-11-25 04:50:05', '0', '312', '30', '21', 'Singing even when Rollie asked him not to', '19'), ('6', 'BEFCEECE-85B4-41EF-BEA5-B242B7147841', '2015-11-25 04:56:40', '2015-11-25 05:25:51', '2015-11-25 04:53:58', '0', '317', '30', '20', '', '19'), ('7', 'B6DE28B7-5478-4747-A715-8C3E141084AD', '2015-11-25 05:25:51', '2015-11-25 05:25:51', '2015-11-25 04:56:15', '0', '326', '30', '21', '', '19'), ('8', 'F68E6414-B228-4850-9396-B0F8667894B5', '2015-11-25 05:54:56', '2015-11-25 05:54:56', '2015-11-25 05:25:56', '0', '298', '30', '22', '', '19'), ('9', '13B6C1FF-858B-4881-9436-E5188613B844', '2015-11-25 06:09:20', '2015-11-25 06:09:20', '2015-11-25 05:58:57', '0', '286', '30', '22', '', '19'), ('10', '2085C0E0-0ABE-4772-AAB5-EB1D292EB738', '2015-11-25 18:22:11', '2015-11-25 20:04:49', '2015-11-25 18:20:23', '0', '287', '30', '20', '', '19'), ('11', 'DEE2AD04-BF47-4B88-9A30-E6130621D16D', '2015-11-25 20:07:24', '2015-11-25 20:17:15', '2015-11-25 20:04:23', '0', '297', '30', '22', '', '19'), ('12', '8209E9A3-6D8F-456D-B683-11BDA6BE98F0', '2015-11-25 20:07:24', '2015-11-25 20:17:15', '2015-11-25 20:04:23', '0', '297', '30', '22', '', '19'), ('13', '9F922A85-3DD6-4A62-8DD3-6B0D4A215577', '2015-11-25 20:17:28', '2015-11-25 21:30:46', '2015-11-25 20:16:37', '0', '297', '30', '20', '', '19'), ('14', '2DF02006-DE69-42C6-89A3-3E35C232F95C', '2015-11-25 20:21:28', '2015-11-25 21:30:46', '2015-11-25 20:16:51', '0', '297', '30', '20', '', '19'), ('15', 'AA2AF287-4A46-4C27-9001-B9117377E5FD', '2015-11-25 21:49:33', '2015-11-25 21:49:33', '2015-11-25 21:30:15', '0', '278', '30', '22', '', '19'), ('16', 'BC22613F-0444-4750-B20D-C21A4228A885', '2015-11-27 03:39:56', '2015-11-27 03:40:06', '2015-11-27 03:34:59', '0', '288', '30', '21', 'You nearly set the house on fire with a lighter and some rain with activity', '19'), ('17', '54013A49-53A1-4FE7-B63F-CEDC1652394D', '2015-12-02 22:12:23', '2015-12-02 22:12:23', '2015-11-29 03:51:58', '0', '331', '30', '20', 'Sweeping the tree even though I asked you 10 times ', '19'), ('18', 'BB5AFFE5-426F-4869-B1B0-303781006BEC', '2015-12-02 22:12:23', '2015-12-02 22:12:23', '2015-11-29 03:51:58', '0', '331', '30', '20', 'Sweeping the tree even though I asked you 10 times ', '19'), ('19', 'BA9C7592-92F5-488D-8A57-DF0C561C9C1D', '2015-12-02 22:12:23', '2015-12-02 22:12:23', '2015-11-29 03:51:58', '0', '331', '30', '20', 'Sweeping the tree even though I asked you 10 times ', '19'), ('20', '8D64F3A4-4033-4D29-BB34-C6310170EAAA', '2015-12-06 22:07:26', '2015-12-06 22:07:26', '2015-12-06 22:01:15', '0', '331', '30', '21', 'Not listening, being loud and mom\'s trying to take a nap, and just being a little bit wild', '19'), ('21', 'C80C0AD4-5C4F-4203-8821-9F2782B26DC5', '2015-12-06 22:07:26', '2015-12-06 22:07:26', '2015-12-06 22:01:15', '0', '331', '30', '21', 'Not listening, being loud and mom\'s trying to take a nap, and just being a little bit wild', '19'), ('22', 'EE1DAB72-DC82-4CE5-84B8-C81589CCEAA6', '2015-12-06 22:07:26', '2015-12-06 22:07:26', '2015-12-06 22:01:15', '0', '331', '30', '21', 'Not listening, being loud and mom\'s trying to take a nap, and just being a little bit wild', '19'), ('23', 'D7906FEC-DFB8-4CAD-89BD-FBFA5CE2655F', '2015-12-07 21:33:23', '2015-12-07 21:35:01', '2015-12-07 21:29:38', '0', '406', '33', '27', '', null), ('24', '3D19625C-3754-4CE0-BE74-E619A0CAC8D7', '2015-12-07 21:33:23', '2015-12-07 21:35:01', '2015-12-07 21:29:38', '0', '406', '33', '27', '', null), ('25', '7EA7865E-2217-4BB2-B918-C4418273D7F5', '2015-12-07 21:33:23', '2015-12-07 21:35:01', '2015-12-07 21:29:38', '0', '406', '33', '27', '', null), ('26', '98308CD0-788A-4774-A19B-A9272A07B63D', '2015-12-07 21:33:23', '2015-12-07 21:35:01', '2015-12-07 21:29:38', '0', '406', '33', '27', '', null), ('27', 'DB4FAC0F-D1F7-46AC-8D8E-A28918C50B51', '2015-12-07 21:33:23', '2015-12-07 21:36:34', '2015-12-07 21:31:25', '0', '406', '33', '13', '', null), ('28', '5AFFF7D3-C78F-4FB5-8428-22E18F3576D7', '2015-12-07 21:33:23', '2015-12-07 21:36:34', '2015-12-07 21:31:25', '0', '406', '33', '13', '', null), ('29', 'ADF8F807-D244-44E3-85D3-3DA4787CA3AA', '2015-12-07 21:33:23', '2015-12-07 21:36:34', '2015-12-07 21:31:25', '0', '406', '33', '13', '', null), ('30', '5D564879-CAFD-45C0-B677-817F7403E0CE', '2015-12-07 21:33:23', '2015-12-07 21:36:34', '2015-12-07 21:31:25', '0', '406', '33', '13', '', null), ('31', 'EAF14800-4B47-40AD-9A6D-51053F385F17', '2015-12-07 21:33:23', '2015-12-07 21:36:34', '2015-12-07 21:31:25', '0', '406', '33', '13', '', null), ('32', '09C28F44-2551-4D8C-A831-DC993A1B51F8', '2015-12-07 21:33:23', '2015-12-07 21:36:34', '2015-12-07 21:31:25', '0', '406', '33', '13', '', null), ('33', 'EEF6D262-F96C-4099-9A57-640F623220BA', '2015-12-07 21:33:23', '2015-12-07 21:36:34', '2015-12-07 21:31:25', '0', '406', '33', '13', '', null), ('34', 'B088A543-C04D-4618-9964-D02872602F6D', '2015-12-08 05:06:09', '2015-12-08 05:06:09', '2015-12-08 04:40:13', '0', '331', '30', '21', '', '19'), ('35', '5100BE26-1906-4C19-B023-FDBF2D58992E', '2015-12-08 05:06:09', '2015-12-08 05:06:09', '2015-12-08 04:40:59', '0', '331', '30', '21', '', '19'), ('36', '45EA2559-A086-41C7-8955-AF35E9D5B9BB', '2015-12-08 13:46:58', '2015-12-08 13:46:58', '2015-12-08 13:40:23', '0', '423', '35', '36', '', null), ('37', '2ADD40DF-5E54-41F3-9753-4AB3023BFFBC', '2015-12-08 14:56:00', '2015-12-08 14:56:00', '2015-12-08 14:40:45', '0', '430', '35', '36', '', null), ('38', '0F10FB0A-A497-4AE0-B58B-44C79CC40788', '2015-12-08 14:56:00', '2015-12-08 14:56:00', '2015-12-08 14:40:45', '0', '430', '35', '36', '', null), ('39', '748F34F2-D471-43FB-9B95-DA4EAB0B178D', '2015-12-08 14:56:00', '2015-12-08 14:56:00', '2015-12-08 14:40:45', '0', '430', '35', '36', '', null), ('40', '8BA918BF-39B5-46FF-B47A-0917E53ED305', '2015-12-08 14:56:00', '2015-12-08 14:56:00', '2015-12-08 14:40:45', '0', '430', '35', '36', '', null), ('41', '9D23459E-D0B8-4443-B236-41E6D4CCCF85', '2015-12-08 14:56:00', '2015-12-08 14:56:00', '2015-12-08 14:40:45', '0', '430', '35', '36', '', null), ('42', '8406A9CD-EA12-4B8E-8BB7-F71A164D5C74', '2015-12-08 14:56:00', '2015-12-08 14:56:00', '2015-12-08 14:40:45', '0', '430', '35', '36', '', null), ('43', '1DC3BE9F-F845-4D2B-B3CE-0825FF320CBC', '2015-12-08 19:32:49', '2015-12-08 21:06:49', '2015-12-08 20:52:22', '1', '532', null, '48', '', '46'), ('44', 'F1351A19-9B62-46CF-88DB-D1B3F17F53E3', '2015-12-08 19:32:49', '2015-12-08 21:06:49', '2015-12-08 20:52:22', '1', '532', null, '48', '', '46'), ('45', '28E76506-48AC-40E9-8B18-1BFD8BA3CD0C', '2015-12-08 19:32:49', '2015-12-08 21:06:49', '2015-12-08 20:52:22', '1', '532', null, '48', '', '46'), ('46', '2C5E7420-AD24-4C81-9B0E-76CB87C83874', '2015-12-08 19:32:49', '2015-12-08 21:06:49', '2015-12-08 20:52:22', '1', '532', null, '48', '', '46'), ('47', 'E7555E80-C781-4297-BAD9-638CBEAF9459', '2015-12-08 19:32:49', '2015-12-08 21:06:49', '2015-12-08 20:52:22', '1', '532', null, '48', '', '46'), ('48', '9BAA67A1-D909-4C45-9003-72EF09BF462C', '2015-12-08 19:32:49', '2015-12-08 21:06:49', '2015-12-08 20:52:22', '1', '532', null, '48', '', '46'), ('49', '6EE471AF-B3D0-4B9B-91B3-1D78A900CE80', '2015-12-08 19:32:49', '2015-12-08 21:06:49', '2015-12-08 20:52:22', '1', '532', null, '48', '', '46'), ('50', '208AA77F-B929-4486-9FE7-76DB2AC606DE', '2015-12-08 19:32:49', '2015-12-08 21:06:49', '2015-12-08 20:52:22', '1', '532', null, '48', '', '46'), ('51', '123FFE5E-4FBB-4565-9616-64B557D7FE6F', '2015-12-08 19:32:49', '2015-12-08 21:06:50', '2015-12-08 20:52:22', '1', '532', null, '48', '', '46'), ('52', '2AD321C6-F69D-47B6-9537-00950567757A', '2015-12-08 19:32:49', '2015-12-08 21:06:49', '2015-12-08 20:52:22', '1', '532', null, '48', '', '46'), ('53', 'F26D0D9D-EC0C-4D2E-9D52-27A12ED5DBF3', '2015-12-08 19:54:01', '2015-12-09 16:42:41', '2015-12-08 19:56:04', '1', '535', '42', '42', '', '40'), ('54', 'E95622BE-C011-4D62-8BD7-8A7D06DF9708', '2015-12-08 19:54:01', '2015-12-09 16:42:41', '2015-12-08 19:56:04', '1', '535', '42', '42', '', '40'), ('55', 'C8CFB05E-D541-4710-B9F5-8F57B7B975F4', '2015-12-08 19:54:01', '2015-12-09 16:42:41', '2015-12-08 19:56:04', '1', '535', '42', '42', '', '40'), ('56', '822E1556-96E0-4609-972F-F626732362E0', '2015-12-08 19:54:01', '2015-12-09 16:42:41', '2015-12-08 19:56:04', '1', '535', '42', '42', '', '40'), ('57', 'D6154DCC-FC5A-4E1F-93E3-2A5871BA2E41', '2015-12-08 19:54:01', '2015-12-09 16:42:41', '2015-12-08 19:56:04', '1', '535', '42', '42', '', '40'), ('58', '5480E152-08B5-4A5A-A84F-325A01799FDA', '2015-12-09 18:27:55', '2015-12-09 18:28:35', '2015-12-09 18:24:00', '1', '632', '81', '43', '', '40'), ('59', '7DBD20B7-D67F-4EB6-9365-57F23A096F54', '2015-12-09 18:27:55', '2015-12-09 18:28:35', '2015-12-09 18:24:00', '1', '632', '81', '43', '', '40'), ('60', '591377C8-3C75-4699-A3FE-7F2154092031', '2015-12-09 18:27:55', '2015-12-09 18:28:35', '2015-12-09 18:24:00', '1', '632', '81', '43', '', '40'), ('61', '991F702D-68A9-40DA-9099-16704C0EA785', '2015-12-09 18:27:55', '2015-12-09 18:28:35', '2015-12-09 18:24:00', '1', '632', '81', '43', '', '40'), ('62', 'F7EEE078-AD27-400A-A492-BD383B2B2790', '2015-12-09 18:27:55', '2015-12-09 18:28:35', '2015-12-09 18:24:00', '1', '632', '81', '43', '', '40'), ('63', 'D2A3E507-CFD9-46D5-90EB-4385B0329F01', '2015-12-09 18:27:55', '2015-12-09 18:28:35', '2015-12-09 18:24:00', '1', '632', '81', '43', '', '40'), ('64', '220D5CF2-BD48-471C-839A-AE91984028F7', '2015-12-09 18:27:55', '2015-12-09 18:28:35', '2015-12-09 18:24:00', '1', '632', '81', '43', '', '40'), ('65', 'C0A0231C-0C60-4E04-B6C9-9CBBAF128BAE', '2015-12-09 18:27:55', '2015-12-09 18:28:35', '2015-12-09 18:24:00', '1', '632', '81', '43', '', '40'), ('66', '828A544B-AFEE-46CB-84B5-CCD06AD81FD3', '2015-12-09 18:27:55', '2015-12-09 18:28:35', '2015-12-09 18:24:00', '1', '632', '81', '43', '', '40'), ('67', '3DDF9357-C6C7-42EB-8FB1-CF64B929107C', '2015-12-09 18:27:55', '2015-12-09 18:28:35', '2015-12-09 18:24:00', '1', '632', '81', '43', '', '40'), ('68', '6D804191-DA7D-4E1D-886D-D6BF766165BB', '2015-12-09 18:27:55', '2015-12-09 18:28:35', '2015-12-09 18:24:00', '1', '632', '81', '43', '', '40'), ('69', '9DEAAB70-A40E-4452-8EF1-1B8257177332', '2015-12-09 18:27:55', '2015-12-09 18:28:35', '2015-12-09 18:24:00', '1', '632', '81', '43', '', '40'), ('70', 'B1F31813-D4BA-468E-9428-C21E3FBEFF7C', '2015-12-09 18:27:55', '2015-12-09 18:28:35', '2015-12-09 18:24:00', '1', '632', '81', '43', '', '40'), ('71', '34A22AE3-E977-4AD9-8A45-7CE8A3ED569E', '2015-12-09 18:27:55', '2015-12-09 18:28:35', '2015-12-09 18:24:00', '1', '632', '81', '43', '', '40'), ('72', '88102AB7-832C-4C92-BFD2-2CEA4B7B8ADE', '2015-12-09 18:27:55', '2015-12-09 18:28:35', '2015-12-09 18:24:00', '1', '632', '81', '43', '', '40'), ('73', 'B2F2C26E-CEB0-4ABF-902B-4536562D25CD', '2015-12-09 18:27:55', '2015-12-09 18:28:35', '2015-12-09 18:24:00', '1', '632', '81', '43', '', '40'), ('74', '072F12CE-6BDE-4E76-8E1B-6F9A1626F421', '2015-12-09 18:27:55', '2015-12-09 18:28:35', '2015-12-09 18:24:00', '1', '632', '81', '43', '', '40'), ('75', 'F97C4C78-64E2-434A-8873-38991F22D753', '2015-12-09 18:27:55', '2015-12-09 18:28:35', '2015-12-09 18:24:00', '1', '632', '81', '43', '', '40'), ('76', 'CB096EC1-02BF-4B4A-A1CF-B06BBADFBE8F', '2015-12-09 18:27:55', '2015-12-09 18:28:35', '2015-12-09 18:24:00', '1', '632', '81', '43', '', '40'), ('77', 'CEF3E23C-3BCD-44F0-8FB3-86DBF241D13E', '2015-12-09 18:27:55', '2015-12-09 18:28:35', '2015-12-09 18:24:00', '1', '632', '81', '43', '', '40'), ('78', '7A5BE936-511F-4F35-BBE8-748EADA47292', '2015-12-09 18:27:55', '2015-12-09 18:28:35', '2015-12-09 18:24:00', '1', '632', '81', '43', '', '40');
COMMIT;

-- ----------------------------
--  Table structure for `services_invite`
-- ----------------------------
DROP TABLE IF EXISTS `services_invite`;
CREATE TABLE `services_invite` (
  `id` int(11) NOT NULL AUTO_INCREMENT,
  `code` varchar(64) NOT NULL,
  `board_id` int(11) DEFAULT NULL,
  `user_id` int(11) DEFAULT NULL,
  `role` varchar(64) NOT NULL,
  `created_date` datetime,
  `updated_date` datetime,
  `sender_id` int(11),
  `uuid` varchar(64),
  `invitee_firstname` varchar(128) DEFAULT NULL,
  `invitee_lastname` varchar(128) DEFAULT NULL,
  `invitee_email` varchar(256),
  PRIMARY KEY (`id`),
  UNIQUE KEY `uuid` (`uuid`),
  KEY `services_invite_0047b239` (`board_id`),
  KEY `services_invite_d0195932` (`user_id`),
  KEY `services_invite_924b1846` (`sender_id`)
) ENGINE=MyISAM AUTO_INCREMENT=68 DEFAULT CHARSET=latin1;

-- ----------------------------
--  Records of `services_invite`
-- ----------------------------
BEGIN;
INSERT INTO `services_invite` VALUES ('10', 'T91UPM', '30', null, 'parent', '2015-11-25 02:16:38', '2015-11-25 02:16:38', '19', 'f18bce53-5d59-4ef9-a427-29af2ed28d76', 'Cass', 'G', 'cassg@mac.com'), ('11', 'GRY1DF', '30', null, 'guardian', '2015-11-25 02:17:45', '2015-11-25 02:17:45', '19', 'afe37213-2684-49ca-b273-0495874703f2', 'T-bone', 'G', 'radtomg@mac.com'), ('16', '4W9579', '30', null, 'guardian', '2015-11-25 18:23:10', '2015-11-25 18:23:10', '19', '96ff10f4-9e33-411e-b135-0e52f097ade3', 'Katharine', 'C', 'kconaty@att.net'), ('46', 'R1BII5', '24', null, 'parent', '2015-12-08 15:50:59', '2015-12-08 15:50:59', null, '391a39ae-a5fb-4279-9f07-cfee7549f9c4', 'Jonathan FB', 'Rose', 'jonsthan@jonathanrosesf.com');
COMMIT;

-- ----------------------------
--  Table structure for `services_profile`
-- ----------------------------
DROP TABLE IF EXISTS `services_profile`;
CREATE TABLE `services_profile` (
  `id` int(11) NOT NULL AUTO_INCREMENT,
  `gender` varchar(64) NOT NULL,
  `age` varchar(3) NOT NULL,
  `user_id` int(11) NOT NULL,
  `image` varchar(100) DEFAULT NULL,
  `image_height` int(10) unsigned,
  `image_width` int(10) unsigned,
  PRIMARY KEY (`id`),
  UNIQUE KEY `user_id` (`user_id`)
) ENGINE=MyISAM AUTO_INCREMENT=49 DEFAULT CHARSET=latin1;

-- ----------------------------
--  Records of `services_profile`
-- ----------------------------
BEGIN;
INSERT INTO `services_profile` VALUES ('1', '', '', '1', '', '100', '100'), ('3', 'male', '31', '3', 'ProfileImage/F75B8C98-AAD9-45B8-9B05-47D238F5DBD0.jpg', '300', '300'), ('5', 'male', '10', '5', 'ProfileImage/F3D5A903-C8C7-47C5-81DF-FDC63ADB4D6D.jpg', '300', '300'), ('7', 'male', '40', '7', 'ProfileImage/BBD00A01-0AC8-4EF3-A6D4-9DB1DC5CAFE2.jpg', '300', '300'), ('8', 'male', '8', '8', '', '100', '100'), ('41', 'female', '11', '41', 'ProfileImage/F74BEFF9-D186-4C1C-925C-A4565ADD42FF.jpg', '300', '300'), ('9', 'male', '10', '9', 'ProfileImage/F34D9D12-6C1C-46E9-93F9-77265DD1C1A1.jpg', '300', '300'), ('10', 'male', '8', '10', '', '100', '100'), ('11', 'male', '0', '11', '', '100', '100'), ('13', 'female', '11', '13', 'ProfileImage/B2F7B4C0-8C67-49CB-BA60-A9EF85E6F7B3.jpg', '300', '300'), ('40', 'male', '45', '40', 'ProfileImage/F543AE2E-452D-44EA-8569-AF152F9CEA6C.jpg', '300', '300'), ('14', 'male', '2', '14', 'ProfileImage/366B99E3-A04E-47CE-B610-E82260805A56.jpg', '300', '300'), ('15', 'female', '2', '15', 'ProfileImage/3413DDB8-875C-419C-91F3-FFC0199B7993.jpg', '300', '300'), ('16', '', '0', '16', '', '100', '100'), ('17', '', '0', '17', '', '100', '100'), ('18', 'male', '8', '18', '', '100', '100'), ('19', 'male', '', '19', 'ProfileImage/5EA0BF7A-F5E9-4F4B-A0EB-3813D71FC44A.jpg', '300', '300'), ('20', 'male', '12', '20', 'ProfileImage/7F1A72DA-BF4C-4A5D-AC03-DB19498FAF1C.jpg', '300', '300'), ('21', 'male', '10', '21', 'ProfileImage/1A7170C7-F9C5-4B06-8BB5-632A414D9E59.jpg', '300', '300'), ('22', 'female', '8', '22', 'ProfileImage/BABBF0F8-F810-4E19-83AE-2769CF4CAE9E.jpg', '300', '300'), ('23', '', '0', '23', 'ProfileImage/334D3902-32AB-418F-9300-7D0AFF6ECBB1.jpg', '300', '300'), ('24', 'male', '12', '24', 'ProfileImage/6F699637-3B98-4646-A95F-B047DF3E5BDB.jpg', '300', '300'), ('25', 'male', '6', '25', 'ProfileImage/AFEA92AE-C7DF-413A-A5BA-0E31BA7EA356.jpg', '300', '300'), ('26', 'male', '12', '26', '', '100', '100'), ('27', '', '0', '27', 'ProfileImage/757C065E-F696-4CC6-AD30-352F296583D1.jpg', '300', '300'), ('28', '', '', '28', '', '100', '100'), ('29', '', '0', '29', 'ProfileImage/0B2C1313-94FD-4963-BE9B-FE93E5A518AF.jpg', '300', '300'), ('30', 'female', '12', '30', 'ProfileImage/3FEE3C9B-1E56-4756-A05D-737EA9853BC9.jpg', '300', '300'), ('31', 'male', '6', '31', 'ProfileImage/90523DE5-ECB6-48BC-9BC1-797DF0DDA3BB.jpg', '300', '300'), ('32', 'male', '4', '32', 'ProfileImage/3CE22C3E-3CD9-4261-A05E-746A451F6B6A.jpg', '300', '300'), ('33', 'male', '28', '33', 'ProfileImage/0FA93198-F22E-44EC-871B-BAAFFA4ABFFB.jpg', '300', '300'), ('34', '', '0', '34', 'ProfileImage/3CC7498E-3BDD-4960-9D1F-ADE55E93690B.jpg', '300', '300'), ('35', '', '0', '35', 'ProfileImage/DB7AF66F-9CF8-40AF-A486-7B1959C049AD.jpg', '300', '300'), ('36', '', '0', '36', 'ProfileImage/9ACBB9EE-B550-44C1-B514-15AFAB15B0CF.jpg', '300', '300'), ('37', '', '0', '37', 'ProfileImage/B32EE98E-1201-4837-9349-CB1CEEF46AFC.jpg', '150', '150'), ('38', '', '0', '38', 'ProfileImage/97EC5A5F-FB90-41D0-B977-CCD9FFBA12AB.jpg', '150', '150'), ('39', '', '', '39', '', '100', '100'), ('42', 'male', '0', '42', 'ProfileImage/504008E3-913B-42F1-B20C-D9E3451B8700.jpg', '300', '300'), ('43', 'male', '0', '43', 'ProfileImage/93A371DA-4C7B-4EDC-9659-3B464F87D64B.jpg', '300', '300'), ('44', 'male', '0', '44', 'ProfileImage/BD98A883-CB50-42C7-8133-9FA73C0018E2.jpg', '300', '300'), ('45', '', '', '45', 'ProfileImage/90551D55-9DC9-4623-BC39-C5DBDA78F0A2.jpg', '300', '300'), ('46', 'male', '32', '46', 'ProfileImage/0F062CA3-0728-4777-9F76-0D93DD5D9916.jpg', '300', '300'), ('47', 'male', '7', '47', '', '100', '100'), ('48', 'male', '8', '48', 'ProfileImage/E7015D51-ED19-432F-9887-FA507CC679AE.jpg', '300', '300');
COMMIT;

-- ----------------------------
--  Table structure for `services_reward`
-- ----------------------------
DROP TABLE IF EXISTS `services_reward`;
CREATE TABLE `services_reward` (
  `id` int(11) NOT NULL AUTO_INCREMENT,
  `uuid` varchar(64) NOT NULL,
  `created_date` datetime NOT NULL,
  `updated_date` datetime NOT NULL,
  `device_date` datetime NOT NULL,
  `deleted` tinyint(1) NOT NULL,
  `title` varchar(128) DEFAULT NULL,
  `currency_amount` double NOT NULL,
  `smile_amount` double NOT NULL,
  `currency_type` varchar(64) NOT NULL,
  `board_id` int(11) DEFAULT NULL,
  PRIMARY KEY (`id`),
  UNIQUE KEY `services_reward_uuid_314d9789370a7697_uniq` (`uuid`),
  KEY `services_reward_0047b239` (`board_id`)
) ENGINE=MyISAM AUTO_INCREMENT=349 DEFAULT CHARSET=latin1;

-- ----------------------------
--  Records of `services_reward`
-- ----------------------------
BEGIN;
INSERT INTO `services_reward` VALUES ('1', '520E2BA6-04F1-4AB6-9978-4F300C754A95', '2015-11-23 21:42:45', '2015-11-23 21:45:47', '2015-11-23 21:42:45', '0', 'minutes screen time', '20', '10', 'time', '2'), ('2', 'A7A2D118-A79B-4774-8ABF-4AF4C97ACC90', '2015-11-23 21:42:45', '2015-11-23 21:45:47', '2015-11-23 21:42:45', '0', 'small treat', '1', '10', 'treat', '2'), ('3', '1112E839-BF74-44A9-A26D-D68FFE4EDEDD', '2015-11-23 21:42:45', '2015-11-23 21:45:47', '2015-11-23 21:42:45', '0', 'dollars', '0.25', '1', 'money', '2'), ('4', 'E460E92F-6388-4985-AD09-3152B998AEFD', '2015-11-23 21:42:45', '2015-11-23 21:45:47', '2015-11-23 21:42:45', '0', 'fun day trip', '1', '20', 'goal', '2'), ('5', 'F0E3B9F3-2A29-41E7-9359-54D301C713EF', '2015-11-23 21:42:45', '2015-11-23 21:45:47', '2015-11-23 21:42:45', '0', 'weekend vacation', '1', '20', 'goal', '2'), ('6', 'EE0A760B-5599-4258-8AE8-517F8D063632', '2015-11-23 21:55:11', '2015-11-23 22:36:38', '2015-11-23 22:34:28', '0', 'small treat', '1', '10', 'treat', null), ('7', 'BA673E9A-A811-46CC-B541-4349A9A2D04E', '2015-11-23 21:55:11', '2015-11-23 22:36:37', '2015-11-23 22:34:28', '0', 'minutes screen time', '20', '10', 'time', null), ('8', 'D2D25A0C-0DE3-4777-83E7-D1DC18252F61', '2015-11-23 21:55:11', '2015-11-23 22:36:38', '2015-11-23 22:34:28', '0', 'dollars', '0.25', '1', 'money', null), ('9', '86567FAD-192F-4C68-BC22-6C5713CD7A47', '2015-11-23 21:55:11', '2015-11-23 22:36:37', '2015-11-23 22:34:28', '0', 'fun day trip', '1', '20', 'goal', null), ('10', '82A43894-4E98-4B2E-84A2-40445DA213B8', '2015-11-23 21:57:00', '2015-11-23 22:36:37', '2015-11-23 22:34:28', '0', 'small treat', '1', '10', 'treat', null), ('11', 'B3D87A9A-4CB8-4A94-8DA5-4F3328563344', '2015-11-23 21:57:00', '2015-11-23 22:36:37', '2015-11-23 22:34:28', '0', 'dollars', '0.25', '1', 'money', null), ('12', '0718211A-4F6D-4A08-9C35-91351F6EB39D', '2015-11-23 21:57:00', '2015-11-23 22:36:37', '2015-11-23 22:34:28', '0', 'fun day trip', '1', '20', 'goal', null), ('13', 'A161E7BA-91EC-4344-A7B1-4F2359E8914D', '2015-11-23 21:57:00', '2015-11-23 22:36:38', '2015-11-23 22:34:28', '0', 'minutes screen time', '20', '10', 'time', null), ('14', '5C7B9DC5-16F8-41A2-B2E9-E4F302C47353', '2015-11-23 22:04:39', '2015-11-24 00:42:57', '2015-11-23 23:53:43', '0', 'minutes screen time', '20', '10', 'time', null), ('15', '4B469E41-5E92-4233-B5A2-E9171828AF98', '2015-11-23 22:04:39', '2015-11-24 00:42:57', '2015-11-23 23:53:43', '0', 'dollars', '0.25', '1', 'money', null), ('16', '795F5296-4EE5-417A-ADDE-BE9501200DEA', '2015-11-23 22:04:39', '2015-11-24 00:42:57', '2015-11-23 23:53:43', '0', 'small treat', '1', '10', 'treat', null), ('17', 'D91C1155-A33B-4960-8DF4-A655806CB3B4', '2015-11-23 22:04:39', '2015-11-24 00:42:57', '2015-11-23 23:53:43', '0', 'fun day trip', '1', '20', 'goal', null), ('18', '4FD7F66F-4AAC-4719-B0DA-E2FB559A92A6', '2015-11-23 22:14:07', '2015-11-23 22:36:37', '2015-11-23 22:34:28', '0', 'minutes screen time', '20', '10', 'time', null), ('19', '9993E2F4-70A9-4830-A3B0-B8883DBC2406', '2015-11-23 22:14:07', '2015-11-23 22:36:37', '2015-11-23 22:34:28', '0', 'dollars', '0.25', '1', 'money', null), ('20', '77DC0D7C-1C77-4A0B-9BA7-1B4B2F881703', '2015-11-23 22:14:07', '2015-11-23 22:36:37', '2015-11-23 22:34:28', '0', 'small treat', '1', '10', 'treat', null), ('21', '6E34FAE9-9940-4809-9B19-230F1DEEED5B', '2015-11-23 22:14:07', '2015-11-23 22:36:37', '2015-11-23 22:34:28', '0', 'fun day trip', '1', '20', 'goal', null), ('22', '01F9CE7E-2879-4831-9C22-AB8E37EFE414', '2015-11-23 22:17:40', '2015-11-23 22:36:37', '2015-11-23 22:34:28', '0', 'fun day trip', '1', '20', 'goal', null), ('23', '3348D145-F316-4404-BC5C-3B4B205A6C2E', '2015-11-23 22:17:40', '2015-11-23 22:36:38', '2015-11-23 22:34:28', '0', 'minutes screen time', '20', '10', 'time', null), ('24', '28992250-A343-46F9-A9CD-9CAD294927DE', '2015-11-23 22:17:40', '2015-11-23 22:36:37', '2015-11-23 22:34:28', '0', 'small treat', '1', '10', 'treat', null), ('25', 'BB5BDF9D-CF13-4239-94D3-1798A38FB9E8', '2015-11-23 22:17:40', '2015-11-23 22:36:37', '2015-11-23 22:34:28', '0', 'dollars', '0.25', '1', 'money', null), ('26', '67DB3487-421D-4D79-891D-EB138AB0D5C0', '2015-11-23 22:21:46', '2015-11-23 22:36:38', '2015-11-23 22:34:28', '0', 'dollars', '0.25', '1', 'money', null), ('27', 'C9CB94F3-51A6-4090-B02B-8A80E773EF16', '2015-11-23 22:21:46', '2015-11-23 22:36:37', '2015-11-23 22:34:28', '0', 'fun day trip', '1', '20', 'goal', null), ('28', '5A275ED6-04E8-4389-8A6C-7DDFEDBACAB7', '2015-11-23 22:21:46', '2015-11-23 22:36:37', '2015-11-23 22:34:28', '0', 'minutes screen time', '20', '10', 'time', null), ('29', '853840F4-E17E-4671-BBB5-F1054A09EE81', '2015-11-23 22:21:46', '2015-11-23 22:36:37', '2015-11-23 22:34:28', '0', 'small treat', '1', '10', 'treat', null), ('30', '67D778CC-526A-490B-9DF6-40E3142F34B9', '2015-11-23 22:27:25', '2015-11-23 22:36:38', '2015-11-23 22:34:28', '0', 'minutes screen time', '20', '10', 'time', null), ('31', '7A451E07-00E6-489A-9472-A83D6ECB7D34', '2015-11-23 22:27:25', '2015-11-23 22:36:37', '2015-11-23 22:34:28', '0', 'small treat', '1', '10', 'treat', null), ('32', '5878EA14-9420-4CFF-9064-D3BC52D24E34', '2015-11-23 22:27:25', '2015-11-23 22:36:37', '2015-11-23 22:34:28', '0', 'dollars', '0.25', '1', 'money', null), ('33', '28F15F48-2A8E-41D9-B15E-F6C394F8F640', '2015-11-23 22:27:25', '2015-11-23 22:36:37', '2015-11-23 22:34:28', '0', 'fun day trip', '1', '20', 'goal', null), ('34', 'CC879B9A-80E5-4901-AF82-0F4CE12A6B13', '2015-11-23 22:28:12', '2015-11-23 22:36:37', '2015-11-23 22:34:28', '0', 'dollars', '0.25', '1', 'money', null), ('35', '32BD1F45-5C34-4551-889C-48C0B0763458', '2015-11-23 22:28:12', '2015-11-23 22:36:38', '2015-11-23 22:34:28', '0', 'fun day trip', '1', '20', 'goal', null), ('36', '26B7E95F-2007-4C72-9943-85B9A8B1084A', '2015-11-23 22:28:12', '2015-11-23 22:36:37', '2015-11-23 22:34:28', '0', 'minutes screen time', '20', '10', 'time', null), ('37', '29F95021-5514-49EB-B0DE-F07479F8AD5D', '2015-11-23 22:28:12', '2015-11-23 22:36:37', '2015-11-23 22:34:28', '0', 'small treat', '1', '10', 'treat', null), ('38', '5D13D36B-7E70-4024-9E1F-D14B10D1A4DC', '2015-11-23 22:36:38', '2015-11-23 22:36:38', '2015-11-23 22:35:53', '0', 'dollars', '0.25', '1', 'money', null), ('39', 'C2818287-05E1-4909-933D-08623598E84B', '2015-11-23 22:36:38', '2015-11-23 22:36:38', '2015-11-23 22:35:53', '0', 'fun day trip', '1', '20', 'goal', null), ('40', '8360DBD0-EB44-4841-9531-0BA60AFF6BFD', '2015-11-23 22:36:38', '2015-11-23 22:36:38', '2015-11-23 22:35:53', '0', 'small treat', '1', '10', 'treat', null), ('41', 'C5F6AA06-920F-44C1-935C-6E667AB471C4', '2015-11-23 22:36:38', '2015-11-23 22:36:38', '2015-11-23 22:35:53', '0', 'minutes screen time', '20', '10', 'time', null), ('42', '361EA94A-D1C7-42CD-9D95-16AE532F2F8A', '2015-11-23 22:39:38', '2015-11-23 22:40:20', '2015-11-23 22:38:56', '0', 'minutes screen time', '20', '10', 'time', '15'), ('43', '591387A1-EF74-4F3F-836E-BF4B31722732', '2015-11-23 22:39:38', '2015-11-23 22:40:20', '2015-11-23 22:38:56', '0', 'dollars', '0.25', '1', 'money', '15'), ('44', '71BEBCD3-0829-48E3-BE24-A8FC09CEE651', '2015-11-23 22:39:38', '2015-11-23 22:40:20', '2015-11-23 22:38:56', '0', 'small treat', '1', '10', 'treat', '15'), ('45', '20AB96E0-CF0E-4010-9827-789C69464D12', '2015-11-23 22:39:38', '2015-11-23 22:40:20', '2015-11-23 22:38:56', '0', 'fun day trip', '1', '20', 'goal', '15'), ('46', '2950E565-2944-4AE4-A7E9-A60C9FBEB8CF', '2015-11-23 23:50:06', '2015-11-24 00:42:57', '2015-11-23 23:53:43', '0', 'minutes screen time', '20', '10', 'time', null), ('47', 'DCB08030-A34B-48EF-B24C-321E762C50BF', '2015-11-23 23:50:06', '2015-11-24 00:42:57', '2015-11-23 23:53:43', '0', 'small treat', '1', '10', 'treat', null), ('48', 'EB496FDC-9481-43A9-BDB6-9BFC7A495FF3', '2015-11-23 23:50:06', '2015-11-24 00:42:57', '2015-11-23 23:53:43', '0', 'dollars', '0.25', '1', 'money', null), ('49', 'B5B4C5BA-80A0-4C44-95AF-FAE140FD7A98', '2015-11-23 23:50:06', '2015-11-24 00:42:57', '2015-11-23 23:53:43', '0', 'fun day trip', '1', '20', 'goal', null), ('50', '590771B2-A8DD-43DD-911C-B3F71B9151C0', '2015-11-23 23:50:31', '2015-11-24 20:03:27', '2015-11-24 00:05:02', '0', 'dollars', '0.25', '1', 'money', '21'), ('51', '65B26D1F-7CA1-400C-AA88-81DF164AF703', '2015-11-23 23:50:31', '2015-11-24 20:03:27', '2015-11-24 00:05:02', '0', 'minutes screen time', '20', '10', 'time', '21'), ('52', 'AE66E618-19F4-4559-A62D-4177D6280C72', '2015-11-23 23:50:31', '2015-11-24 20:03:27', '2015-11-24 00:05:02', '0', 'small treat', '1', '10', 'treat', '21'), ('53', '217C85C0-C24F-465D-9800-DB7D9D8ECC43', '2015-11-23 23:50:31', '2015-11-24 20:03:27', '2015-11-24 00:05:02', '0', 'fun day trip', '1', '20', 'goal', '21'), ('54', '989AF1A1-32DF-416A-90D2-3F2AF214B67E', '2015-11-23 23:51:21', '2015-11-24 00:42:57', '2015-11-23 23:53:43', '0', 'dollars', '0.25', '1', 'money', null), ('55', '4176DAB0-B1FF-4B19-AAAA-D4B126FF8DA9', '2015-11-23 23:51:21', '2015-11-24 00:42:57', '2015-11-23 23:53:43', '0', 'minutes screen time', '20', '10', 'time', null), ('56', '390D3013-CCB2-4528-BE7B-51011B43D384', '2015-11-23 23:51:21', '2015-11-24 00:42:57', '2015-11-23 23:53:43', '0', 'fun day trip', '1', '20', 'goal', null), ('57', '05568D49-5CE8-4A9E-BF6A-288F1CB8E0C5', '2015-11-23 23:51:21', '2015-11-24 00:42:57', '2015-11-23 23:53:43', '0', 'small treat', '1', '10', 'treat', null), ('58', 'E0CD17D6-6D4D-4B52-AFE5-B9BBBFE4812D', '2015-11-24 17:40:17', '2015-11-24 18:23:05', '2015-11-24 17:39:28', '0', 'minutes screen time', '20', '10', 'time', '23'), ('59', 'CCEC7C88-FBC1-42CF-AAFB-73E012C0440D', '2015-11-24 17:40:17', '2015-11-24 18:23:05', '2015-11-24 17:39:28', '0', 'fun day trip', '1', '20', 'goal', '23'), ('60', 'B92ED2F1-7423-480F-9EB3-F59766EFF12E', '2015-11-24 17:40:17', '2015-11-24 18:23:05', '2015-11-24 17:39:28', '0', 'dollars', '0.25', '1', 'money', '23'), ('61', 'C0A07ABD-2E5C-4FFA-8F31-C0C17176E1A3', '2015-11-24 17:40:17', '2015-11-24 18:23:05', '2015-11-24 17:39:28', '0', 'small treat', '1', '10', 'treat', '23'), ('62', '051C0D3B-D6A4-4487-BC52-9AA8A833E84B', '2015-11-24 18:45:38', '2015-11-24 18:53:16', '2015-11-24 18:44:56', '0', 'Treats', '1', '1', 'time', '1'), ('63', 'AA70C47C-F67E-4641-9008-C3C49A690CA8', '2015-11-24 19:16:26', '2015-11-24 19:17:25', '2015-11-24 19:12:22', '0', 'dollars', '0.25', '1', 'money', '24'), ('64', '5F0E5CA4-8E15-432A-85E6-D47EFF11AE78', '2015-11-24 19:16:26', '2015-11-24 19:17:25', '2015-11-24 19:12:22', '0', 'fun day trip', '1', '20', 'goal', '24'), ('65', 'E3EC386D-44A2-47E0-BF20-7B9C333758BE', '2015-11-24 19:16:26', '2015-11-24 19:17:25', '2015-11-24 19:12:22', '0', 'small treat', '1', '10', 'treat', '24'), ('66', '5B132CCF-8832-40B6-A9CF-8DC8368EB3D8', '2015-11-24 19:16:26', '2015-11-24 19:17:25', '2015-11-24 19:12:22', '0', 'minutes screen time', '20', '10', 'time', '24'), ('67', '3A0351C0-D7F8-4D53-9277-638450631FAF', '2015-11-24 20:03:27', '2015-11-24 20:03:27', '2015-11-24 00:19:35', '0', 'small treat', '1', '10', 'treat', '25'), ('68', '89B05966-03BC-4D15-8EF5-E3BFA0C1C2FC', '2015-11-24 20:03:27', '2015-11-24 20:03:27', '2015-11-24 00:19:35', '0', 'minutes screen time', '20', '10', 'time', '25'), ('69', '5D3CF28B-3176-4E57-8AD8-D745CFFA8869', '2015-11-24 20:03:27', '2015-11-24 20:03:27', '2015-11-24 00:19:35', '0', 'dollars', '0.25', '1', 'money', '25'), ('70', 'FEF49C15-286A-409A-82C2-CDF5FD27E243', '2015-11-24 20:03:27', '2015-11-24 20:03:27', '2015-11-24 00:19:35', '0', 'fun day trip', '1', '20', 'goal', '25'), ('71', 'DF6C4E2C-2696-471E-977A-C0F96DF7F370', '2015-11-24 20:04:53', '2015-11-24 20:10:13', '2015-11-24 20:03:34', '0', 'fun day trip', '1', '20', 'goal', '26'), ('72', '7FB2250A-4B83-4470-B4BA-EE31D315D365', '2015-11-24 20:04:53', '2015-11-24 20:10:13', '2015-11-24 20:03:34', '0', 'minutes screen time', '20', '10', 'time', '26'), ('73', 'E8807A72-9DD9-4DD4-B801-AA761B817243', '2015-11-24 20:04:53', '2015-11-24 20:10:13', '2015-11-24 20:03:34', '0', 'small treat', '1', '10', 'treat', '26'), ('74', '60B49FA3-0FD3-4C42-B598-08242D4B708D', '2015-11-24 20:04:53', '2015-11-24 20:10:13', '2015-11-24 20:03:34', '0', 'dollars', '0.25', '1', 'money', '26'), ('75', 'EB0B2045-B554-4ED3-AE77-D66AAF78E0DF', '2015-11-24 20:06:12', '2015-11-24 20:10:13', '2015-11-24 20:04:20', '0', 'small treat', '1', '10', 'treat', '27'), ('76', 'A27335E2-145A-43CD-B450-B6F948C2B384', '2015-11-24 20:06:12', '2015-11-24 20:10:13', '2015-11-24 20:04:20', '0', 'minutes screen time', '20', '10', 'time', '27'), ('77', '612A034F-9C1C-4339-BBC2-D83E09184F65', '2015-11-24 20:06:12', '2015-11-24 20:10:13', '2015-11-24 20:04:20', '0', 'fun day trip', '1', '20', 'goal', '27'), ('78', '35780121-E1B8-4F23-9264-2455431F5226', '2015-11-24 20:06:12', '2015-11-24 20:10:13', '2015-11-24 20:04:20', '0', 'dollars', '0.25', '1', 'money', '27'), ('79', '26024EC1-52ED-44D5-8D96-82EFD4F78701', '2015-11-24 20:10:13', '2015-11-24 20:18:19', '2015-11-24 20:05:37', '0', 'dollars', '0.25', '1', 'money', '28'), ('80', '4B240703-37CB-4421-AD66-5651F0C98337', '2015-11-24 20:10:13', '2015-11-24 20:18:19', '2015-11-24 20:05:37', '0', 'minutes screen time', '20', '10', 'time', '28'), ('81', '7566A5CB-A679-4803-8C0E-597C8A17DEC3', '2015-11-24 20:10:13', '2015-11-24 20:18:19', '2015-11-24 20:05:37', '0', 'fun day trip', '1', '20', 'goal', '28'), ('82', 'EB826F99-979C-4328-9210-A413B0946D1C', '2015-11-24 20:10:13', '2015-11-24 20:18:19', '2015-11-24 20:05:37', '0', 'small treat', '1', '10', 'treat', '28'), ('83', '4792D62E-B416-4DA9-A966-17810D397A21', '2015-11-24 20:11:08', '2015-11-24 20:12:13', '2015-11-24 20:09:55', '0', 'minutes screen time', '20', '10', 'time', '29'), ('84', '271F8B8E-A589-4E44-8592-371683E13EDA', '2015-11-24 20:11:08', '2015-11-24 20:12:13', '2015-11-24 20:09:55', '0', 'dollars', '0.25', '1', 'money', '29'), ('85', '35A56CF4-0C90-4A98-B0B9-58B260FAE4AC', '2015-11-24 20:11:08', '2015-11-24 20:12:13', '2015-11-24 20:09:55', '0', 'small treat', '1', '10', 'treat', '29'), ('86', '1C727583-C099-43A2-A4C2-74FA59100D4A', '2015-11-24 20:11:08', '2015-11-24 20:12:13', '2015-11-24 20:09:55', '0', 'fun day trip', '1', '20', 'goal', '29'), ('87', 'AF79A076-2E88-47BA-B2CA-45CD60D942FE', '2015-11-25 02:14:00', '2015-11-25 02:14:00', '2015-11-25 02:06:02', '0', 'fun day trip', '1', '20', 'goal', '30'), ('88', '2C70AFA9-5596-403D-BED3-86436353E151', '2015-11-25 02:14:00', '2015-11-25 02:14:00', '2015-11-25 02:06:02', '0', 'minutes screen time', '20', '10', 'time', '30'), ('89', 'A1658189-5F12-42F4-A97A-49679A570520', '2015-11-25 02:14:00', '2015-11-25 02:14:00', '2015-11-25 02:06:02', '0', 'dollars', '0.25', '1', 'money', '30'), ('90', 'CBD301F6-3CC3-4A15-8901-D1F3AC6B1BB0', '2015-11-25 02:14:00', '2015-11-25 02:14:00', '2015-11-25 02:06:02', '0', 'small treat', '1', '10', 'treat', '30'), ('91', 'A8C5901F-7A96-4508-84DF-8A3E57034D66', '2015-11-30 18:58:52', '2015-11-30 18:58:52', '2015-11-30 18:57:31', '0', 'fun day trip', '1', '20', 'goal', '31'), ('92', '1AAD3EDC-AB33-4DD9-8135-F431CAFC00E6', '2015-11-30 18:58:52', '2015-11-30 18:58:52', '2015-11-30 18:57:31', '0', 'minutes screen time', '20', '10', 'time', '31'), ('93', 'D25D5254-6833-4F68-8140-6BC4BD7FF367', '2015-11-30 18:58:52', '2015-11-30 18:58:52', '2015-11-30 18:57:31', '0', 'dollars', '0.25', '1', 'money', '31'), ('94', '0D4B72EA-95AC-4EA7-9C91-71F0881526E8', '2015-11-30 18:58:52', '2015-11-30 18:58:52', '2015-11-30 18:57:31', '0', 'small treat', '1', '10', 'treat', '31'), ('95', '5EB591D7-8427-430B-ACB0-9BBEB9904A1D', '2015-12-03 19:53:28', '2015-12-04 15:06:48', '2015-12-04 14:55:13', '0', '', '2', '1', 'time', '24'), ('96', 'E67AB0F6-5FC5-485F-A08E-C4C916430D1F', '2015-12-04 15:16:28', '2015-12-04 18:52:33', '2015-12-04 15:15:19', '0', 'fun day trip', '1', '20', 'goal', '33'), ('97', '1C418CAF-42CD-4CE3-B9BA-C67EF01AECCE', '2015-12-04 15:16:28', '2015-12-04 18:52:33', '2015-12-04 15:15:19', '0', 'minutes screen time', '20', '10', 'time', '33'), ('98', 'E91CA5F4-F922-4140-B151-5E956535C61A', '2015-12-04 15:16:28', '2015-12-04 18:52:33', '2015-12-04 15:15:19', '0', 'small treat', '1', '10', 'treat', '33'), ('99', '4817F037-E25C-443C-9916-CF43B19CC150', '2015-12-04 15:16:28', '2015-12-04 18:52:33', '2015-12-04 15:15:19', '0', 'dollars', '0.25', '1', 'money', '33'), ('100', '2B619CD0-CFBA-483F-A3E5-46D6FD64A091', '2015-12-04 19:36:53', '2015-12-04 19:41:23', '2015-12-04 19:35:45', '0', 'Test', '1', '1', 'money', '1'), ('101', '69429152-5AD8-44D7-BA65-C10258261849', '2015-12-06 17:45:45', '2015-12-06 20:06:12', '2015-12-06 17:43:21', '0', 'small treat', '1', '10', 'treat', '36'), ('102', 'F63D52EA-E4E5-4F2E-B4B1-9DFF33D747BF', '2015-12-06 17:45:45', '2015-12-06 20:06:12', '2015-12-06 17:43:21', '0', 'dollars', '0.25', '1', 'money', '36'), ('103', '0C0FD997-656F-4E21-AF3F-2B1945AE0BE3', '2015-12-06 17:45:45', '2015-12-06 20:06:12', '2015-12-06 17:43:21', '0', 'minutes screen time', '20', '10', 'time', '36'), ('104', 'CEB3D349-62CB-4DB3-A0DA-53E22812146B', '2015-12-06 17:45:45', '2015-12-06 20:06:12', '2015-12-06 17:43:21', '0', 'fun day trip', '1', '20', 'goal', '36'), ('105', '057B073D-8DB6-4BB5-B971-ECD5286538F6', '2015-12-06 20:17:37', '2015-12-06 20:17:37', '2015-12-06 20:12:13', '0', 'fun day trip', '1', '20', 'goal', '37'), ('106', 'C164E3AB-50E8-4EAA-B109-D7242895EE56', '2015-12-06 20:17:37', '2015-12-06 20:17:37', '2015-12-06 20:12:13', '0', 'minutes screen time', '20', '10', 'time', '37'), ('107', '363BA19B-D604-4758-9BAB-FF570DDCC892', '2015-12-06 20:17:37', '2015-12-06 20:17:37', '2015-12-06 20:12:13', '0', 'dollars', '0.25', '1', 'money', '37'), ('108', 'D89D5A10-48E5-4C8F-9D2A-73487A6CA87C', '2015-12-06 20:17:37', '2015-12-06 20:17:37', '2015-12-06 20:12:13', '0', 'small treat', '1', '10', 'treat', '37'), ('109', 'DC10ECFC-258F-42C8-B55D-C722DF85837D', '2015-12-06 20:45:03', '2015-12-06 20:55:33', '2015-12-06 20:41:19', '0', 'fun day trip', '1', '20', 'goal', '38'), ('110', 'C948C44F-43A6-44C1-89F5-6D557BAB2464', '2015-12-06 20:45:03', '2015-12-06 20:55:33', '2015-12-06 20:41:19', '0', 'small treat', '1', '10', 'treat', '38'), ('111', '0638BCBB-5779-4ACC-9D4F-146964F837FD', '2015-12-06 20:45:03', '2015-12-06 20:55:33', '2015-12-06 20:41:19', '0', 'dollars', '0.25', '1', 'money', '38'), ('112', '31D6788B-99CE-4EB9-ADBC-9ABDC93CA10E', '2015-12-06 20:45:03', '2015-12-06 20:55:33', '2015-12-06 20:41:19', '0', 'minutes screen time', '20', '10', 'time', '38'), ('113', 'A10620F3-0C83-4386-AD32-6F07CB12CEA7', '2015-12-07 19:35:28', '2015-12-07 19:38:50', '2015-12-07 19:33:06', '0', 'dollars', '0.25', '1', 'money', '39'), ('114', '4EC35153-B14C-4581-AAD3-EE1CA787D196', '2015-12-07 19:35:28', '2015-12-07 19:38:50', '2015-12-07 19:33:06', '0', 'small treat', '1', '10', 'treat', '39'), ('115', '607A75F5-4228-4977-96F1-83D76CCFC741', '2015-12-07 19:35:28', '2015-12-07 19:38:50', '2015-12-07 19:33:06', '0', 'minutes screen time', '20', '10', 'time', '39'), ('116', '30F5937C-037C-41DC-99DC-0ED78BA7A703', '2015-12-07 19:35:28', '2015-12-07 19:38:50', '2015-12-07 19:33:06', '0', 'fun day trip', '1', '20', 'goal', '39'), ('117', '0473F30A-6318-4CF4-AD35-B37D86A7CBAC', '2015-12-07 21:41:34', '2015-12-07 21:44:12', '2015-12-07 21:38:24', '0', 'small treat', '1', '10', 'treat', '40'), ('118', '37DA6065-89CF-4090-9196-E35819FFC611', '2015-12-07 21:41:34', '2015-12-07 21:44:12', '2015-12-07 21:38:24', '0', 'dollars', '0.25', '1', 'money', '40'), ('119', '67D0A264-E854-4816-9B61-B686E10AA527', '2015-12-07 21:41:34', '2015-12-07 21:44:12', '2015-12-07 21:38:24', '0', 'fun day trip', '1', '20', 'goal', '40'), ('120', 'BE280179-5913-4426-8125-ED198A731781', '2015-12-07 21:41:34', '2015-12-07 21:44:12', '2015-12-07 21:38:24', '0', 'minutes screen time', '20', '10', 'time', '40'), ('121', '313B038C-791C-4B41-BD13-2E13BB81906E', '2015-12-07 23:31:27', '2015-12-07 23:34:45', '2015-12-07 23:29:29', '0', 'fun day trip', '1', '20', 'goal', '41'), ('122', 'ED76CF8F-0E42-41D7-ABB5-AEFBC6CFD8B4', '2015-12-07 23:31:27', '2015-12-07 23:34:45', '2015-12-07 23:29:29', '0', 'dollars', '0.25', '1', 'money', '41'), ('123', 'B6935FBA-F3E1-4BFB-B294-7693C84BA18F', '2015-12-07 23:31:27', '2015-12-07 23:34:45', '2015-12-07 23:29:29', '0', 'minutes screen time', '20', '10', 'time', '41'), ('124', '309EEE1D-E61A-474A-88A8-9793818E2C1E', '2015-12-07 23:31:27', '2015-12-07 23:34:45', '2015-12-07 23:29:29', '0', 'small treat', '1', '10', 'treat', '41'), ('125', '8AF61060-E8B0-4007-869A-1A63AB9858D9', '2015-12-08 15:30:31', '2015-12-08 15:39:57', '2015-12-08 15:37:52', '0', '', '1', '1', 'time', '35'), ('126', 'CEAD0DE2-AD94-41B1-ABDD-D06FF3732F96', '2015-12-08 15:30:31', '2015-12-08 15:39:57', '2015-12-08 15:37:52', '0', '', '1', '1', 'goal', '35'), ('127', 'A65A31C7-D4BA-4C36-826A-56C593F284EE', '2015-12-08 15:30:31', '2015-12-08 15:39:57', '2015-12-08 15:37:52', '0', '', '1', '1', 'treat', '35'), ('128', '195C0DD7-98CF-41A3-A03C-EF5B0D317A41', '2015-12-08 15:30:31', '2015-12-08 15:39:57', '2015-12-08 15:37:52', '0', '', '1', '1', 'money', '35'), ('129', '1198DE0F-F135-4090-BFD2-4ABB24195392', '2015-12-08 16:12:08', '2015-12-09 16:42:41', '2015-12-08 16:04:59', '1', 'minutes screen time', '20', '10', 'time', '42'), ('130', '021E9465-2738-4066-B05D-8D2427E10114', '2015-12-08 16:12:08', '2015-12-09 16:42:41', '2015-12-08 16:04:59', '1', 'fun day trip', '1', '20', 'goal', '42'), ('131', 'A235783C-ACC0-4D2B-BCBB-DC081CFE616C', '2015-12-08 16:12:08', '2015-12-09 16:42:41', '2015-12-08 16:04:59', '1', 'dollars', '0.25', '1', 'money', '42'), ('132', '495EB7AF-AEF6-40AA-962C-F0A69E108CDE', '2015-12-08 16:12:08', '2015-12-09 16:42:41', '2015-12-08 16:04:59', '1', 'small treat', '1', '10', 'treat', '42'), ('133', 'BFBEF4CD-99B7-493B-9FE7-9DDFA30B55D2', '2015-12-08 18:18:37', '2015-12-08 18:22:16', '2015-12-08 18:16:21', '0', 'minutes screen time', '20', '10', 'time', '43'), ('134', '734B2D71-B6C2-4FBB-8528-8BED6B1BE90C', '2015-12-08 18:18:37', '2015-12-08 18:22:16', '2015-12-08 18:16:21', '0', 'small treat', '1', '10', 'treat', '43'), ('135', '7319C868-4D31-4A74-83F2-13832C358C44', '2015-12-08 18:18:37', '2015-12-08 18:22:16', '2015-12-08 18:16:21', '0', 'dollars', '0.25', '1', 'money', '43'), ('136', '80B02301-3729-4454-AB49-633812764AC0', '2015-12-08 18:18:37', '2015-12-08 18:22:16', '2015-12-08 18:16:21', '0', 'fun day trip', '1', '20', 'goal', '43'), ('137', 'E29AD3C7-DC5B-4A65-A720-B956A04F6290', '2015-12-08 19:19:47', '2015-12-08 21:06:50', '2015-12-08 20:52:22', '1', 'dollars', '0.25', '1', 'money', null), ('138', '5FBD1656-C5C8-42E8-ACAC-F5AA7171676A', '2015-12-08 19:19:47', '2015-12-08 21:06:50', '2015-12-08 20:52:22', '1', 'small treat', '1', '10', 'treat', null), ('139', 'AAE979F7-1964-4939-985C-C07BD872A640', '2015-12-08 19:19:47', '2015-12-08 21:06:50', '2015-12-08 20:52:22', '1', 'fun day trip', '1', '20', 'goal', null), ('140', '5F3D7D4A-500D-47B9-8D20-6818CAB0E638', '2015-12-08 19:19:47', '2015-12-08 21:06:50', '2015-12-08 20:52:22', '1', 'minutes screen time', '20', '10', 'time', null), ('141', '36589075-8EA4-4864-87D7-F18CF41FD45E', '2015-12-08 21:03:24', '2015-12-09 18:41:23', '2015-12-09 18:40:25', '0', 'small treat', '1', '10', 'treat', '44'), ('142', '512BCAB2-8DED-47EF-B0E9-7A9A7E336936', '2015-12-08 21:03:24', '2015-12-09 18:41:23', '2015-12-09 18:40:25', '0', 'fun day trip', '1', '20', 'goal', '44'), ('143', '9CC370DE-D41F-4B16-A90C-F36DCAD1B02B', '2015-12-08 21:03:24', '2015-12-08 21:06:50', '2015-12-08 21:06:06', '0', 'minutes screen time', '20', '10', 'time', null), ('144', '8086B4CF-B542-466F-A19F-CB7C13489569', '2015-12-08 21:03:24', '2015-12-09 18:41:23', '2015-12-09 18:40:25', '0', 'minutes screen time', '20', '10', 'time', '44'), ('145', 'E29BE9EE-65CE-4DB4-A5AB-87AD56FDF256', '2015-12-08 21:03:24', '2015-12-08 21:06:50', '2015-12-08 21:06:06', '0', 'dollars', '0.25', '1', 'money', null), ('146', '5840A72D-5977-4903-9A8F-89CFA6A7331E', '2015-12-08 21:03:24', '2015-12-09 18:41:23', '2015-12-09 18:40:25', '0', 'dollars', '0.25', '1', 'money', '44'), ('147', 'D5A4BC98-FB96-4376-9ADE-6717E70ED94C', '2015-12-08 21:03:24', '2015-12-08 21:06:50', '2015-12-08 21:06:06', '0', 'small treat', '1', '10', 'treat', null), ('148', '8308C568-5CF3-4EAF-8F6E-BEFCB1A89097', '2015-12-08 21:03:24', '2015-12-08 21:06:50', '2015-12-08 21:06:06', '0', 'fun day trip', '1', '20', 'goal', null), ('149', 'C5282D76-C702-4E70-BB8D-D193AADA3E02', '2015-12-08 21:06:01', '2015-12-08 21:06:50', '2015-12-08 21:06:06', '0', 'minutes screen time', '20', '10', 'time', null), ('150', '67E85D24-0013-4621-88E6-F309A1AC0B1A', '2015-12-08 21:06:01', '2015-12-08 21:06:50', '2015-12-08 21:06:06', '0', 'dollars', '0.25', '1', 'money', null), ('151', '67F62A25-112D-47CC-83E3-028B7C63BEF4', '2015-12-08 21:06:01', '2015-12-08 21:06:50', '2015-12-08 21:06:06', '0', 'small treat', '1', '10', 'treat', null), ('152', 'F7337AFA-6162-4405-BFAA-47931BA1B4D6', '2015-12-08 21:06:01', '2015-12-08 21:06:50', '2015-12-08 21:06:06', '0', 'fun day trip', '1', '20', 'goal', null), ('153', 'A43273D7-5635-4D44-93FD-B57461DFD017', '2015-12-08 21:06:01', '2015-12-08 21:06:50', '2015-12-08 21:06:06', '0', 'minutes screen time', '20', '10', 'time', null), ('154', '4931F5FA-6E59-41CF-8720-295BAB811152', '2015-12-08 21:06:01', '2015-12-08 21:06:50', '2015-12-08 21:06:06', '0', 'small treat', '1', '10', 'treat', null), ('155', 'FDA297D4-DB49-43F9-B3F2-D7535E4B7B5B', '2015-12-08 21:06:01', '2015-12-08 21:06:50', '2015-12-08 21:06:06', '0', 'fun day trip', '1', '20', 'goal', null), ('156', '9C1970E1-7821-42CD-A7A9-41643BEA6EED', '2015-12-08 21:06:01', '2015-12-08 21:06:50', '2015-12-08 21:06:06', '0', 'dollars', '0.25', '1', 'money', null), ('157', '23A78BFC-86E5-4313-B899-F5E5C943E650', '2015-12-08 21:10:42', '2015-12-08 21:14:05', '2015-12-08 21:13:06', '0', 'fun day trip', '1', '20', 'goal', null), ('158', 'E41C6E6A-5FD6-4C95-BF67-952C99B43322', '2015-12-08 21:10:42', '2015-12-08 21:14:05', '2015-12-08 21:13:06', '0', 'small treat', '1', '10', 'treat', null), ('159', '18BBDC99-02C5-429F-965C-2739E3523BD3', '2015-12-08 21:10:42', '2015-12-08 21:14:05', '2015-12-08 21:13:06', '0', 'minutes screen time', '20', '10', 'time', null), ('160', '9F724B0D-6547-41DE-AF5A-F86D323ABA20', '2015-12-08 21:10:42', '2015-12-08 21:14:05', '2015-12-08 21:13:06', '0', 'dollars', '0.25', '1', 'money', null), ('161', '2F47C638-1EE2-4FC6-A937-7292FBD8B4A5', '2015-12-08 21:12:41', '2015-12-08 21:14:05', '2015-12-08 21:13:06', '0', 'dollars', '0.25', '1', 'money', null), ('162', '01BFB3C3-9BFA-4309-8FA0-E3420DA3D5FD', '2015-12-08 21:12:41', '2015-12-08 21:14:05', '2015-12-08 21:13:06', '0', 'small treat', '1', '10', 'treat', null), ('163', '36E4F648-9F3C-4380-9F3F-CEEC2C7EFA74', '2015-12-08 21:12:41', '2015-12-08 21:14:05', '2015-12-08 21:13:06', '0', 'minutes screen time', '20', '10', 'time', null), ('164', '330E1017-43BF-41A7-8B59-1FC6A40B563F', '2015-12-08 21:12:41', '2015-12-08 21:14:05', '2015-12-08 21:13:06', '0', 'fun day trip', '1', '20', 'goal', null), ('165', 'F3BAD951-8992-4837-BE87-D17826D13C79', '2015-12-08 21:12:41', '2015-12-08 21:14:05', '2015-12-08 21:13:06', '0', 'dollars', '0.25', '1', 'money', null), ('166', 'EE635A43-4727-40C6-A818-B0709EB1AC07', '2015-12-08 21:12:41', '2015-12-08 21:14:05', '2015-12-08 21:13:06', '0', 'fun day trip', '1', '20', 'goal', null), ('167', '8235983A-86E1-4B1B-B91A-5B2E09937A23', '2015-12-08 21:12:41', '2015-12-08 21:14:05', '2015-12-08 21:13:06', '0', 'small treat', '1', '10', 'treat', null), ('168', 'BF0939DC-C441-4400-9E11-D0A2635FED8F', '2015-12-08 21:12:41', '2015-12-08 21:14:05', '2015-12-08 21:13:06', '0', 'minutes screen time', '20', '10', 'time', null), ('169', 'AA05CE4C-B221-4AEF-9F4A-4269041A4212', '2015-12-08 21:20:47', '2015-12-08 21:21:28', '2015-12-08 21:21:24', '0', 'dollars', '0.25', '1', 'money', null), ('170', 'E30C115C-3ABE-4A16-95EE-E04637F959E0', '2015-12-08 21:20:47', '2015-12-08 21:21:28', '2015-12-08 21:21:24', '0', 'minutes screen time', '20', '10', 'time', null), ('171', '7A6A1AE9-AE1A-43AC-80B4-EC04E7AF4E33', '2015-12-08 21:20:47', '2015-12-08 21:21:28', '2015-12-08 21:21:24', '0', 'fun day trip', '1', '20', 'goal', null), ('172', 'F1477768-C2C2-41B5-B591-A36651B53508', '2015-12-08 21:20:47', '2015-12-08 21:21:28', '2015-12-08 21:21:24', '0', 'small treat', '1', '10', 'treat', null), ('173', '23B486B8-9E59-4F39-96B9-DE1D243202CB', '2015-12-08 21:22:48', '2015-12-08 21:22:48', '2015-12-08 21:20:25', '0', 'fun day trip', '1', '20', 'goal', null), ('174', '52A9F6C2-BD0B-43EE-A521-3FEE308977C4', '2015-12-08 21:22:48', '2015-12-08 21:22:48', '2015-12-08 21:20:25', '0', 'minutes screen time', '20', '10', 'time', null), ('175', 'A58DC59B-CAF8-4CE0-A6C9-FCE96A115339', '2015-12-08 21:22:48', '2015-12-08 21:22:48', '2015-12-08 21:20:25', '0', 'small treat', '1', '10', 'treat', null), ('176', 'C4BCBC93-B28B-46C7-93D9-244C255A7D89', '2015-12-08 21:22:48', '2015-12-08 21:22:48', '2015-12-08 21:20:25', '0', 'dollars', '0.25', '1', 'money', null), ('177', '596A3233-F651-4F41-B1EC-8D2A9F030EC3', '2015-12-08 21:22:48', '2015-12-08 21:22:48', '2015-12-08 21:20:41', '0', 'fun day trip', '1', '20', 'goal', null), ('178', '78296AB5-EF4D-4BCB-B081-072AE2C33C1E', '2015-12-08 21:22:48', '2015-12-08 21:22:48', '2015-12-08 21:20:41', '0', 'minutes screen time', '20', '10', 'time', null), ('179', '5D0A6191-2387-4D74-B1E6-15931B3BB114', '2015-12-08 21:22:48', '2015-12-08 21:22:48', '2015-12-08 21:20:41', '0', 'small treat', '1', '10', 'treat', null), ('180', '8AC9CFB9-CB85-4A03-9766-E5D5ED6562FF', '2015-12-08 21:22:48', '2015-12-08 21:22:48', '2015-12-08 21:20:41', '0', 'dollars', '0.25', '1', 'money', null), ('181', 'E9FFD590-4182-4323-8F6B-252F8D695BC7', '2015-12-08 21:26:29', '2015-12-08 21:31:06', '2015-12-08 21:27:52', '0', 'minutes screen time', '20', '10', 'time', null), ('182', '86270212-DD07-445E-A8E7-2309AC847B93', '2015-12-08 21:26:29', '2015-12-08 21:31:06', '2015-12-08 21:27:52', '0', 'dollars', '0.25', '1', 'money', null), ('183', '0F5C9745-9E57-459F-AF1B-DD471A1D7352', '2015-12-08 21:26:29', '2015-12-08 21:31:06', '2015-12-08 21:27:52', '0', 'fun day trip', '1', '20', 'goal', null), ('184', '71A5F294-B15F-47B5-B207-196E6E08C051', '2015-12-08 21:26:29', '2015-12-08 21:31:06', '2015-12-08 21:27:52', '0', 'small treat', '1', '10', 'treat', null), ('185', 'E584E1C8-7D3E-45B3-888B-9017E96EED93', '2015-12-08 21:27:10', '2015-12-08 21:31:06', '2015-12-08 21:27:52', '0', 'small treat', '1', '10', 'treat', null), ('186', '63FDCBEB-A4A2-49D1-B7E0-D5EB02CE4FB1', '2015-12-08 21:27:10', '2015-12-08 21:31:06', '2015-12-08 21:27:52', '0', 'fun day trip', '1', '20', 'goal', null), ('187', '6DE92E58-1A8D-491A-B224-3939F99E5A79', '2015-12-08 21:27:10', '2015-12-08 21:31:06', '2015-12-08 21:27:52', '0', 'dollars', '0.25', '1', 'money', null), ('188', '7BFD8CCF-D42A-4BBC-B37C-94BE758C07B4', '2015-12-08 21:27:10', '2015-12-08 21:31:06', '2015-12-08 21:27:52', '0', 'minutes screen time', '20', '10', 'time', null), ('189', 'FCCD7E66-A48A-4978-9384-E0D9E00471CE', '2015-12-08 21:27:10', '2015-12-08 21:27:10', '2015-12-08 21:25:43', '0', 'dollars', '0.25', '1', 'money', null), ('190', '6ECEDA79-25CC-47EC-A08B-BFECBCDE7CE3', '2015-12-08 21:27:10', '2015-12-08 21:27:10', '2015-12-08 21:25:43', '0', 'fun day trip', '1', '20', 'goal', null), ('191', '8B373440-DAC9-4C20-8813-5FDF5A3CFB4A', '2015-12-08 21:27:10', '2015-12-08 21:27:10', '2015-12-08 21:25:43', '0', 'small treat', '1', '10', 'treat', null), ('192', 'AFA9D8BB-5BBA-4180-B69B-CE33C81AB8C7', '2015-12-08 21:27:10', '2015-12-08 21:27:10', '2015-12-08 21:25:43', '0', 'minutes screen time', '20', '10', 'time', null), ('193', '4B6E5B57-7112-4D89-845B-91CB61482EDF', '2015-12-09 04:45:00', '2015-12-09 04:47:11', '2015-12-09 04:45:48', '1', 'dollars', '0.25', '1', 'money', null), ('194', '316D4B14-6A2E-4DE2-A835-72411EE54250', '2015-12-09 04:45:00', '2015-12-09 04:47:11', '2015-12-09 04:45:48', '1', 'fun day trip', '1', '20', 'goal', null), ('195', '0E074020-B488-4A73-823B-FE350BA7ABBB', '2015-12-09 04:45:00', '2015-12-09 04:47:11', '2015-12-09 04:45:48', '1', 'minutes screen time', '20', '10', 'time', null), ('196', 'BD25C83B-0C16-4A34-AFF1-B175F1F3DC03', '2015-12-09 04:45:00', '2015-12-09 04:47:11', '2015-12-09 04:45:48', '1', 'small treat', '1', '10', 'treat', null), ('197', 'F7034647-DDD2-4C8B-80E2-17E4C3C8B5B5', '2015-12-09 04:45:52', '2015-12-09 04:46:44', '2015-12-09 04:44:27', '0', 'small treat', '1', '10', 'treat', null), ('198', 'A2BA21D8-5EAE-49AB-A982-78C7373BECD9', '2015-12-09 04:45:52', '2015-12-09 04:47:11', '2015-12-09 04:45:48', '1', 'fun day trip', '1', '20', 'goal', null), ('199', '88FCD2D0-A88C-4DBF-ABFF-9A47C15A8D99', '2015-12-09 04:45:52', '2015-12-09 04:46:44', '2015-12-09 04:44:27', '0', 'minutes screen time', '20', '10', 'time', null), ('200', 'A1E5101E-3F51-4E5B-940D-E15B8ECABD2D', '2015-12-09 04:45:52', '2015-12-09 04:47:11', '2015-12-09 04:45:48', '1', 'minutes screen time', '20', '10', 'time', null), ('201', 'D47468F0-1846-4871-85C9-F91663F78791', '2015-12-09 04:45:52', '2015-12-09 04:47:11', '2015-12-09 04:45:48', '1', 'dollars', '0.25', '1', 'money', null), ('202', '81699263-FF24-415D-9292-5A1718956C11', '2015-12-09 04:45:52', '2015-12-09 04:47:11', '2015-12-09 04:45:48', '1', 'small treat', '1', '10', 'treat', null), ('203', '68EB175D-0458-4C73-AF4E-AFEFA9CA01A0', '2015-12-09 04:45:52', '2015-12-09 04:46:44', '2015-12-09 04:44:27', '0', 'dollars', '0.25', '1', 'money', null), ('204', 'D4F0ADA9-3E04-4A74-9DFF-BB7493453762', '2015-12-09 04:45:52', '2015-12-09 04:46:44', '2015-12-09 04:44:27', '0', 'fun day trip', '1', '20', 'goal', null), ('205', 'E5A34826-7FEC-4A36-8E3C-11CB009BA077', '2015-12-09 04:47:11', '2015-12-09 04:56:46', '2015-12-09 04:51:41', '0', 'small treat', '1', '10', 'treat', null), ('206', 'B456FDBB-73F3-4631-BC62-AEDF98E0BAC1', '2015-12-09 04:47:11', '2015-12-09 04:48:05', '2015-12-09 04:45:48', '0', 'small treat', '1', '10', 'treat', null), ('207', 'CDA9BC2A-B737-4826-A467-D987E84DB91C', '2015-12-09 04:47:11', '2015-12-09 04:48:05', '2015-12-09 04:45:48', '0', 'fun day trip', '1', '20', 'goal', null), ('208', '1D2F9B4B-106C-4925-A88F-8168FF2B06A4', '2015-12-09 04:47:11', '2015-12-09 04:56:46', '2015-12-09 04:51:41', '0', 'minutes screen time', '20', '10', 'time', null), ('209', '25CA18E1-DC49-4315-A7C5-2B067D8ED2D2', '2015-12-09 04:47:11', '2015-12-09 04:48:05', '2015-12-09 04:45:48', '0', 'dollars', '0.25', '1', 'money', null), ('210', 'E9FE033E-F607-4CFA-BD7B-B91FC1A2406F', '2015-12-09 04:47:11', '2015-12-09 04:56:46', '2015-12-09 04:51:41', '0', 'fun day trip', '1', '20', 'goal', null), ('211', 'F939BB80-B3E1-4ECD-A2F9-8D3B19022FA9', '2015-12-09 04:47:11', '2015-12-09 04:56:46', '2015-12-09 04:51:41', '0', 'dollars', '0.25', '1', 'money', null), ('212', 'CFDC3DD3-5482-4152-8BD5-72E4714FB87E', '2015-12-09 04:47:11', '2015-12-09 04:48:05', '2015-12-09 04:45:48', '0', 'minutes screen time', '20', '10', 'time', null), ('213', '041A212F-A798-408A-A092-997E4DAF224A', '2015-12-09 04:49:27', '2015-12-09 04:53:26', '2015-12-09 04:52:59', '0', 'minutes screen time', '20', '10', 'time', null), ('214', '21404593-66BD-4D85-8B69-8B316F9C98EE', '2015-12-09 04:49:27', '2015-12-09 04:53:26', '2015-12-09 04:52:59', '0', 'dollars', '0.25', '1', 'money', null), ('215', '3C642FFA-E894-4018-9188-502F81030129', '2015-12-09 04:49:27', '2015-12-09 04:53:26', '2015-12-09 04:52:59', '0', 'fun day trip', '1', '20', 'goal', null), ('216', '627D559F-744C-485A-8EB8-F71C69B70102', '2015-12-09 04:49:27', '2015-12-09 04:53:26', '2015-12-09 04:52:59', '0', 'small treat', '1', '10', 'treat', null), ('217', '3A063DE0-E49B-4CC5-BF55-DE8020C1E4EC', '2015-12-09 04:52:12', '2015-12-09 04:53:26', '2015-12-09 04:52:59', '0', 'small treat', '1', '10', 'treat', null), ('218', '576F9223-BD41-4911-AE95-3827200CCF9B', '2015-12-09 04:52:12', '2015-12-09 04:53:26', '2015-12-09 04:52:59', '0', 'minutes screen time', '20', '10', 'time', null), ('219', '74C9E8FB-CE36-4573-B731-765D5FC372F6', '2015-12-09 04:52:12', '2015-12-09 04:53:26', '2015-12-09 04:52:59', '0', 'dollars', '0.25', '1', 'money', null), ('220', '00B532AD-5096-47EC-A895-D04F7183BD6B', '2015-12-09 04:52:12', '2015-12-09 04:53:26', '2015-12-09 04:52:59', '0', 'fun day trip', '1', '20', 'goal', null), ('221', 'E26AD192-1B95-40FE-AF65-CD5C6F766D14', '2015-12-09 04:52:12', '2015-12-09 04:53:26', '2015-12-09 04:52:59', '0', 'minutes screen time', '20', '10', 'time', null), ('222', '0499A458-3592-48C1-BE42-820E4DA954AD', '2015-12-09 04:52:12', '2015-12-09 04:53:26', '2015-12-09 04:52:59', '0', 'small treat', '1', '10', 'treat', null), ('223', 'DBFD0762-7F95-4D0D-8BB9-A816C6BE2D4A', '2015-12-09 04:52:12', '2015-12-09 04:53:26', '2015-12-09 04:52:59', '0', 'dollars', '0.25', '1', 'money', null), ('224', 'ECA316CB-F6F0-4CBB-A7DD-558D98A6DDD3', '2015-12-09 04:52:12', '2015-12-09 04:53:26', '2015-12-09 04:52:59', '0', 'fun day trip', '1', '20', 'goal', null), ('225', '91B223A3-00BD-4315-A42F-F86D480A4710', '2015-12-09 04:57:28', '2015-12-09 04:59:14', '2015-12-09 04:58:55', '0', 'small treat', '1', '10', 'treat', null), ('226', '1732017C-4FCC-431A-8C90-3EEBCA63C75B', '2015-12-09 04:57:28', '2015-12-09 04:59:14', '2015-12-09 04:58:55', '0', 'minutes screen time', '20', '10', 'time', null), ('227', '49E908EB-39F7-4A3D-9E3D-59BD3B920A93', '2015-12-09 04:57:28', '2015-12-09 04:59:14', '2015-12-09 04:58:55', '0', 'dollars', '0.25', '1', 'money', null), ('228', '57260364-B6CE-4E00-8BB6-9B4CD588102D', '2015-12-09 04:57:28', '2015-12-09 04:59:14', '2015-12-09 04:58:55', '0', 'fun day trip', '1', '20', 'goal', null), ('229', '6642F06D-6AF2-4C31-AA6F-E94BCB01F275', '2015-12-09 04:58:26', '2015-12-09 04:59:14', '2015-12-09 04:58:55', '0', 'minutes screen time', '20', '10', 'time', null), ('230', '7080828C-7A80-462D-95F6-A794542045A2', '2015-12-09 04:58:26', '2015-12-09 04:59:14', '2015-12-09 04:58:55', '0', 'fun day trip', '1', '20', 'goal', null), ('231', 'A8D4BEDB-3484-43DB-B673-BEEAF1C4F78A', '2015-12-09 04:58:26', '2015-12-09 04:59:14', '2015-12-09 04:58:55', '0', 'dollars', '0.25', '1', 'money', null), ('232', 'E254329D-8226-4562-A205-DE9DED413475', '2015-12-09 04:58:26', '2015-12-09 04:59:14', '2015-12-09 04:58:55', '0', 'dollars', '0.25', '1', 'money', null), ('233', 'B13619D7-2122-4223-BB42-952A91FFB31E', '2015-12-09 04:58:26', '2015-12-09 04:59:14', '2015-12-09 04:58:55', '0', 'small treat', '1', '10', 'treat', null), ('234', 'E7933B76-559E-4386-898A-D1F4981A44ED', '2015-12-09 04:58:26', '2015-12-09 04:59:14', '2015-12-09 04:58:55', '0', 'minutes screen time', '20', '10', 'time', null), ('235', 'BAC80B6A-4260-467E-ADC2-F42BF5752898', '2015-12-09 04:58:26', '2015-12-09 04:59:14', '2015-12-09 04:58:55', '0', 'small treat', '1', '10', 'treat', null), ('236', '502DBBCE-7147-4904-B85E-5D816C7C6CED', '2015-12-09 04:58:26', '2015-12-09 04:59:14', '2015-12-09 04:58:55', '0', 'fun day trip', '1', '20', 'goal', null), ('237', '2192CDC5-F8F6-41BB-9E10-5A8A2DF329DB', '2015-12-09 05:00:11', '2015-12-09 05:09:27', '2015-12-09 05:01:05', '0', 'fun day trip', '1', '20', 'goal', null), ('238', 'A185D87A-7FE4-4E19-A15F-9FDB1E8B583F', '2015-12-09 05:00:11', '2015-12-09 05:09:27', '2015-12-09 05:01:05', '0', 'minutes screen time', '20', '10', 'time', null), ('239', '89412CC3-A0B3-4A1A-9E2D-9DFC098D976F', '2015-12-09 05:00:11', '2015-12-09 05:09:27', '2015-12-09 05:01:05', '0', 'dollars', '0.25', '1', 'money', null), ('240', '21FF0626-D7BC-4AB6-A2A4-F4F8D6D5ABB0', '2015-12-09 05:00:11', '2015-12-09 05:09:27', '2015-12-09 05:01:05', '0', 'small treat', '1', '10', 'treat', null), ('241', 'E1540954-DC5D-4B40-8AAF-6449DA475972', '2015-12-09 05:00:49', '2015-12-09 05:09:28', '2015-12-09 05:00:49', '0', 'dollars', '0.25', '1', 'money', null), ('242', '46244D04-6F21-4B85-BFA4-CF955C9191DA', '2015-12-09 05:00:49', '2015-12-09 05:00:49', '2015-12-09 04:59:27', '0', 'small treat', '1', '10', 'treat', null), ('243', '3FA39DCF-D57B-4119-8154-9ACBE75A1897', '2015-12-09 05:00:49', '2015-12-09 05:09:28', '2015-12-09 05:00:49', '0', 'minutes screen time', '20', '10', 'time', null), ('244', '1208DFEB-EC05-4164-AD9F-B5F04A1F6432', '2015-12-09 05:00:49', '2015-12-09 05:00:49', '2015-12-09 04:59:27', '0', 'dollars', '0.25', '1', 'money', null), ('245', '8D9C597B-0D30-46DF-9F30-F07B49D48C26', '2015-12-09 05:00:49', '2015-12-09 05:09:28', '2015-12-09 05:00:49', '0', 'small treat', '1', '10', 'treat', null), ('246', '8351B897-3EC3-407A-86FE-DBDCCC8F360C', '2015-12-09 05:00:49', '2015-12-09 05:00:49', '2015-12-09 04:59:27', '0', 'fun day trip', '1', '20', 'goal', null), ('247', '4B94DEC2-A495-4B5C-9510-1896FFCE1730', '2015-12-09 05:00:49', '2015-12-09 05:00:49', '2015-12-09 04:59:27', '0', 'minutes screen time', '20', '10', 'time', null), ('248', '9E6A7669-2289-43D6-9363-A79F3C9DEAF1', '2015-12-09 05:00:49', '2015-12-09 05:09:28', '2015-12-09 05:00:49', '0', 'fun day trip', '1', '20', 'goal', null), ('249', '234E35F7-E488-4D5E-BF31-3B9BC8E219DC', '2015-12-09 05:10:17', '2015-12-09 05:11:05', '2015-12-09 05:08:35', '1', 'small treat', '1', '10', 'treat', '71'), ('250', '1DDE79D5-F3BF-4A73-B346-2A78115B5DB4', '2015-12-09 05:10:17', '2015-12-09 05:11:05', '2015-12-09 05:08:35', '1', 'minutes screen time', '20', '10', 'time', '71'), ('251', 'DCADEDF1-5904-43D2-A9FF-4CC2BF0CFEE9', '2015-12-09 05:10:17', '2015-12-09 05:11:05', '2015-12-09 05:08:35', '1', 'dollars', '0.25', '1', 'money', '71'), ('252', '5C037DD2-3EF2-48E9-8AE6-644DDE5523C5', '2015-12-09 05:10:17', '2015-12-09 05:11:05', '2015-12-09 05:08:35', '1', 'fun day trip', '1', '20', 'goal', '71'), ('253', '16BE1A1B-A07D-442B-B567-C56F5AEE492E', '2015-12-09 05:11:05', '2015-12-09 18:41:23', '2015-12-09 18:40:25', '0', 'dollars', '0.25', '1', 'money', '71'), ('254', '45155EE0-D953-4B9B-B0C3-6BE60ADE8711', '2015-12-09 05:11:05', '2015-12-09 05:16:28', '2015-12-09 05:15:54', '1', 'minutes screen time', '20', '10', 'time', '72'), ('255', '19BBF19C-D959-4DAA-A68A-70FAD76D7F3B', '2015-12-09 05:11:05', '2015-12-09 18:41:23', '2015-12-09 18:40:25', '0', 'minutes screen time', '20', '10', 'time', '71'), ('256', '0240696C-0C3E-4217-A453-DCE7DE3A5B43', '2015-12-09 05:11:05', '2015-12-09 18:41:23', '2015-12-09 18:40:25', '0', 'small treat', '1', '10', 'treat', '71'), ('257', 'D863AB13-9908-47BB-A9C0-D6B5004D9520', '2015-12-09 05:11:05', '2015-12-09 05:16:28', '2015-12-09 05:15:54', '1', 'dollars', '0.25', '1', 'money', '72'), ('258', '92BE895C-C3EE-4DB8-982D-92AC6F73A92E', '2015-12-09 05:11:05', '2015-12-09 05:16:28', '2015-12-09 05:15:54', '1', 'small treat', '1', '10', 'treat', '72'), ('259', '3DDD577D-00E6-41AB-BECC-571AB1CEC987', '2015-12-09 05:11:05', '2015-12-09 05:16:28', '2015-12-09 05:15:54', '1', 'fun day trip', '1', '20', 'goal', '72'), ('260', 'DB390B84-0462-4539-AA3C-14C46A50895F', '2015-12-09 05:11:05', '2015-12-09 18:41:23', '2015-12-09 18:40:25', '0', 'fun day trip', '1', '20', 'goal', '71'), ('261', '6024D454-06F0-43B4-BAE7-C59718D40659', '2015-12-09 05:16:28', '2015-12-09 16:18:26', '2015-12-09 06:26:28', '0', 'fun day trip', '1', '20', 'goal', '73'), ('262', '0F572538-3E91-495A-A74B-8211C612B725', '2015-12-09 05:16:28', '2015-12-09 18:41:23', '2015-12-09 18:40:25', '0', 'dollars', '0.25', '1', 'money', '72'), ('263', '037A840C-40F2-4E59-BD9A-4E417E22D575', '2015-12-09 05:16:28', '2015-12-09 18:41:23', '2015-12-09 18:40:25', '0', 'small treat', '1', '10', 'treat', '72'), ('264', 'CD588409-4103-40AA-AD84-51A2256A70D3', '2015-12-09 05:16:28', '2015-12-09 18:41:23', '2015-12-09 18:40:25', '0', 'fun day trip', '1', '20', 'goal', '72'), ('265', 'AC8A7F9A-458F-45EB-A175-8C127C297AC3', '2015-12-09 05:16:28', '2015-12-09 18:41:23', '2015-12-09 18:40:25', '0', 'minutes screen time', '20', '10', 'time', '72'), ('266', '042297C0-643B-4DFE-A62F-74299C3926BC', '2015-12-09 05:16:28', '2015-12-09 16:18:26', '2015-12-09 06:26:28', '0', 'minutes screen time', '20', '10', 'time', '73'), ('267', '8DCE0D3B-D674-4A70-9F2C-4DA89F5EB621', '2015-12-09 05:16:28', '2015-12-09 16:18:26', '2015-12-09 06:26:28', '0', 'dollars', '0.25', '1', 'money', '73'), ('268', 'A21075DE-C72D-44A1-9935-3FCE2E878D4C', '2015-12-09 05:16:28', '2015-12-09 16:18:26', '2015-12-09 06:26:28', '0', 'small treat', '1', '10', 'treat', '73'), ('269', 'B6D0BDB2-7285-4908-B0EE-7E8ED1D45B54', '2015-12-09 05:20:14', '2015-12-09 18:41:23', '2015-12-09 18:40:25', '0', 'small treat', '1', '10', 'treat', '74'), ('270', 'FBD7F380-610E-4609-B585-612066E54800', '2015-12-09 05:20:14', '2015-12-09 18:41:23', '2015-12-09 18:40:25', '0', 'dollars', '0.25', '1', 'money', '74'), ('271', '0066AE74-F4C9-40BA-B4EB-AC7BCF64B714', '2015-12-09 05:20:14', '2015-12-09 18:41:23', '2015-12-09 18:40:25', '0', 'fun day trip', '1', '20', 'goal', '74'), ('272', 'D0435725-9973-4F4E-A31B-CE0AB29125CD', '2015-12-09 05:20:14', '2015-12-09 18:41:23', '2015-12-09 18:40:25', '0', 'minutes screen time', '20', '10', 'time', '74'), ('273', '15CFE4A1-590E-4641-A89A-6B4BEB9FE693', '2015-12-09 16:42:41', '2015-12-09 18:41:23', '2015-12-09 18:40:25', '0', 'dollars', '0.25', '1', 'money', '42'), ('274', '32D370A0-F2E9-427C-8028-DA9283A2BF6D', '2015-12-09 16:42:41', '2015-12-09 16:42:41', '2015-12-09 16:41:20', '1', 'fun day trip', '1', '20', 'goal', null), ('275', 'AB7F38FA-5897-4F9E-9E1F-DF8B0676C792', '2015-12-09 16:42:41', '2015-12-09 16:42:41', '2015-12-09 16:41:20', '1', 'dollars', '0.25', '1', 'money', null), ('276', 'E823FFE1-AC27-4C78-BE11-B6699BF7AC77', '2015-12-09 16:42:41', '2015-12-09 18:41:23', '2015-12-09 18:40:25', '0', 'minutes screen time', '20', '10', 'time', '42'), ('277', 'F2ABD210-7C7F-42EA-A0D2-69FEEC8A770F', '2015-12-09 16:42:41', '2015-12-09 18:41:23', '2015-12-09 18:40:25', '0', 'fun day trip', '1', '20', 'goal', '42'), ('278', '20070E5C-8976-4BA6-902C-CA2C3E184006', '2015-12-09 16:42:41', '2015-12-09 16:42:41', '2015-12-09 16:41:20', '1', 'minutes screen time', '20', '10', 'time', null), ('279', '806A92C9-A7B3-4BD2-ACB2-DF9ACE1BC7CA', '2015-12-09 16:42:41', '2015-12-09 16:42:41', '2015-12-09 16:41:20', '1', 'small treat', '1', '10', 'treat', null), ('280', '92D6C52A-B277-41F0-B7F5-039D817788D1', '2015-12-09 16:42:41', '2015-12-09 18:41:23', '2015-12-09 18:40:25', '0', 'small treat', '1', '10', 'treat', '42'), ('281', '9EF7FA4E-9770-438B-8D33-86E5D4D59516', '2015-12-09 16:42:41', '2015-12-09 18:28:35', '2015-12-09 18:28:14', '0', 'fun day trip', '1', '20', 'goal', '75'), ('282', 'ED7773C8-0E08-4CD8-9F9F-0A76EDA0DE7A', '2015-12-09 16:42:41', '2015-12-09 16:43:42', '2015-12-09 16:43:06', '1', 'dollars', '0.25', '1', 'money', '76'), ('283', '36A27619-47BA-43B6-8508-F513EC5ADA45', '2015-12-09 16:42:41', '2015-12-09 16:43:42', '2015-12-09 16:43:06', '1', 'small treat', '1', '10', 'treat', '76'), ('284', '510F127E-D5B3-48E1-879B-A6A91881B674', '2015-12-09 16:42:41', '2015-12-09 16:43:42', '2015-12-09 16:43:06', '1', 'fun day trip', '1', '20', 'goal', '76'), ('285', 'F6710297-B751-4E8B-8F82-CE7CEA125FD2', '2015-12-09 16:42:41', '2015-12-09 18:28:35', '2015-12-09 18:28:14', '0', 'minutes screen time', '20', '10', 'time', '75'), ('286', 'CF99674C-94B5-44FD-8704-0A3601C5F2B8', '2015-12-09 16:42:41', '2015-12-09 18:28:35', '2015-12-09 18:28:14', '0', 'small treat', '1', '10', 'treat', '75'), ('287', '2EB464CE-75E9-4BE0-8308-F396CF226811', '2015-12-09 16:42:41', '2015-12-09 18:28:35', '2015-12-09 18:28:14', '0', 'dollars', '0.25', '1', 'money', '75'), ('288', '4A231561-F225-4157-A61B-0DCB187EAC1F', '2015-12-09 16:42:41', '2015-12-09 16:43:42', '2015-12-09 16:43:06', '1', 'minutes screen time', '20', '10', 'time', '76'), ('289', '38FFA63F-9418-42CE-90C5-F5017F9EE539', '2015-12-09 16:43:42', '2015-12-09 16:56:57', '2015-12-09 16:55:35', '1', 'small treat', '1', '10', 'treat', '77'), ('290', '29E68CC6-85DB-4DB7-8E5F-20AD2B2158D9', '2015-12-09 16:43:42', '2015-12-09 18:28:35', '2015-12-09 18:28:14', '0', 'minutes screen time', '20', '10', 'time', '76'), ('291', '11B39F6A-2612-415C-90A9-15A62A09CA36', '2015-12-09 16:43:42', '2015-12-09 18:28:35', '2015-12-09 18:28:14', '0', 'fun day trip', '1', '20', 'goal', '76'), ('292', '7AC26A39-B55E-475E-B841-79B2976FF0A3', '2015-12-09 16:43:42', '2015-12-09 16:56:57', '2015-12-09 16:55:35', '1', 'dollars', '0.25', '1', 'money', '77'), ('293', '2E4596B3-77C1-42AF-A54D-DC4F81BAC9F4', '2015-12-09 16:43:42', '2015-12-09 18:28:35', '2015-12-09 18:28:14', '0', 'dollars', '0.25', '1', 'money', '76'), ('294', '2203F5B8-8807-49FB-8A6A-570B658207EB', '2015-12-09 16:43:42', '2015-12-09 16:56:57', '2015-12-09 16:55:35', '1', 'minutes screen time', '20', '10', 'time', '77'), ('295', 'DF7ACD28-E90C-4BFF-B8C1-400D78AC5CFF', '2015-12-09 16:43:42', '2015-12-09 16:56:57', '2015-12-09 16:55:35', '1', 'fun day trip', '1', '20', 'goal', '77'), ('296', '2C336C57-9699-4369-A966-B7B80F04CB4B', '2015-12-09 16:43:42', '2015-12-09 18:28:35', '2015-12-09 18:28:14', '0', 'small treat', '1', '10', 'treat', '76'), ('297', 'BB16CC94-4324-451C-A871-3CC570A1DBA2', '2015-12-09 16:56:57', '2015-12-09 18:28:35', '2015-12-09 18:28:14', '0', 'minutes screen time', '20', '10', 'time', '77'), ('298', 'D5425206-6978-4944-9AA6-307BB98427AC', '2015-12-09 16:56:57', '2015-12-09 18:28:35', '2015-12-09 18:27:55', '1', 'minutes screen time', '20', '10', 'time', '78'), ('299', 'E868C5C8-5CD5-4B61-B6E9-EA58452CF959', '2015-12-09 16:56:57', '2015-12-09 18:28:35', '2015-12-09 18:28:14', '0', 'dollars', '0.25', '1', 'money', '77'), ('300', '05513499-6EA0-4B57-945F-98432786B2AC', '2015-12-09 16:56:57', '2015-12-09 18:28:35', '2015-12-09 18:28:14', '0', 'small treat', '1', '10', 'treat', '77'), ('301', '61883D77-C23A-4589-9545-B2AD11BEAA09', '2015-12-09 16:56:57', '2015-12-09 18:28:35', '2015-12-09 18:27:55', '1', 'dollars', '0.25', '1', 'money', '78'), ('302', 'CC57184D-C7DA-4D39-A78F-E0745D0E4652', '2015-12-09 16:56:57', '2015-12-09 18:28:35', '2015-12-09 18:27:55', '1', 'fun day trip', '1', '20', 'goal', '78'), ('303', '3F250821-FC6A-4CB6-8BA2-2A198B25B4C8', '2015-12-09 16:56:57', '2015-12-09 18:28:35', '2015-12-09 18:28:14', '0', 'fun day trip', '1', '20', 'goal', '77'), ('304', '3DB01F55-E3C7-4296-88A4-0B3F15ED2EF9', '2015-12-09 16:56:57', '2015-12-09 18:28:35', '2015-12-09 18:27:55', '1', 'small treat', '1', '10', 'treat', '78'), ('305', '2C4C18D2-CAE8-4747-AB94-F4AEE4230443', '2015-12-09 18:09:50', '2015-12-09 18:28:06', '2015-12-09 18:25:09', '1', 'small treat', '1', '10', 'treat', '79'), ('306', '92B154AA-D587-4722-8448-1E8BC1E7FE7E', '2015-12-09 18:09:50', '2015-12-09 18:28:06', '2015-12-09 18:25:09', '1', 'fun day trip', '1', '20', 'goal', '79'), ('307', '849584DF-4F11-4BA7-8052-9CA2A2EDD371', '2015-12-09 18:09:50', '2015-12-09 18:28:06', '2015-12-09 18:25:09', '1', 'minutes screen time', '20', '10', 'time', '79'), ('308', 'C7656496-6338-42A9-85DD-DC7AEE2230BE', '2015-12-09 18:09:50', '2015-12-09 18:28:06', '2015-12-09 18:25:09', '1', 'dollars', '0.25', '1', 'money', '79'), ('309', '07305DD5-E8AB-4150-83CB-2428BA8046F4', '2015-12-09 18:10:59', '2015-12-09 18:28:06', '2015-12-09 18:25:09', '1', 'small treat', '1', '10', 'treat', '80'), ('310', '25823BB8-A140-459F-8752-3C7D506E7800', '2015-12-09 18:10:59', '2015-12-09 18:28:06', '2015-12-09 18:25:09', '1', 'minutes screen time', '20', '10', 'time', '80'), ('311', '65787FDD-FFB9-4629-A523-E953B87FBFCD', '2015-12-09 18:10:59', '2015-12-09 18:28:06', '2015-12-09 18:25:09', '1', 'fun day trip', '1', '20', 'goal', '80'), ('312', '8083D93A-5532-468A-BE44-389683F36330', '2015-12-09 18:10:59', '2015-12-09 18:28:06', '2015-12-09 18:25:09', '1', 'dollars', '0.25', '1', 'money', '80'), ('313', '6FF399B9-B013-47F1-8718-8ABB7AE85CDE', '2015-12-09 18:22:46', '2015-12-09 18:28:35', '2015-12-09 18:27:55', '1', 'small treat', '1', '10', 'treat', '81'), ('314', '554A7142-282F-4019-9560-E462CD3E19D6', '2015-12-09 18:22:46', '2015-12-09 18:28:35', '2015-12-09 18:27:55', '1', 'dollars', '0.25', '1', 'money', '81'), ('315', '12A9E565-E130-4319-92FF-9227E411F21E', '2015-12-09 18:22:46', '2015-12-09 18:28:35', '2015-12-09 18:27:55', '1', 'fun day trip', '1', '20', 'goal', '81'), ('316', '0DD8DB14-72C3-4FDD-A6DD-AD1C71ECE758', '2015-12-09 18:22:46', '2015-12-09 18:28:35', '2015-12-09 18:27:55', '1', 'minutes screen time', '20', '10', 'time', '81'), ('317', '1576103A-83F6-45AE-86AE-41E184635A6E', '2015-12-09 18:28:06', '2015-12-09 18:28:35', '2015-12-09 18:28:06', '0', 'fun day trip', '1', '20', 'goal', '80'), ('318', '5769B0C2-9D98-4701-835E-7324C21492E9', '2015-12-09 18:28:06', '2015-12-09 18:28:45', '2015-12-09 18:25:50', '0', 'fun day trip', '1', '20', 'goal', '82'), ('319', 'C6D74B3C-BA77-40A9-96CC-40456823A5C0', '2015-12-09 18:28:06', '2015-12-09 18:28:35', '2015-12-09 18:28:06', '0', 'small treat', '1', '10', 'treat', '80'), ('320', 'B8B471B9-4D6A-4B45-A520-E8DEEED0CDF3', '2015-12-09 18:28:06', '2015-12-09 18:28:35', '2015-12-09 18:28:06', '0', 'dollars', '0.25', '1', 'money', '80'), ('321', '35D3F9E2-8681-432F-8170-C6D238FC4269', '2015-12-09 18:28:06', '2015-12-09 18:28:45', '2015-12-09 18:25:50', '0', 'minutes screen time', '20', '10', 'time', '82'), ('322', 'DD25D538-1C31-4060-AC5B-263BEFCC7166', '2015-12-09 18:28:06', '2015-12-09 18:28:45', '2015-12-09 18:25:50', '0', 'small treat', '1', '10', 'treat', '82'), ('323', '57081E84-D5CC-476B-A073-8A661AEA7799', '2015-12-09 18:28:06', '2015-12-09 18:28:35', '2015-12-09 18:28:06', '0', 'minutes screen time', '20', '10', 'time', '80'), ('324', '06902297-E593-407C-9F5E-38738C473B40', '2015-12-09 18:28:06', '2015-12-09 18:28:45', '2015-12-09 18:25:50', '0', 'dollars', '0.25', '1', 'money', '82'), ('325', '8A335BCB-9265-4806-87D8-ABE0597999F9', '2015-12-09 18:28:06', '2015-12-09 18:28:35', '2015-12-09 18:28:06', '0', 'dollars', '0.25', '1', 'money', '79'), ('326', '886D8097-CF51-48B1-808E-3097AB5479AC', '2015-12-09 18:28:06', '2015-12-09 18:28:45', '2015-12-09 18:26:14', '0', 'minutes screen time', '20', '10', 'time', '83'), ('327', 'E8629114-D6D4-4EA1-B71F-867320034254', '2015-12-09 18:28:06', '2015-12-09 18:28:35', '2015-12-09 18:28:06', '0', 'fun day trip', '1', '20', 'goal', '79'), ('328', '6CB16140-B930-40CE-B1FD-3A92F88D60D0', '2015-12-09 18:28:06', '2015-12-09 18:28:35', '2015-12-09 18:28:06', '0', 'minutes screen time', '20', '10', 'time', '79'), ('329', '6682FAC1-A1A9-4D83-9D1D-20D30B17B4B0', '2015-12-09 18:28:06', '2015-12-09 18:28:35', '2015-12-09 18:28:06', '0', 'small treat', '1', '10', 'treat', '79'), ('330', '88FCC7B1-3B14-444B-B24E-E850DAD00DE2', '2015-12-09 18:28:06', '2015-12-09 18:28:45', '2015-12-09 18:26:14', '0', 'fun day trip', '1', '20', 'goal', '83'), ('331', '0AEF8A22-92F3-4BD0-A060-F739A66DCD9B', '2015-12-09 18:28:06', '2015-12-09 18:28:45', '2015-12-09 18:26:14', '0', 'dollars', '0.25', '1', 'money', '83'), ('332', 'B749E5C6-3EEA-4D72-8C1A-67DC3E0F7338', '2015-12-09 18:28:06', '2015-12-09 18:28:45', '2015-12-09 18:26:14', '0', 'small treat', '1', '10', 'treat', '83'), ('333', 'C7085F82-E6CB-4BE5-98BF-39891431244E', '2015-12-09 18:28:35', '2015-12-09 18:28:35', '2015-12-09 18:27:10', '0', 'minutes screen time', '20', '10', 'time', '84'), ('334', 'DA80B42C-E1A9-4E97-B1B3-11504FB3748C', '2015-12-09 18:28:35', '2015-12-09 18:28:35', '2015-12-09 18:27:10', '0', 'fun day trip', '1', '20', 'goal', '81'), ('335', 'A0398DE7-AE84-4A6F-8B00-F5CAA684CA7C', '2015-12-09 18:28:35', '2015-12-09 18:28:35', '2015-12-09 18:27:10', '0', 'dollars', '0.25', '1', 'money', '84'), ('336', '0B7C4AA3-A761-4D98-A540-AAE5E36445D2', '2015-12-09 18:28:35', '2015-12-09 18:28:35', '2015-12-09 18:27:10', '0', 'small treat', '1', '10', 'treat', '81'), ('337', 'BD932A7E-3022-4C87-98CC-FAB4B149BB22', '2015-12-09 18:28:35', '2015-12-09 18:28:35', '2015-12-09 18:27:10', '0', 'small treat', '1', '10', 'treat', '84'), ('338', 'CA70921C-D29C-4CFA-AA47-FBE0846AA5AE', '2015-12-09 18:28:35', '2015-12-09 18:28:35', '2015-12-09 18:27:10', '0', 'fun day trip', '1', '20', 'goal', '84'), ('339', '260AF8F4-E47E-4062-9C16-1D601D8E550A', '2015-12-09 18:28:35', '2015-12-09 18:28:35', '2015-12-09 18:27:10', '0', 'minutes screen time', '20', '10', 'time', '81'), ('340', '1B5E8924-0607-4E8D-8806-489178FC24FE', '2015-12-09 18:28:35', '2015-12-09 18:28:35', '2015-12-09 18:27:10', '0', 'dollars', '0.25', '1', 'money', '81'), ('341', 'A38B8054-2097-4786-AE6C-B0A64386D00C', '2015-12-09 18:28:35', '2015-12-09 18:28:35', '2015-12-09 18:27:14', '0', 'dollars', '0.25', '1', 'money', '78'), ('342', '1360748C-584C-4417-A562-0FBF569B8B1D', '2015-12-09 18:28:35', '2015-12-09 18:28:35', '2015-12-09 18:27:14', '0', 'small treat', '1', '10', 'treat', '78'), ('343', 'C9006E25-23BC-4A1E-A317-72BA710DDD03', '2015-12-09 18:28:35', '2015-12-09 18:28:35', '2015-12-09 18:27:14', '0', 'fun day trip', '1', '20', 'goal', '78'), ('344', 'C6CBEABD-7821-4233-B231-9E0818D8F22B', '2015-12-09 18:28:35', '2015-12-09 18:28:35', '2015-12-09 18:27:14', '0', 'small treat', '1', '10', 'treat', '85'), ('345', 'F2816C2F-9BBF-4530-B206-8AB9CB210651', '2015-12-09 18:28:35', '2015-12-09 18:28:35', '2015-12-09 18:27:14', '0', 'fun day trip', '1', '20', 'goal', '85'), ('346', '6567A782-D29F-42DE-A899-03A45EE4AF32', '2015-12-09 18:28:35', '2015-12-09 18:28:35', '2015-12-09 18:27:14', '0', 'minutes screen time', '20', '10', 'time', '85'), ('347', 'FA0BBD25-1127-4FE3-9B40-8F55A2B047C2', '2015-12-09 18:28:35', '2015-12-09 18:28:35', '2015-12-09 18:27:14', '0', 'dollars', '0.25', '1', 'money', '85'), ('348', '4E64D30F-BD2D-4DBD-AD3A-5AA5D4D34458', '2015-12-09 18:28:35', '2015-12-09 18:28:35', '2015-12-09 18:27:14', '0', 'minutes screen time', '20', '10', 'time', '78');
COMMIT;

-- ----------------------------
--  Table structure for `services_smile`
-- ----------------------------
DROP TABLE IF EXISTS `services_smile`;
CREATE TABLE `services_smile` (
  `id` int(11) NOT NULL AUTO_INCREMENT,
  `uuid` varchar(64) NOT NULL,
  `created_date` datetime NOT NULL,
  `updated_date` datetime NOT NULL,
  `device_date` datetime NOT NULL,
  `deleted` tinyint(1) NOT NULL,
  `collected` tinyint(1) NOT NULL,
  `behavior_id` int(11) DEFAULT NULL,
  `board_id` int(11) DEFAULT NULL,
  `user_id` int(11) DEFAULT NULL,
  `note` varchar(256) NOT NULL,
  `creator_id` int(11),
  PRIMARY KEY (`id`),
  UNIQUE KEY `services_smile_uuid_79177d907c96f64f_uniq` (`uuid`),
  KEY `services_smile_fcc1bcae` (`behavior_id`),
  KEY `services_smile_0047b239` (`board_id`),
  KEY `services_smile_3700153c` (`creator_id`)
) ENGINE=MyISAM AUTO_INCREMENT=768 DEFAULT CHARSET=latin1;

-- ----------------------------
--  Records of `services_smile`
-- ----------------------------
BEGIN;
INSERT INTO `services_smile` VALUES ('1', '9F90EE72-F504-4B07-AEFF-D6712538DF38', '2015-11-24 19:12:48', '2015-11-24 19:35:25', '2015-11-24 19:12:48', '0', '0', '39', '2', '13', '', null), ('2', '320FE31E-8CD9-4BF2-93DF-5222EACF4244', '2015-11-24 19:12:48', '2015-11-24 19:35:25', '2015-11-24 19:12:48', '0', '0', '39', '2', '13', '', null), ('3', '3D14337C-A409-49AB-AC65-DAAD16150FEB', '2015-11-24 19:12:48', '2015-11-24 19:35:25', '2015-11-24 19:12:48', '0', '0', '39', '2', '13', '', null), ('4', '3E480BD1-5310-46B9-B2A6-1FFD78745626', '2015-11-24 19:12:48', '2015-11-24 19:35:25', '2015-11-24 19:12:48', '0', '0', '39', '2', '13', '', null), ('5', '4F46C3F4-6EB2-4609-84F9-B9BB97D492C2', '2015-11-24 19:12:48', '2015-11-24 19:35:25', '2015-11-24 19:12:48', '0', '0', '39', '2', '13', '', null), ('6', '64043084-A6F2-4ACC-ADEB-7B734BA4F1A1', '2015-11-24 19:12:48', '2015-11-24 19:35:25', '2015-11-24 19:12:48', '0', '0', '39', '2', '13', '', null), ('7', 'FC0E31C0-BCBF-4EFE-9B58-247E144AF9D3', '2015-11-24 19:37:52', '2015-11-24 19:37:52', '2015-11-24 19:19:15', '0', '0', '59', '24', '16', '', null), ('8', 'CE3B1F23-E33B-46A4-A968-D9DEF818E2B1', '2015-11-24 19:37:52', '2015-11-24 19:37:52', '2015-11-24 19:19:22', '0', '0', '78', '24', '14', '', null), ('9', '7E4F06EF-999C-4DDE-99C2-886EA9566C1C', '2015-11-24 19:37:52', '2015-11-24 19:37:52', '2015-11-24 19:19:30', '0', '0', '51', '24', '13', '', null), ('10', 'FB64F1CA-1B6A-492C-A1FD-37CD39298401', '2015-11-24 19:37:52', '2015-11-24 19:37:52', '2015-11-24 19:19:43', '0', '0', '54', '24', '14', '', null), ('11', '8E66BF59-FE19-47AB-84BC-DE73AA892945', '2015-11-24 19:37:52', '2015-11-24 19:37:52', '2015-11-24 19:19:43', '0', '0', '54', '24', '14', '', null), ('12', 'D36F719B-3619-4125-954B-F45819C29675', '2015-11-24 19:37:52', '2015-11-24 19:37:52', '2015-11-24 19:19:43', '0', '0', '54', '24', '14', '', null), ('13', '5FAF6F66-5D5F-4A9D-B151-A943EC3B27A5', '2015-11-25 02:26:50', '2015-11-25 02:26:50', '2015-11-25 02:18:15', '0', '0', '319', '30', '22', '', '19'), ('14', '73FA5F0A-3E2C-415A-95D2-9E039D36A874', '2015-11-25 02:26:50', '2015-11-25 02:53:22', '2015-11-25 02:24:59', '0', '0', '319', '30', '20', 'He was unbelievably brave playing a new level of the Sim\'s :-)', '19'), ('15', 'D555AF0B-D18A-43E1-8F56-1F1BDB3EF458', '2015-11-25 02:53:22', '2015-11-25 02:53:22', '2015-11-25 02:27:02', '0', '0', '323', '30', '21', 'Smarter than a pumpkin!', '19'), ('16', 'E8E94438-AF3B-44CB-A781-42065D7D1C9F', '2015-11-25 04:49:49', '2015-11-25 04:49:49', '2015-11-25 04:30:45', '0', '0', '306', '30', '20', 'Was kind of cool at helping at choir', '19'), ('17', 'EE1D48B5-923A-42AE-850B-9C8D33E8FC6A', '2015-11-25 06:41:13', '2015-11-25 06:41:13', '2015-11-25 06:09:05', '0', '0', '289', '30', '22', 'Nocturnal', '19'), ('18', 'CFCACE73-8AEB-4276-B8AB-886F584F2F39', '2015-11-25 23:24:18', '2015-11-25 23:24:18', '2015-11-25 23:11:36', '0', '0', '285', '30', '20', '', '19'), ('19', '5BE8618F-9143-48AE-BEA3-9D1825F770BF', '2015-11-26 02:54:45', '2015-11-26 04:48:50', '2015-11-26 02:52:42', '0', '0', '316', '30', '22', '', '19'), ('20', 'E4B6B464-41FC-4C71-8007-3B3B7297D95E', '2015-11-26 04:48:50', '2015-11-26 04:48:50', '2015-11-26 02:54:17', '0', '0', '316', '30', '21', '', '19'), ('21', 'FCA33185-24A9-4556-9423-ED64FE5E1349', '2015-11-26 21:22:01', '2015-11-26 21:22:01', '2015-11-26 21:10:16', '0', '0', '312', '30', '22', '', '19'), ('22', 'F0F37E4E-78F9-4308-A631-458A8BFF379A', '2015-11-27 03:39:56', '2015-11-27 03:44:05', '2015-11-27 03:36:23', '0', '0', '319', '30', '25', '', '19'), ('23', 'C2F16041-7F39-481D-A2A0-C2F7FE1ACCAB', '2015-11-27 03:41:19', '2015-11-27 03:49:29', '2015-11-27 03:40:03', '0', '0', '299', '30', '25', 'Read a book in Spanish and saying it opera style', '19'), ('24', 'C5AE30E0-DFD0-433B-BB52-161CB54064DF', '2015-11-27 03:44:56', '2015-11-27 03:49:29', '2015-11-27 03:43:27', '0', '0', '307', '30', '25', '', '19'), ('25', '94FC6402-6150-4DF4-BF2C-12EEBCA906B5', '2015-12-04 08:52:51', '2015-12-04 08:52:51', '2015-12-04 04:41:12', '0', '0', '312', '30', '22', '', '19'), ('26', '1C2454B7-E999-4E26-B1F3-E3235DBE9FDE', '2015-12-04 15:11:44', '2015-12-04 15:14:52', '2015-12-04 15:08:18', '0', '0', '332', '2', '14', '', null), ('27', 'D435AD18-CD09-4C45-8FE8-90A8263F9EBB', '2015-12-04 15:11:44', '2015-12-04 15:14:52', '2015-12-04 15:08:18', '0', '0', '332', '2', '14', '', null), ('28', 'EB2DD50F-D1C1-4007-85CA-F457DDF22699', '2015-12-04 15:11:44', '2015-12-04 15:14:52', '2015-12-04 15:08:18', '0', '0', '332', '2', '14', '', null), ('29', '7AA08EE2-FC67-4904-93C2-5F78D5FC592B', '2015-12-04 15:11:44', '2015-12-04 15:14:52', '2015-12-04 15:08:18', '0', '0', '332', '2', '14', '', null), ('30', '949A162A-1770-41C6-9B73-C4A6029B3626', '2015-12-04 15:11:44', '2015-12-04 15:14:52', '2015-12-04 15:08:19', '0', '0', '332', '2', '14', '', null), ('31', '116CD9C8-68DD-496C-B8F1-6DCA885E1A74', '2015-12-04 15:11:44', '2015-12-04 15:14:52', '2015-12-04 15:08:19', '0', '0', '332', '2', '14', '', null), ('32', 'B4E6D181-09F1-44F9-A8F9-D7A0FE0FE213', '2015-12-04 15:11:44', '2015-12-04 15:14:52', '2015-12-04 15:08:19', '0', '0', '332', '2', '14', '', null), ('33', 'F73303D3-AAC7-4F5D-A0F3-584CC55E66F3', '2015-12-04 15:11:44', '2015-12-04 15:14:52', '2015-12-04 15:08:19', '0', '0', '332', '2', '14', '', null), ('34', 'BE1DD9C4-EBA7-446D-9434-9E6549C91CEB', '2015-12-04 15:11:44', '2015-12-04 15:14:52', '2015-12-04 15:08:19', '0', '0', '332', '2', '14', '', null), ('35', '69E6DA39-40E1-4A7E-8A24-A94617266B50', '2015-12-04 15:11:44', '2015-12-04 15:14:52', '2015-12-04 15:08:19', '0', '0', '332', '2', '14', '', null), ('36', 'BA7A4BC8-C064-45E3-8D04-40B44A80BCF7', '2015-12-04 15:11:44', '2015-12-04 15:14:52', '2015-12-04 15:08:19', '0', '0', '332', '2', '14', '', null), ('37', '2E4EE6A0-B4B6-4BF6-82D1-5ECB7F70DCCA', '2015-12-04 15:57:15', '2015-12-04 15:57:15', '2015-11-30 23:02:06', '0', '0', '23', '2', '14', '', null), ('38', '8FB1F681-B63A-458E-966D-877CDAF0E20E', '2015-12-04 15:57:15', '2015-12-04 15:57:15', '2015-11-30 23:02:06', '0', '0', '23', '2', '14', '', null), ('39', '502072E4-C494-4CCC-8E66-609CE734A5D7', '2015-12-04 15:57:15', '2015-12-04 15:57:15', '2015-11-30 23:02:06', '0', '0', '23', '2', '14', '', null), ('40', '34E90E8E-532C-4F84-83C9-00C5B633096E', '2015-12-04 15:57:15', '2015-12-04 15:57:15', '2015-11-30 23:02:06', '0', '0', '23', '2', '14', '', null), ('41', '15B847AA-91EB-4C11-A2D5-6C466762E8F3', '2015-12-04 19:22:02', '2015-12-07 15:18:34', '2015-12-04 19:19:56', '0', '0', '23', '2', '13', '', null), ('42', '916C0549-D501-43C1-927C-848AD32DF59E', '2015-12-04 19:22:02', '2015-12-07 15:18:34', '2015-12-04 19:19:56', '0', '0', '23', '2', '13', '', null), ('43', '5C3019FD-E52D-4F31-9D49-88794A58FE63', '2015-12-04 19:22:02', '2015-12-07 15:18:34', '2015-12-04 19:19:56', '0', '0', '23', '2', '13', '', null), ('44', '450C1BC6-2365-4DEC-8BBD-E5DD00488ECC', '2015-12-04 19:22:02', '2015-12-07 15:18:34', '2015-12-04 19:19:56', '0', '0', '23', '2', '13', '', null), ('45', '93CF2BDA-3C36-44D4-9A17-0E69F0EA7632', '2015-12-04 19:22:02', '2015-12-07 15:18:34', '2015-12-04 19:19:56', '0', '0', '23', '2', '13', '', null), ('46', 'DBE31431-34FF-453D-B7C3-DC3E55E49CF8', '2015-12-04 19:22:02', '2015-12-07 15:18:34', '2015-12-04 19:19:56', '0', '0', '23', '2', '13', '', null), ('47', '76548192-8A10-4A0D-A201-4AF186ACAF6C', '2015-12-04 19:22:02', '2015-12-07 15:18:34', '2015-12-04 19:19:56', '0', '0', '23', '2', '13', '', null), ('48', '2206BBC1-8F9B-4018-B349-2427F4F64157', '2015-12-04 19:22:02', '2015-12-07 15:18:34', '2015-12-04 19:19:56', '0', '0', '23', '2', '13', '', null), ('49', '031CDF0F-C255-42D8-A538-003693F38B81', '2015-12-04 19:22:02', '2015-12-07 15:18:34', '2015-12-04 19:19:56', '0', '0', '23', '2', '13', '', null), ('50', 'CB251848-F114-43C6-8969-C561A3792424', '2015-12-04 19:22:02', '2015-12-07 15:18:34', '2015-12-04 19:19:56', '0', '0', '23', '2', '13', '', null), ('51', 'E3D7BD11-AE8E-43E6-8F91-943FF004210B', '2015-12-04 19:22:02', '2015-12-07 15:18:34', '2015-12-04 19:19:56', '0', '0', '23', '2', '13', '', null), ('52', 'FC95D090-7614-4ECA-87FD-5F0FDBD8B254', '2015-12-04 19:22:02', '2015-12-07 15:18:34', '2015-12-04 19:19:56', '0', '0', '23', '2', '13', '', null), ('53', 'D440C144-7F37-47E0-994D-4633C3F9719D', '2015-12-04 19:22:02', '2015-12-07 15:18:34', '2015-12-04 19:19:56', '0', '0', '23', '2', '13', '', null), ('54', 'D3F6FE5F-095B-4E90-B18E-1F9A2A2005E7', '2015-12-04 19:57:04', '2015-12-05 00:27:35', '2015-12-04 23:52:29', '0', '0', '2', '1', '15', '', '3'), ('55', 'EA0DDD20-6649-49F0-8DE5-A8E205F95261', '2015-12-04 19:57:04', '2015-12-05 00:27:36', '2015-12-04 23:52:29', '0', '0', '2', '1', '15', '', '3'), ('56', '730E5EAF-D942-4F73-A92B-03656DB98CC4', '2015-12-04 19:57:04', '2015-12-05 00:27:35', '2015-12-04 23:52:29', '0', '0', '2', '1', '15', '', '3'), ('57', '76E47B5C-C5BA-45AC-A50D-2F3A0D8508D4', '2015-12-04 19:57:04', '2015-12-05 00:27:35', '2015-12-04 23:52:29', '0', '0', '2', '1', '15', '', '3'), ('58', 'D3FBD328-4847-47B4-96F0-8DF59B45D7FC', '2015-12-04 19:57:04', '2015-12-05 00:27:36', '2015-12-04 23:52:29', '0', '0', '2', '1', '15', '', '3'), ('59', '93C7FBC4-5725-4105-8820-DDE990EDC3C5', '2015-12-04 19:57:04', '2015-12-05 00:27:36', '2015-12-04 23:52:29', '0', '0', '2', '1', '15', '', '3'), ('60', '46A4871F-2FA3-4838-BD4D-D42360AF56DB', '2015-12-04 19:57:04', '2015-12-05 00:27:36', '2015-12-04 23:52:29', '0', '0', '2', '1', '15', '', '3'), ('61', 'C7DA728B-64D4-46A9-9C5D-4D2BFDAE8D15', '2015-12-04 19:57:04', '2015-12-05 00:27:36', '2015-12-04 23:52:29', '0', '0', '2', '1', '15', '', '3'), ('62', '089179E2-CF0B-415B-9907-1DE2DC65F1BF', '2015-12-04 19:57:04', '2015-12-05 00:27:36', '2015-12-04 23:52:29', '0', '0', '2', '1', '15', '', '3'), ('63', '37831761-501B-44B2-B2D3-F260A60B55E7', '2015-12-04 19:57:04', '2015-12-05 00:27:35', '2015-12-04 23:52:29', '0', '0', '2', '1', '15', '', '3'), ('64', '27AF1CE6-ACFA-4188-B26F-DF41E46AD1D6', '2015-12-07 21:33:21', '2015-12-07 21:35:00', '2015-12-07 21:29:56', '0', '0', '377', '33', '29', '', null), ('65', 'E3CEA512-F0EA-411B-924A-8BFFA6036ED1', '2015-12-07 21:33:21', '2015-12-07 21:35:00', '2015-12-07 21:29:56', '0', '0', '377', '33', '29', '', null), ('66', 'F6B6B817-489D-4A28-A740-C71750632982', '2015-12-07 21:33:21', '2015-12-07 21:35:00', '2015-12-07 21:29:56', '0', '0', '377', '33', '29', '', null), ('67', '944F549D-9C5E-4526-A8D2-CB48B506E6CE', '2015-12-07 21:33:21', '2015-12-07 21:36:04', '2015-12-07 21:30:11', '0', '0', '355', '33', '27', '', null), ('68', '4C38EDD5-558F-4153-BB3A-393EA5FA2CFC', '2015-12-07 21:33:21', '2015-12-07 21:36:04', '2015-12-07 21:30:11', '0', '0', '355', '33', '27', '', null), ('69', 'CA51BBB9-4E42-43B7-A7A9-61A3D48B3622', '2015-12-07 21:33:21', '2015-12-07 21:36:04', '2015-12-07 21:30:11', '0', '0', '355', '33', '27', '', null), ('70', '61B97977-3612-41F7-AFB9-74E3A9722FDB', '2015-12-07 21:33:21', '2015-12-07 21:36:04', '2015-12-07 21:30:11', '0', '0', '355', '33', '27', '', null), ('71', '6AF19598-D46E-4D32-9DFD-DC4BAD04A5CF', '2015-12-07 21:33:22', '2015-12-07 21:36:04', '2015-12-07 21:30:31', '0', '0', '376', '33', '14', '', null), ('72', 'DC98426D-F810-431F-91D4-88A7835354A9', '2015-12-07 21:33:22', '2015-12-07 21:36:04', '2015-12-07 21:30:31', '0', '0', '376', '33', '14', '', null), ('73', '1AD7A849-D096-47D5-84CB-11E17F2D2937', '2015-12-07 21:33:22', '2015-12-07 21:36:04', '2015-12-07 21:30:31', '0', '0', '376', '33', '14', '', null), ('74', '753E88FA-DE89-440A-B8FE-7451B3223619', '2015-12-07 21:33:22', '2015-12-07 21:36:04', '2015-12-07 21:30:31', '0', '0', '376', '33', '14', '', null), ('75', '0FD56BC9-7512-415F-8194-A800B03F4E8D', '2015-12-07 21:33:22', '2015-12-07 21:36:04', '2015-12-07 21:30:31', '0', '0', '376', '33', '14', '', null), ('76', 'D2309F4D-89CD-4555-BC3A-12FA27E7C0C1', '2015-12-07 21:33:22', '2015-12-07 21:36:04', '2015-12-07 21:30:31', '0', '0', '376', '33', '14', '', null), ('77', '3272F5D2-0810-45F1-B9D9-B95ACCB60CF0', '2015-12-07 21:33:22', '2015-12-07 21:36:04', '2015-12-07 21:30:31', '0', '0', '376', '33', '14', '', null), ('78', '9D497999-9B91-4B18-879A-675147A5EB64', '2015-12-07 21:33:22', '2015-12-07 21:36:04', '2015-12-07 21:30:31', '0', '0', '376', '33', '14', '', null), ('79', '43FFE405-DEED-4906-9848-8FC9C1C46807', '2015-12-07 21:33:22', '2015-12-07 21:36:04', '2015-12-07 21:30:31', '0', '0', '376', '33', '14', '', null), ('80', 'E388D62E-2694-433F-BFB5-B78BCB9B6DF1', '2015-12-07 21:33:22', '2015-12-07 21:36:04', '2015-12-07 21:30:31', '0', '0', '376', '33', '14', '', null), ('81', 'CCAD0CAD-9FAF-49D8-A55E-490B52732BC1', '2015-12-07 21:33:22', '2015-12-07 21:36:04', '2015-12-07 21:30:31', '0', '0', '376', '33', '14', '', null), ('82', '64A37970-1C4F-4CE2-B81F-5282A2F5982D', '2015-12-07 21:33:22', '2015-12-07 21:36:04', '2015-12-07 21:30:31', '0', '0', '376', '33', '14', '', null), ('83', '324D16C6-41A6-4A7D-89F8-5954D68AF16D', '2015-12-07 21:33:22', '2015-12-07 21:36:05', '2015-12-07 21:30:31', '0', '0', '376', '33', '14', '', null), ('84', 'B8EB23FA-646E-4204-8319-3CCEC3C2F612', '2015-12-07 21:33:22', '2015-12-07 21:36:05', '2015-12-07 21:30:31', '0', '0', '376', '33', '14', '', null), ('85', '7A78FF82-AC55-49B2-9ACB-F1A94DCAFA31', '2015-12-07 21:33:22', '2015-12-07 21:36:05', '2015-12-07 21:30:31', '0', '0', '376', '33', '14', '', null), ('86', '1BA26D55-89B8-43A5-A6C3-5A817FA2548E', '2015-12-07 21:33:22', '2015-12-07 21:36:05', '2015-12-07 21:30:31', '0', '0', '376', '33', '14', '', null), ('87', '2C1AEBE2-3966-4D21-A1B9-0485D8C2FEF5', '2015-12-07 21:33:22', '2015-12-07 21:36:05', '2015-12-07 21:30:31', '0', '0', '376', '33', '14', '', null), ('88', 'DE0A95BD-CE52-46B2-9E38-E35007939995', '2015-12-07 21:33:22', '2015-12-07 21:36:05', '2015-12-07 21:30:31', '0', '0', '376', '33', '14', '', null), ('89', 'E07D33E2-A85A-4473-80A5-8479C7BBFE10', '2015-12-07 21:33:22', '2015-12-07 21:36:05', '2015-12-07 21:30:31', '0', '0', '376', '33', '14', '', null), ('90', 'EE5BD79C-E6CA-41C2-8A04-C68DD59237E3', '2015-12-07 21:33:22', '2015-12-07 21:36:05', '2015-12-07 21:30:31', '0', '0', '376', '33', '14', '', null), ('91', '88498819-7CBC-4B41-AA8B-D76A8086E1CF', '2015-12-07 21:33:22', '2015-12-07 21:36:05', '2015-12-07 21:30:31', '0', '0', '376', '33', '14', '', null), ('92', '622A4155-3A1E-43AE-A97F-5C1B5EB45082', '2015-12-07 21:33:22', '2015-12-07 21:36:05', '2015-12-07 21:30:31', '0', '0', '376', '33', '14', '', null), ('93', '92EF78E7-46A0-4E5E-8CB5-5F965EB9CE03', '2015-12-07 21:33:22', '2015-12-07 21:36:05', '2015-12-07 21:30:31', '0', '0', '376', '33', '14', '', null), ('94', 'D7F2FAD6-5A04-4053-AD25-068D95D88DB3', '2015-12-07 21:33:22', '2015-12-07 21:36:05', '2015-12-07 21:30:31', '0', '0', '376', '33', '14', '', null), ('95', '44C8B3DF-4017-4891-8A15-993AEDAF4F5A', '2015-12-07 21:33:22', '2015-12-07 21:36:05', '2015-12-07 21:30:31', '0', '0', '376', '33', '14', '', null), ('96', 'AB20B0CD-88E4-4976-B6D7-055B75EB4EC6', '2015-12-07 21:33:22', '2015-12-07 21:36:05', '2015-12-07 21:30:31', '0', '0', '376', '33', '14', '', null), ('97', '41072854-3416-4E6C-AE14-CE6538FB907E', '2015-12-07 21:33:22', '2015-12-07 21:36:05', '2015-12-07 21:30:31', '0', '0', '376', '33', '14', '', null), ('98', '3D997ADF-1891-47D3-97DA-966499A2CEBD', '2015-12-07 21:33:22', '2015-12-07 21:36:05', '2015-12-07 21:30:31', '0', '0', '376', '33', '14', '', null), ('99', '14917F17-81D4-4BAC-8637-5341B69B8F14', '2015-12-07 21:33:22', '2015-12-07 21:36:05', '2015-12-07 21:30:31', '0', '0', '376', '33', '14', '', null), ('100', 'F04DC3EF-655A-452B-B62F-746B8365DD96', '2015-12-07 21:33:22', '2015-12-07 21:36:05', '2015-12-07 21:30:31', '0', '0', '376', '33', '14', '', null), ('101', '7CB03EF3-F859-40F2-82F7-23E1E95C9F04', '2015-12-07 21:33:22', '2015-12-07 21:36:05', '2015-12-07 21:30:31', '0', '0', '376', '33', '14', '', null), ('102', 'E8557031-6B6B-44E8-85D5-9DCEFC7AEB2B', '2015-12-07 21:33:22', '2015-12-07 21:36:05', '2015-12-07 21:30:31', '0', '0', '376', '33', '14', '', null), ('103', 'BEC9599C-5F15-48C3-AE86-98A648A97B7B', '2015-12-07 21:33:22', '2015-12-07 21:36:05', '2015-12-07 21:30:31', '0', '0', '376', '33', '14', '', null), ('104', '24500283-02CE-4143-A033-061D8822BD38', '2015-12-07 21:33:22', '2015-12-07 21:36:05', '2015-12-07 21:30:31', '0', '0', '376', '33', '14', '', null), ('105', 'C64077F1-EF15-4559-8A72-33922325D8AE', '2015-12-07 21:33:22', '2015-12-07 21:36:05', '2015-12-07 21:30:31', '0', '0', '376', '33', '14', '', null), ('106', '4020040A-E1CE-4977-9B4D-B6E0BABF97C3', '2015-12-07 21:33:22', '2015-12-07 21:36:05', '2015-12-07 21:30:31', '0', '0', '376', '33', '14', '', null), ('107', '496D4B54-0D30-43A7-9379-B5F1BE70C61D', '2015-12-07 21:33:22', '2015-12-07 21:36:05', '2015-12-07 21:30:31', '0', '0', '376', '33', '14', '', null), ('108', '57F1922B-4E6C-4982-8ABB-8FE14A9C7DCF', '2015-12-07 21:33:22', '2015-12-07 21:36:05', '2015-12-07 21:30:31', '0', '0', '376', '33', '14', '', null), ('109', 'E1D258CD-2627-410F-B14A-C7385A6728F7', '2015-12-07 21:33:22', '2015-12-07 21:36:05', '2015-12-07 21:30:31', '0', '0', '376', '33', '14', '', null), ('110', 'E2D393C9-2393-4EDB-874E-83019DB3F16C', '2015-12-07 21:33:22', '2015-12-07 21:36:05', '2015-12-07 21:30:31', '0', '0', '376', '33', '14', '', null), ('111', 'A165B79A-61ED-4AD9-8FDE-C756CCC134C2', '2015-12-07 21:33:22', '2015-12-07 21:36:05', '2015-12-07 21:30:31', '0', '0', '376', '33', '14', '', null), ('112', '1F02BB2C-8089-44A3-99D4-A55D402A92E8', '2015-12-07 21:33:22', '2015-12-07 21:36:05', '2015-12-07 21:30:31', '0', '0', '376', '33', '14', '', null), ('113', '3F321411-6B51-45A4-8210-CE701D60302A', '2015-12-07 21:33:22', '2015-12-07 21:36:05', '2015-12-07 21:30:31', '0', '0', '376', '33', '14', '', null), ('114', 'DD1F995D-B462-4BF0-A375-439765B7D9F9', '2015-12-07 21:33:22', '2015-12-07 21:36:05', '2015-12-07 21:30:31', '0', '0', '376', '33', '14', '', null), ('115', '12A03F7A-0040-42F0-9188-FED42FB25CA8', '2015-12-07 21:33:22', '2015-12-07 21:36:05', '2015-12-07 21:30:31', '0', '0', '376', '33', '14', '', null), ('116', '9B840B6E-2F91-4F39-ACDD-F083CFC85ACB', '2015-12-07 21:33:22', '2015-12-07 21:36:05', '2015-12-07 21:30:31', '0', '0', '376', '33', '14', '', null), ('117', 'B293C890-4728-440D-B858-097D5BD59B8D', '2015-12-07 21:33:22', '2015-12-07 21:36:05', '2015-12-07 21:30:31', '0', '0', '376', '33', '14', '', null), ('118', '5524F648-63E0-45E7-8380-28105E51B13B', '2015-12-07 21:33:22', '2015-12-07 21:36:05', '2015-12-07 21:30:31', '0', '0', '376', '33', '14', '', null), ('119', '991DF370-F6A0-4591-831E-612AD852D948', '2015-12-07 21:33:22', '2015-12-07 21:36:05', '2015-12-07 21:30:31', '0', '0', '376', '33', '14', '', null), ('120', '4EF2EC32-8C66-4350-83A8-F6C10993802E', '2015-12-07 21:33:22', '2015-12-07 21:36:05', '2015-12-07 21:30:31', '0', '0', '376', '33', '14', '', null), ('121', '1643256A-99F8-4512-8363-27E0C96AABB0', '2015-12-07 21:33:22', '2015-12-07 21:36:05', '2015-12-07 21:30:31', '0', '0', '376', '33', '14', '', null), ('122', '53C7B990-AE39-40CA-9E53-3D87A69A4F87', '2015-12-07 21:33:22', '2015-12-07 21:36:05', '2015-12-07 21:30:31', '0', '0', '376', '33', '14', '', null), ('123', '6F6482D2-9551-4FD9-B61D-A6E2A2B0F0A1', '2015-12-07 21:33:22', '2015-12-07 21:36:05', '2015-12-07 21:30:31', '0', '0', '376', '33', '14', '', null), ('124', '15CF02AD-5481-4E29-9F5C-D4AB0F2562AD', '2015-12-07 21:33:22', '2015-12-07 21:36:05', '2015-12-07 21:30:31', '0', '0', '376', '33', '14', '', null), ('125', '90345D21-EFA0-44B2-9100-D0EFA3D41BD4', '2015-12-07 21:33:22', '2015-12-07 21:36:05', '2015-12-07 21:30:31', '0', '0', '376', '33', '14', '', null), ('126', 'BD024A20-DC1B-4E75-AD88-67291AF78ADD', '2015-12-07 21:33:22', '2015-12-07 21:36:05', '2015-12-07 21:30:31', '0', '0', '376', '33', '14', '', null), ('127', '0ECCF53F-9B12-40EC-B459-85A0C9683060', '2015-12-07 21:33:22', '2015-12-07 21:36:05', '2015-12-07 21:30:31', '0', '0', '376', '33', '14', '', null), ('128', '28628171-6AA6-4749-AC9A-78DBE93BB278', '2015-12-07 21:33:22', '2015-12-07 21:36:05', '2015-12-07 21:30:31', '0', '0', '376', '33', '14', '', null), ('129', '906771F1-70AE-403E-84D0-83AA583500C4', '2015-12-07 21:33:22', '2015-12-07 21:36:05', '2015-12-07 21:30:31', '0', '0', '376', '33', '14', '', null), ('130', '289A9DFD-471D-4C50-96C9-1BE97AD263F2', '2015-12-07 21:33:22', '2015-12-07 21:36:05', '2015-12-07 21:30:31', '0', '0', '376', '33', '14', '', null), ('131', '15F7BDE6-8FAE-4940-A17D-08437D14F95F', '2015-12-07 21:33:22', '2015-12-07 21:36:05', '2015-12-07 21:30:31', '0', '0', '376', '33', '14', '', null), ('132', '06D3B301-D5D5-473B-95BE-CB2FB804F28E', '2015-12-07 21:33:22', '2015-12-07 21:36:05', '2015-12-07 21:30:31', '0', '0', '376', '33', '14', '', null), ('133', 'A342C2D3-4084-4949-B333-9D59B2111D76', '2015-12-07 21:33:22', '2015-12-07 21:36:05', '2015-12-07 21:30:31', '0', '0', '376', '33', '14', '', null), ('134', '4601C6CC-86F3-42BC-831B-E880C2B37640', '2015-12-07 21:33:22', '2015-12-07 21:36:05', '2015-12-07 21:30:31', '0', '0', '376', '33', '14', '', null), ('135', '85C24F96-8321-41BD-A812-4594EAAB92D9', '2015-12-07 21:33:22', '2015-12-07 21:36:05', '2015-12-07 21:30:31', '0', '0', '376', '33', '14', '', null), ('136', '264F1246-2B6A-45C7-B95C-8890F9F54871', '2015-12-07 21:33:22', '2015-12-07 21:36:05', '2015-12-07 21:30:31', '0', '0', '376', '33', '14', '', null), ('137', 'AFA746DA-B7F2-438A-B318-AC50FB793096', '2015-12-07 21:33:22', '2015-12-07 21:36:05', '2015-12-07 21:30:31', '0', '0', '376', '33', '14', '', null), ('138', '514AC246-BB70-42FE-8A65-A1A941F5D313', '2015-12-07 21:33:22', '2015-12-07 21:36:05', '2015-12-07 21:30:31', '0', '0', '376', '33', '14', '', null), ('139', '3E29418C-8DB6-42F6-A2D6-40767661E02F', '2015-12-07 21:33:22', '2015-12-07 21:36:05', '2015-12-07 21:30:31', '0', '0', '376', '33', '14', '', null), ('140', 'B480DAEB-8AED-4EE1-98DB-15AA1EDADDF4', '2015-12-07 21:33:22', '2015-12-07 21:36:05', '2015-12-07 21:30:31', '0', '0', '376', '33', '14', '', null), ('141', '2A891D30-0D1D-4FBA-B63E-D4FE495B9A50', '2015-12-07 21:33:22', '2015-12-07 21:36:05', '2015-12-07 21:30:31', '0', '0', '376', '33', '14', '', null), ('142', '4EAD8BAF-B54E-4BA4-825A-9D60C3E6A8E8', '2015-12-07 21:33:22', '2015-12-07 21:36:05', '2015-12-07 21:30:31', '0', '0', '376', '33', '14', '', null), ('143', '5D5148FE-7A28-41B6-B6EF-1904171AC410', '2015-12-07 21:33:22', '2015-12-07 21:36:05', '2015-12-07 21:30:31', '0', '0', '376', '33', '14', '', null), ('144', '4E9444E3-4583-42EB-9E5C-DED07D24DE23', '2015-12-07 21:33:22', '2015-12-07 21:36:05', '2015-12-07 21:30:31', '0', '0', '376', '33', '14', '', null), ('145', '3FED5520-5752-4F0A-912A-9E7994349757', '2015-12-07 21:33:22', '2015-12-07 21:36:05', '2015-12-07 21:30:31', '0', '0', '376', '33', '14', '', null), ('146', 'F78CDC8F-B8F3-40D2-8DD7-58E0039AB311', '2015-12-07 21:33:22', '2015-12-07 21:36:05', '2015-12-07 21:30:31', '0', '0', '376', '33', '14', '', null), ('147', '8F878121-177B-469E-BC5C-B4D76E8FA7B5', '2015-12-07 21:33:22', '2015-12-07 21:36:05', '2015-12-07 21:30:31', '0', '0', '376', '33', '14', '', null), ('148', '8454FE04-285F-49C8-8D0E-7F25A7DF9606', '2015-12-07 21:33:22', '2015-12-07 21:36:05', '2015-12-07 21:30:31', '0', '0', '376', '33', '14', '', null), ('149', '5325D16D-BFB4-43E5-A79F-FBC53E9A3F96', '2015-12-07 21:33:22', '2015-12-07 21:36:05', '2015-12-07 21:30:31', '0', '0', '376', '33', '14', '', null), ('150', '5F4ACA3A-BC13-49EE-8C94-F51E9CDA4068', '2015-12-07 21:33:22', '2015-12-07 21:36:05', '2015-12-07 21:30:31', '0', '0', '376', '33', '14', '', null), ('151', '4BFB5BCD-2990-4AEC-ADD1-68B94A335A6C', '2015-12-07 21:33:22', '2015-12-07 21:36:05', '2015-12-07 21:30:31', '0', '0', '376', '33', '14', '', null), ('152', '3437DCE7-1425-4319-8176-BCE783721A37', '2015-12-07 21:33:22', '2015-12-07 21:36:05', '2015-12-07 21:30:31', '0', '0', '376', '33', '14', '', null), ('153', 'A7D7B089-9BA5-464F-B7B7-D0FC5DC66AC3', '2015-12-07 21:33:22', '2015-12-07 21:36:05', '2015-12-07 21:30:31', '0', '0', '376', '33', '14', '', null), ('154', 'E78D201B-3660-4D2B-9877-F7A9AC191449', '2015-12-07 21:33:22', '2015-12-07 21:36:05', '2015-12-07 21:30:31', '0', '0', '376', '33', '14', '', null), ('155', 'EAD210E2-18F6-47E0-9FD2-9D85502BC978', '2015-12-07 21:33:22', '2015-12-07 21:36:05', '2015-12-07 21:30:31', '0', '0', '376', '33', '14', '', null), ('156', 'DBEDB776-44A8-4833-ADB1-EEF2467F8601', '2015-12-07 21:33:22', '2015-12-07 21:36:05', '2015-12-07 21:30:31', '0', '0', '376', '33', '14', '', null), ('157', 'F89CF26A-B956-4BCE-B6AB-2E600772C89B', '2015-12-07 21:33:22', '2015-12-07 21:36:05', '2015-12-07 21:30:31', '0', '0', '376', '33', '14', '', null), ('158', '3C0875C0-CD97-4FFB-B755-D674E8E0A89F', '2015-12-07 21:33:22', '2015-12-07 21:36:05', '2015-12-07 21:30:31', '0', '0', '376', '33', '14', '', null), ('159', '1A577351-77B0-4163-804E-CD54AC9D984A', '2015-12-07 21:33:22', '2015-12-07 21:36:05', '2015-12-07 21:30:31', '0', '0', '376', '33', '14', '', null), ('160', 'E534A94A-990F-43F3-9162-FD6582BD4C9C', '2015-12-07 21:33:22', '2015-12-07 21:36:05', '2015-12-07 21:30:31', '0', '0', '376', '33', '14', '', null), ('161', '81FF387A-CE8F-41C4-9DC5-1E70A3496B11', '2015-12-07 21:33:22', '2015-12-07 21:36:05', '2015-12-07 21:30:31', '0', '0', '376', '33', '14', '', null), ('162', '7CD7353F-47C5-419D-A2EB-BCF6BC119D26', '2015-12-07 21:33:22', '2015-12-07 21:36:05', '2015-12-07 21:30:31', '0', '0', '376', '33', '14', '', null), ('163', '7609A647-F62F-4274-8045-3C7F9A979E61', '2015-12-07 21:33:22', '2015-12-07 21:36:05', '2015-12-07 21:30:31', '0', '0', '376', '33', '14', '', null), ('164', 'EF530876-DFC2-407A-95EE-0C8C58294D32', '2015-12-07 21:33:22', '2015-12-07 21:36:05', '2015-12-07 21:30:31', '0', '0', '376', '33', '14', '', null), ('165', 'D3E45C4C-4EB7-4116-B51C-99FC9C5C8889', '2015-12-07 21:33:22', '2015-12-07 21:36:05', '2015-12-07 21:30:31', '0', '0', '376', '33', '14', '', null), ('166', '9E04813A-A070-40A5-B6F5-76FFDD0A6E1C', '2015-12-07 21:33:22', '2015-12-07 21:36:05', '2015-12-07 21:30:31', '0', '0', '376', '33', '14', '', null), ('167', '3A6A5C0D-F77F-412C-ABB4-624305FCFC77', '2015-12-07 21:33:22', '2015-12-07 21:36:05', '2015-12-07 21:30:31', '0', '0', '376', '33', '14', '', null), ('168', '2225BF35-C247-4FF1-AA22-2A801B0D8ADC', '2015-12-07 21:33:22', '2015-12-07 21:36:05', '2015-12-07 21:30:54', '0', '0', '340', '33', '14', '', null), ('169', 'FB999575-A89C-4918-BD17-0D9AB8DC20F6', '2015-12-07 21:33:22', '2015-12-07 21:36:05', '2015-12-07 21:30:54', '0', '0', '340', '33', '14', '', null), ('170', '2FE5A622-3AC3-4392-B003-C2DE1BF4246F', '2015-12-07 21:33:22', '2015-12-07 21:36:05', '2015-12-07 21:30:54', '0', '0', '340', '33', '14', '', null), ('171', 'A9D6EEE6-E29C-4362-B2A5-F2BE3D40B0BD', '2015-12-07 21:33:22', '2015-12-07 21:36:05', '2015-12-07 21:30:54', '0', '0', '340', '33', '14', '', null), ('172', '64E1BA70-1F35-4AF9-A8ED-ECBBD75A58F7', '2015-12-07 21:33:22', '2015-12-07 21:36:05', '2015-12-07 21:30:54', '0', '0', '340', '33', '14', '', null), ('173', '36AD2C54-865A-4822-98FE-B3CDD2BC3430', '2015-12-07 21:33:22', '2015-12-07 21:36:05', '2015-12-07 21:30:54', '0', '0', '340', '33', '14', '', null), ('174', '6AFD09E5-F802-442B-A753-C5831F43927E', '2015-12-07 21:33:22', '2015-12-07 21:36:05', '2015-12-07 21:30:54', '0', '0', '340', '33', '14', '', null), ('175', '4514DA0A-6722-4CCE-8FEE-525C52ADC890', '2015-12-07 21:33:22', '2015-12-07 21:36:05', '2015-12-07 21:30:54', '0', '0', '340', '33', '14', '', null), ('176', '8984F653-559B-41D9-881A-176A456885BB', '2015-12-07 21:33:22', '2015-12-07 21:36:05', '2015-12-07 21:30:54', '0', '0', '340', '33', '14', '', null), ('177', 'ACBEF2C2-0000-4E32-A14B-89CB74524CBF', '2015-12-07 21:33:22', '2015-12-07 21:36:05', '2015-12-07 21:30:54', '0', '0', '340', '33', '14', '', null), ('178', '1E699CE8-6AA4-4ED0-A06C-DB92BF089426', '2015-12-07 21:33:22', '2015-12-07 21:36:05', '2015-12-07 21:30:54', '0', '0', '340', '33', '14', '', null), ('179', '365182F8-05E6-43A7-8716-3FC03E9B0AA3', '2015-12-07 21:33:22', '2015-12-07 21:36:05', '2015-12-07 21:30:54', '0', '0', '340', '33', '14', '', null), ('180', '6EDCA0F9-4E16-48E2-8DE2-66E6353BB4E5', '2015-12-07 21:33:22', '2015-12-07 21:36:05', '2015-12-07 21:30:54', '0', '0', '340', '33', '14', '', null), ('181', 'ECC8390B-BA5C-4374-AEF9-13C191E5403F', '2015-12-07 21:33:22', '2015-12-07 21:36:05', '2015-12-07 21:30:54', '0', '0', '340', '33', '14', '', null), ('182', 'B534D964-5292-48DA-A55D-4EA22D41B052', '2015-12-07 21:33:22', '2015-12-07 21:36:05', '2015-12-07 21:30:54', '0', '0', '340', '33', '14', '', null), ('183', 'E941E178-83CB-436D-851C-1CD3DBCF99F3', '2015-12-07 21:33:22', '2015-12-07 21:36:05', '2015-12-07 21:30:54', '0', '0', '340', '33', '14', '', null), ('184', 'B74509A9-F572-4EB1-ABF2-0E127C82912F', '2015-12-07 21:33:22', '2015-12-07 21:36:05', '2015-12-07 21:30:54', '0', '0', '340', '33', '14', '', null), ('185', 'EFB338CC-C1D9-4615-8015-B71171B4CACF', '2015-12-07 21:33:22', '2015-12-07 21:36:05', '2015-12-07 21:30:54', '0', '0', '340', '33', '14', '', null), ('186', '38536CD9-EABA-49E1-864F-4AF783FDAC43', '2015-12-07 21:33:22', '2015-12-07 21:36:05', '2015-12-07 21:30:54', '0', '0', '340', '33', '14', '', null), ('187', '3ACA16FA-1E9E-4568-8BC1-7D676D71BAAD', '2015-12-07 21:33:22', '2015-12-07 21:36:05', '2015-12-07 21:30:54', '0', '0', '340', '33', '14', '', null), ('188', '06D78FAF-88D3-4696-926F-FD14E3BEDB83', '2015-12-07 21:33:22', '2015-12-07 21:36:05', '2015-12-07 21:30:54', '0', '0', '340', '33', '14', '', null), ('189', '29899ECA-2B8D-4555-BC3D-52749D68719B', '2015-12-07 21:33:22', '2015-12-07 21:36:05', '2015-12-07 21:30:54', '0', '0', '340', '33', '14', '', null), ('190', 'DA07E66F-1D5A-4583-AD44-60CCC29C537D', '2015-12-07 21:33:22', '2015-12-07 21:36:05', '2015-12-07 21:30:54', '0', '0', '340', '33', '14', '', null), ('191', '72E88FC1-3B3C-41BF-859F-53F84D8C2531', '2015-12-07 21:33:22', '2015-12-07 21:36:05', '2015-12-07 21:30:54', '0', '0', '340', '33', '14', '', null), ('192', 'DA89CA71-F32E-422C-A933-07ACD866E2C1', '2015-12-07 21:33:22', '2015-12-07 21:36:05', '2015-12-07 21:30:54', '0', '0', '340', '33', '14', '', null), ('193', 'E60F34C6-1E50-459A-B587-ACD7E9644507', '2015-12-07 21:33:22', '2015-12-07 21:36:05', '2015-12-07 21:30:54', '0', '0', '340', '33', '14', '', null), ('194', '7137BF45-0959-4CAF-B6AB-AAF5E75A9187', '2015-12-07 21:33:22', '2015-12-07 21:36:05', '2015-12-07 21:30:54', '0', '0', '340', '33', '14', '', null), ('195', '74EDF385-CD0B-43A4-8D9C-5B7EF3471533', '2015-12-07 21:33:22', '2015-12-07 21:36:05', '2015-12-07 21:30:54', '0', '0', '340', '33', '14', '', null), ('196', '460F3FC6-C863-41C5-980E-D43BFFE469CB', '2015-12-07 21:33:22', '2015-12-07 21:36:05', '2015-12-07 21:30:54', '0', '0', '340', '33', '14', '', null), ('197', 'AD70676C-0949-45B7-A5FE-9C8103A09758', '2015-12-07 21:33:22', '2015-12-07 21:36:05', '2015-12-07 21:30:54', '0', '0', '340', '33', '14', '', null), ('198', '044D75E6-A002-4217-BC7A-E26AEAED1715', '2015-12-07 21:33:22', '2015-12-07 21:36:05', '2015-12-07 21:30:54', '0', '0', '340', '33', '14', '', null), ('199', '8905D88B-A936-4FFC-8984-E6F304297B35', '2015-12-07 21:33:22', '2015-12-07 21:36:05', '2015-12-07 21:30:54', '0', '0', '340', '33', '14', '', null), ('200', 'FE23B1AE-DDB0-4E1E-BA6B-7E2A6DED89F7', '2015-12-07 21:33:22', '2015-12-07 21:36:05', '2015-12-07 21:30:54', '0', '0', '340', '33', '14', '', null), ('201', '190BCFBB-D25E-4087-9AD2-BCF3D8981E17', '2015-12-07 21:33:22', '2015-12-07 21:36:05', '2015-12-07 21:30:54', '0', '0', '340', '33', '14', '', null), ('202', 'B2852825-E045-4A5C-882C-7AD71441FB66', '2015-12-07 21:33:23', '2015-12-07 21:36:05', '2015-12-07 21:30:54', '0', '0', '340', '33', '14', '', null), ('203', 'A21E73F0-6415-4812-9537-8D5416EA1020', '2015-12-07 21:33:23', '2015-12-07 21:36:05', '2015-12-07 21:30:54', '0', '0', '340', '33', '14', '', null), ('204', '896544BE-F9DB-4E54-B514-3FA6D61BE8D0', '2015-12-07 21:33:23', '2015-12-07 21:36:05', '2015-12-07 21:30:54', '0', '0', '340', '33', '14', '', null), ('205', 'B0F126C0-9960-45B0-AE05-0964487E2154', '2015-12-07 21:33:23', '2015-12-07 21:36:05', '2015-12-07 21:30:54', '0', '0', '340', '33', '14', '', null), ('206', '1EEB4457-C014-4D74-B655-3F76BE0DF3FF', '2015-12-07 21:33:23', '2015-12-07 21:36:05', '2015-12-07 21:30:54', '0', '0', '340', '33', '14', '', null), ('207', '40E362D9-CCBB-4255-9FA3-EFD40303EE60', '2015-12-07 21:33:23', '2015-12-07 21:36:05', '2015-12-07 21:30:54', '0', '0', '340', '33', '14', '', null), ('208', 'DE59AD0E-7FCB-4DC9-9B5E-541FFC39593C', '2015-12-07 21:33:23', '2015-12-07 21:36:05', '2015-12-07 21:30:54', '0', '0', '340', '33', '14', '', null), ('209', '714870C4-F5E3-4B1F-A056-77238B87BD2F', '2015-12-07 21:33:23', '2015-12-07 21:36:05', '2015-12-07 21:30:54', '0', '0', '340', '33', '14', '', null), ('210', '068E938A-2A5B-46E9-B8C1-0E658DE738A2', '2015-12-07 21:33:23', '2015-12-07 21:36:05', '2015-12-07 21:30:54', '0', '0', '340', '33', '14', '', null), ('211', '878CAE1E-9CD6-414A-A275-320C1823B38B', '2015-12-07 21:33:23', '2015-12-07 21:36:05', '2015-12-07 21:30:54', '0', '0', '340', '33', '14', '', null), ('212', '3924FF94-F3FF-40F0-9CF7-9987CFC0E607', '2015-12-07 21:33:23', '2015-12-07 21:36:05', '2015-12-07 21:30:54', '0', '0', '340', '33', '14', '', null), ('213', 'CE2FEE31-70DB-4BA0-8DEC-E1183424CDE9', '2015-12-07 21:33:23', '2015-12-07 21:36:05', '2015-12-07 21:30:54', '0', '0', '340', '33', '14', '', null), ('214', '3858EBB4-3BC9-4BEA-8692-E56ACAD4D97E', '2015-12-07 21:33:23', '2015-12-07 21:36:05', '2015-12-07 21:30:54', '0', '0', '340', '33', '14', '', null), ('215', '4BA4F25B-BF95-4014-B09D-7EF8F454604B', '2015-12-07 21:33:23', '2015-12-07 21:36:05', '2015-12-07 21:30:54', '0', '0', '340', '33', '14', '', null), ('216', 'FF8718DE-57D0-4632-8F06-95BF39A0B027', '2015-12-07 21:33:23', '2015-12-07 21:36:05', '2015-12-07 21:30:54', '0', '0', '340', '33', '14', '', null), ('217', 'F281802A-FE63-4C34-B092-51E71A6B681A', '2015-12-07 21:33:23', '2015-12-07 21:36:05', '2015-12-07 21:30:54', '0', '0', '340', '33', '14', '', null), ('218', '014CDCC1-4B4C-4982-AEE6-4906DB67C5CB', '2015-12-07 21:33:23', '2015-12-07 21:36:05', '2015-12-07 21:30:54', '0', '0', '340', '33', '14', '', null), ('219', '8B352EB1-EB6C-4908-819B-C22E27825EB7', '2015-12-07 21:33:23', '2015-12-07 21:36:34', '2015-12-07 21:31:15', '0', '0', '364', '33', '13', '', null), ('220', '473BD35F-8714-4389-995E-827D57C8FE45', '2015-12-07 21:33:23', '2015-12-07 21:36:34', '2015-12-07 21:31:15', '0', '0', '364', '33', '13', '', null), ('221', '5A28BDC8-FE33-4312-AFAD-48908739B8B6', '2015-12-07 21:33:23', '2015-12-07 21:36:34', '2015-12-07 21:31:15', '0', '0', '364', '33', '13', '', null), ('222', 'EAAA8721-1FA3-4F29-A137-3700032ECDCA', '2015-12-07 21:33:23', '2015-12-07 21:36:34', '2015-12-07 21:31:15', '0', '0', '364', '33', '13', '', null), ('223', 'A2974F1D-1987-4E28-A4AB-778BA51C56A4', '2015-12-07 21:33:23', '2015-12-07 21:36:34', '2015-12-07 21:31:15', '0', '0', '364', '33', '13', '', null), ('224', '59EF0AAD-8187-4E50-A15C-D577F77E84CB', '2015-12-07 21:33:23', '2015-12-07 21:36:34', '2015-12-07 21:31:15', '0', '0', '364', '33', '13', '', null), ('225', 'F197B3D9-5985-4BE5-A8A1-80BDD265C86D', '2015-12-07 21:33:23', '2015-12-07 21:36:34', '2015-12-07 21:31:15', '0', '0', '364', '33', '13', '', null), ('226', 'E492534E-2A86-4A18-AAE2-D34A5583015D', '2015-12-07 21:33:23', '2015-12-07 21:36:34', '2015-12-07 21:31:15', '0', '0', '364', '33', '13', '', null), ('227', '6BC9065D-D6FC-4D53-A9D9-4E16F67AD892', '2015-12-07 21:33:23', '2015-12-07 21:36:34', '2015-12-07 21:31:15', '0', '0', '364', '33', '13', '', null), ('228', 'FDE3D8D7-4A57-4B46-9F4F-A3FFD521451B', '2015-12-07 21:33:23', '2015-12-07 21:36:34', '2015-12-07 21:31:15', '0', '0', '364', '33', '13', '', null), ('229', 'B37C9F80-96E9-4638-BBAC-901B8F25B97D', '2015-12-07 21:33:23', '2015-12-07 21:36:34', '2015-12-07 21:31:15', '0', '0', '364', '33', '13', '', null), ('230', 'E7884C85-5AA6-4302-8F11-C4D720F0D2A7', '2015-12-07 21:33:23', '2015-12-07 21:36:34', '2015-12-07 21:31:15', '0', '0', '364', '33', '13', '', null), ('231', 'C8D050C2-388A-4C14-A0C9-0874B77B4B24', '2015-12-07 21:33:23', '2015-12-07 21:36:34', '2015-12-07 21:31:15', '0', '0', '364', '33', '13', '', null), ('232', '0F5E43AE-8029-419B-AF4A-EF5BEBF992E2', '2015-12-07 21:33:23', '2015-12-07 21:36:34', '2015-12-07 21:31:15', '0', '0', '364', '33', '13', '', null), ('233', '7B30C52F-0921-45A7-8F5E-1290B90700B1', '2015-12-07 21:33:23', '2015-12-07 21:36:34', '2015-12-07 21:31:15', '0', '0', '364', '33', '13', '', null), ('234', 'C3E95577-E249-4681-AC0B-AE76B3553A0B', '2015-12-07 21:33:23', '2015-12-07 21:36:34', '2015-12-07 21:31:15', '0', '0', '364', '33', '13', '', null), ('235', '986BD763-171D-4FA3-964B-9E174922E900', '2015-12-07 21:33:23', '2015-12-07 21:36:34', '2015-12-07 21:31:15', '0', '0', '364', '33', '13', '', null), ('236', '6B46C553-1C26-4650-87BF-296233E5446A', '2015-12-07 21:33:23', '2015-12-07 21:36:34', '2015-12-07 21:31:15', '0', '0', '364', '33', '13', '', null), ('237', 'F2204CF2-CE75-477A-A50F-97C90C8BB943', '2015-12-07 21:33:23', '2015-12-07 21:36:34', '2015-12-07 21:31:15', '0', '0', '364', '33', '13', '', null), ('238', '8520EB3C-4266-4682-9196-252DB1006974', '2015-12-07 21:33:23', '2015-12-07 21:36:34', '2015-12-07 21:31:15', '0', '0', '364', '33', '13', '', null), ('239', 'EBFF7A21-025C-4325-9991-22EB638BAA96', '2015-12-07 21:41:34', '2015-12-08 15:01:37', '2015-12-07 21:50:13', '0', '0', '332', '2', '30', '', null), ('240', '362C1B26-0107-42AF-8BAB-ABB979EB0CE0', '2015-12-07 21:41:34', '2015-12-08 15:01:37', '2015-12-07 21:50:13', '0', '0', '332', '2', '30', '', null), ('241', '8C39B2DA-18DD-4FE3-ADE1-F119455AA689', '2015-12-07 21:41:34', '2015-12-08 15:01:37', '2015-12-07 21:50:13', '0', '0', '332', '2', '30', '', null), ('242', '5A222857-BD5D-4901-A4DF-A2B34FE7CFE0', '2015-12-07 21:41:34', '2015-12-08 15:01:37', '2015-12-07 21:50:13', '0', '0', '332', '2', '30', '', null), ('243', '68935D1E-10A8-4968-8DD3-2C32F249FEE6', '2015-12-07 21:41:34', '2015-12-08 15:01:37', '2015-12-07 21:50:13', '0', '0', '332', '2', '30', '', null), ('244', 'CA6FE9CF-3316-4974-B400-AFA4430E9B22', '2015-12-07 21:41:34', '2015-12-08 15:01:37', '2015-12-07 21:50:13', '0', '0', '332', '2', '30', '', null), ('245', 'BAC49FC9-244E-4263-BDEC-56EBACCB4BFB', '2015-12-07 21:41:34', '2015-12-08 15:01:37', '2015-12-07 21:50:13', '0', '0', '332', '2', '30', '', null), ('246', '755A00AA-6B1A-4472-9F85-78460AA1E697', '2015-12-07 21:41:34', '2015-12-08 15:01:37', '2015-12-07 21:50:13', '0', '0', '332', '2', '30', '', null), ('247', 'B1BB1327-264C-4340-8FEA-90B73E70BF83', '2015-12-07 21:41:34', '2015-12-08 15:01:37', '2015-12-07 21:50:13', '0', '0', '332', '2', '30', '', null), ('248', '96E02D2A-DB60-4925-91A8-4E182693B897', '2015-12-07 21:41:34', '2015-12-08 15:01:37', '2015-12-07 21:50:13', '0', '0', '332', '2', '30', '', null), ('249', '6396212D-D60C-42FA-964D-49E9CB7A0DE5', '2015-12-07 21:41:34', '2015-12-08 15:01:37', '2015-12-07 21:50:13', '0', '0', '332', '2', '30', '', null), ('250', 'C46A04D8-A801-420F-8DEE-B380207B9269', '2015-12-07 21:41:34', '2015-12-08 15:01:37', '2015-12-07 21:50:13', '0', '0', '332', '2', '30', '', null), ('251', '588EE540-54AE-4B64-8E25-43484A281FF1', '2015-12-07 21:41:34', '2015-12-08 15:01:37', '2015-12-07 21:50:13', '0', '0', '332', '2', '30', '', null), ('252', '10AC82B3-C7AA-494F-8211-B6DF6052835E', '2015-12-07 21:41:34', '2015-12-08 15:01:37', '2015-12-07 21:50:13', '0', '0', '332', '2', '30', '', null), ('253', '24BA70FC-3A16-4288-A0F0-26BD3F5099D9', '2015-12-07 21:41:34', '2015-12-08 15:01:37', '2015-12-07 21:50:13', '0', '0', '332', '2', '30', '', null), ('254', '8B3BF9D7-43B9-4401-8F77-B17B446A75AB', '2015-12-07 21:41:34', '2015-12-08 15:01:37', '2015-12-07 21:50:13', '0', '0', '332', '2', '30', '', null), ('255', 'C0A7D631-59D5-4585-8369-37C730D2FEF7', '2015-12-07 21:41:34', '2015-12-08 15:01:37', '2015-12-07 21:50:13', '0', '0', '332', '2', '30', '', null), ('256', 'BC209E5F-9258-4DAC-B640-0EAB81C0F1A4', '2015-12-07 21:41:34', '2015-12-08 15:01:37', '2015-12-07 21:50:13', '0', '0', '332', '2', '30', '', null), ('257', '847AAF2D-31CE-4CD4-B68B-242260A05896', '2015-12-07 21:41:34', '2015-12-08 15:01:37', '2015-12-07 21:50:13', '0', '0', '332', '2', '30', '', null), ('258', '35D2307B-37F7-41EE-8851-84BA09FA3E8E', '2015-12-07 21:41:34', '2015-12-08 15:01:37', '2015-12-07 21:50:13', '0', '0', '332', '2', '30', '', null), ('259', '7EE86E07-AF59-4BFD-AABF-96C0E2DDDE11', '2015-12-07 21:41:34', '2015-12-08 15:01:37', '2015-12-07 21:50:13', '0', '0', '332', '2', '30', '', null), ('260', '298C16A5-4D07-4FF2-BA37-D518B7E909BA', '2015-12-07 21:41:34', '2015-12-08 15:01:37', '2015-12-07 21:50:13', '0', '0', '332', '2', '30', '', null), ('261', '95EDF688-EC34-4B2D-A7FE-CA3C0FC442C6', '2015-12-07 21:41:34', '2015-12-08 15:01:37', '2015-12-07 21:50:13', '0', '0', '332', '2', '30', '', null), ('262', '1147F658-931F-4771-8640-7054F15F4368', '2015-12-08 04:39:35', '2015-12-08 05:06:09', '2015-12-08 04:37:56', '0', '0', '289', '30', '22', 'Overjoyed! Mesa! G\n', '19'), ('263', 'D2B12ABF-7669-4F2E-88EE-5D45F6A478CC', '2015-12-08 04:39:35', '2015-12-08 05:06:09', '2015-12-08 04:37:56', '0', '0', '289', '30', '22', 'Overjoyed! Mesa! G\n', '19'), ('264', '3F577FAA-E203-4A8F-82B8-872BBD2AD983', '2015-12-08 13:46:58', '2015-12-08 13:46:58', '2015-12-08 13:38:14', '0', '0', '395', '35', '34', '', null), ('265', 'DE50243C-96BF-452E-AC2F-EE2397D503AF', '2015-12-08 13:46:58', '2015-12-08 13:46:58', '2015-12-08 13:38:14', '0', '0', '395', '35', '34', '', null), ('266', 'A275E86C-4011-4A56-86BF-55F1A55E876D', '2015-12-08 13:46:58', '2015-12-08 13:46:58', '2015-12-08 13:38:14', '0', '0', '395', '35', '34', '', null), ('267', 'CD6D432C-D03B-4830-888E-1C70ED81B17D', '2015-12-08 13:46:58', '2015-12-08 13:46:58', '2015-12-08 13:38:14', '0', '0', '395', '35', '34', '', null), ('268', '6F85D956-A06A-48BC-B8DA-DBF01322AA71', '2015-12-08 13:46:58', '2015-12-08 13:46:58', '2015-12-08 13:38:14', '0', '0', '395', '35', '34', '', null), ('269', 'ECE5275D-E13F-4171-996B-F58D07195A40', '2015-12-08 13:46:58', '2015-12-08 13:46:58', '2015-12-08 13:38:14', '0', '0', '395', '35', '34', '', null), ('270', 'CCE84250-F518-4EBA-9B5F-DFB308F00604', '2015-12-08 13:46:58', '2015-12-08 13:46:58', '2015-12-08 13:38:22', '0', '0', '398', '35', '35', '', null), ('271', '27762029-58DD-4D31-BC68-5BD02B805493', '2015-12-08 13:46:58', '2015-12-08 13:46:58', '2015-12-08 13:38:22', '0', '0', '398', '35', '35', '', null), ('272', '390AE0FC-6744-4714-8540-038AA0EBB0C8', '2015-12-08 13:46:58', '2015-12-08 13:46:58', '2015-12-08 13:38:22', '0', '0', '398', '35', '35', '', null), ('273', 'B682AB92-411E-4166-967E-7D46C728C2B7', '2015-12-08 13:46:58', '2015-12-08 13:46:58', '2015-12-08 13:38:22', '0', '0', '398', '35', '35', '', null), ('274', '6F53E6B0-32BF-46A1-942D-02FEEE18F3D4', '2015-12-08 13:46:58', '2015-12-08 13:46:58', '2015-12-08 13:38:30', '0', '0', '399', '35', '36', '', null), ('275', 'B460E960-2AC5-4958-A33E-DC46F2C84BF3', '2015-12-08 13:46:58', '2015-12-08 13:46:58', '2015-12-08 13:38:30', '0', '0', '399', '35', '36', '', null), ('276', '05BE0F5A-52D4-4AF9-B920-9B649871CF57', '2015-12-08 13:46:58', '2015-12-08 13:46:58', '2015-12-08 13:38:30', '0', '0', '399', '35', '36', '', null), ('277', 'AE40835B-BA93-4462-8DD0-EAFC1F1F37B9', '2015-12-08 13:46:58', '2015-12-08 13:46:58', '2015-12-08 13:38:30', '0', '0', '399', '35', '36', '', null), ('278', '77B78559-8829-44B8-9FDA-B3D686CBD559', '2015-12-08 13:46:58', '2015-12-08 13:46:58', '2015-12-08 13:38:30', '0', '0', '399', '35', '36', '', null), ('279', '445EF04E-C8BF-425C-ADFC-04AC90D4A7F4', '2015-12-08 13:46:58', '2015-12-08 13:46:58', '2015-12-08 13:38:30', '0', '0', '399', '35', '36', '', null), ('280', '108F8E44-6C11-46F6-8EC0-97E9AB87866A', '2015-12-08 13:46:58', '2015-12-08 13:46:58', '2015-12-08 13:38:30', '0', '0', '399', '35', '36', '', null), ('281', '85AB681A-3636-47BB-B8D8-E3FB3C4D1BC3', '2015-12-08 13:46:58', '2015-12-08 13:46:58', '2015-12-08 13:38:39', '0', '0', '395', '35', '30', '', null), ('282', '377FF1C2-529A-4888-8C4D-FD1E23F2E65A', '2015-12-08 13:46:58', '2015-12-08 13:46:58', '2015-12-08 13:38:39', '0', '0', '395', '35', '30', '', null), ('283', '2ED0B24E-DEE1-4919-9DEC-A975D7B2BC4E', '2015-12-08 13:48:54', '2015-12-08 14:08:49', '2015-12-08 13:46:56', '0', '0', '398', '35', '35', '', null), ('284', 'C31322BE-9054-4D11-978E-AD38E2AE0A06', '2015-12-08 13:48:54', '2015-12-08 14:08:49', '2015-12-08 13:47:20', '0', '0', '395', '35', '35', '', null), ('285', '410D03E6-71E9-4BF1-96D3-437EBD17FDEF', '2015-12-08 14:56:00', '2015-12-08 14:56:00', '2015-12-08 14:39:12', '0', '0', '399', '35', '34', '', null), ('286', 'C9BF1497-78A7-4B0A-A7F2-FE4FA3CADB46', '2015-12-08 14:56:00', '2015-12-08 14:56:00', '2015-12-08 14:39:12', '0', '0', '399', '35', '34', '', null), ('287', 'FC20B91F-9662-4886-B784-EE3FCE712032', '2015-12-08 14:56:00', '2015-12-08 14:56:00', '2015-12-08 14:39:12', '0', '0', '399', '35', '34', '', null), ('288', '0BBE7C4A-CE97-40BF-8CCA-9A974698F08D', '2015-12-08 14:56:00', '2015-12-08 14:56:00', '2015-12-08 14:39:12', '0', '0', '399', '35', '34', '', null), ('289', '823C114D-B565-4A10-A2AA-62150159A33B', '2015-12-08 14:56:00', '2015-12-08 14:56:00', '2015-12-08 14:39:12', '0', '0', '399', '35', '34', '', null), ('290', '8BFEFFDC-A44F-494E-B6B1-FB64872A585F', '2015-12-08 14:56:00', '2015-12-08 14:56:00', '2015-12-08 14:39:12', '0', '0', '399', '35', '34', '', null), ('291', '2DFE4906-9E36-42BE-8F61-9528C70FD4E2', '2015-12-08 14:56:00', '2015-12-08 14:56:00', '2015-12-08 14:39:12', '0', '0', '399', '35', '34', '', null), ('292', 'FF2B9042-AC8F-4D68-BD00-291EEA7F0940', '2015-12-08 14:56:00', '2015-12-08 14:56:00', '2015-12-08 14:39:12', '0', '0', '399', '35', '34', '', null), ('293', 'F6BCD6BB-EDF1-45CE-A725-FCF9CA358EDA', '2015-12-08 14:56:00', '2015-12-08 14:56:00', '2015-12-08 14:39:12', '0', '0', '399', '35', '34', '', null), ('294', 'C9E39BFE-A739-4085-AC79-7B00E3A21643', '2015-12-08 14:56:00', '2015-12-08 14:56:00', '2015-12-08 14:39:12', '0', '0', '399', '35', '34', '', null), ('295', '44BAAF2D-2059-4EE6-A356-1774486E7EFB', '2015-12-08 14:56:00', '2015-12-08 14:56:00', '2015-12-08 14:39:12', '0', '0', '399', '35', '34', '', null), ('296', '960BB769-6903-44AA-A5AA-633C998E79CF', '2015-12-08 14:56:00', '2015-12-08 14:56:00', '2015-12-08 14:39:12', '0', '0', '399', '35', '34', '', null), ('297', '4487D551-9A26-4586-B3B8-E274EDE3E090', '2015-12-08 14:56:00', '2015-12-08 14:56:00', '2015-12-08 14:39:12', '0', '0', '399', '35', '34', '', null), ('298', '15D35A47-8B8D-4A12-B101-7F43CEF8ABEA', '2015-12-08 14:56:00', '2015-12-08 14:56:00', '2015-12-08 14:39:12', '0', '0', '399', '35', '34', '', null), ('299', '8F4CA2E0-BF4E-46EE-8449-80E16CF325E3', '2015-12-08 14:56:00', '2015-12-08 14:56:00', '2015-12-08 14:39:12', '0', '0', '399', '35', '34', '', null), ('300', 'EBC5965D-0891-4AE4-B13C-40CB3C72C822', '2015-12-08 14:56:00', '2015-12-08 14:56:00', '2015-12-08 14:39:13', '0', '0', '399', '35', '34', '', null), ('301', 'A15871A4-CBAA-42F0-865C-2AE5F27DE96B', '2015-12-08 14:56:00', '2015-12-08 14:56:00', '2015-12-08 14:39:13', '0', '0', '399', '35', '34', '', null), ('302', '1D8BAADF-0ED1-4D5D-8D50-98CA4432F756', '2015-12-08 14:56:00', '2015-12-08 14:56:00', '2015-12-08 14:39:13', '0', '0', '399', '35', '34', '', null), ('303', '4E865F7C-B02C-4AEA-BDFD-8B6D4E5EB5A4', '2015-12-08 14:56:00', '2015-12-08 14:56:00', '2015-12-08 14:39:13', '0', '0', '399', '35', '34', '', null), ('304', 'DE513A33-4AE8-463F-8BAB-5D4CB66592D0', '2015-12-08 14:56:00', '2015-12-08 14:56:00', '2015-12-08 14:39:13', '0', '0', '399', '35', '34', '', null), ('305', '6116E248-DC6C-4EC5-B0A3-C2872FF07560', '2015-12-08 14:56:00', '2015-12-08 14:56:00', '2015-12-08 14:39:13', '0', '0', '399', '35', '34', '', null), ('306', 'CE316FD8-EAC8-4300-89FE-7E6F8FCA5A84', '2015-12-08 14:56:00', '2015-12-08 14:56:00', '2015-12-08 14:40:03', '0', '0', '398', '35', '36', '', null), ('307', '4E4DFD11-F3C4-44DD-9B08-497C0A273925', '2015-12-08 14:56:00', '2015-12-08 14:56:00', '2015-12-08 14:40:03', '0', '0', '398', '35', '36', '', null), ('308', '865642EA-F681-4A7B-857B-ABE55AD9E90F', '2015-12-08 14:56:00', '2015-12-08 14:56:00', '2015-12-08 14:40:03', '0', '0', '398', '35', '36', '', null), ('309', '7B17B028-DB18-424A-8FDE-3D8F9EEFAF9B', '2015-12-08 14:56:00', '2015-12-08 14:56:00', '2015-12-08 14:40:03', '0', '0', '398', '35', '36', '', null), ('310', 'C5E5A3D7-831A-419D-9E29-1DF6586EFA7A', '2015-12-08 14:56:00', '2015-12-08 14:56:00', '2015-12-08 14:40:03', '0', '0', '398', '35', '36', '', null), ('311', '38DC1814-6F56-4F85-9E5C-0A076426287C', '2015-12-08 14:56:00', '2015-12-08 14:56:00', '2015-12-08 14:40:03', '0', '0', '398', '35', '36', '', null), ('312', '7F70D9AE-73A0-49E6-8161-11F230290100', '2015-12-08 14:56:00', '2015-12-08 14:56:00', '2015-12-08 14:40:03', '0', '0', '398', '35', '36', '', null), ('313', '4193CAEC-3FD2-4CF8-BB4B-6E6F6BDAD63E', '2015-12-08 14:56:00', '2015-12-08 14:56:00', '2015-12-08 14:40:03', '0', '0', '398', '35', '36', '', null), ('314', 'AF194197-3008-47FB-B7B5-9AAD36470492', '2015-12-08 14:56:00', '2015-12-08 14:56:00', '2015-12-08 14:40:03', '0', '0', '398', '35', '36', '', null), ('315', '5DA66854-772D-404B-8D6C-30EE67DC1637', '2015-12-08 14:56:00', '2015-12-08 14:56:00', '2015-12-08 14:40:03', '0', '0', '398', '35', '36', '', null), ('316', '5FEDDB89-8163-44F0-9E48-48F817AA9C1E', '2015-12-08 14:56:00', '2015-12-08 14:56:00', '2015-12-08 14:40:03', '0', '0', '398', '35', '36', '', null), ('317', 'B7E2C76F-F8E1-45EB-B0BB-44ACC97787AE', '2015-12-08 14:56:00', '2015-12-08 14:56:00', '2015-12-08 14:40:03', '0', '0', '398', '35', '36', '', null), ('318', 'D336BD91-8FD2-4C03-9120-AB8B209D5400', '2015-12-08 14:56:00', '2015-12-08 14:56:00', '2015-12-08 14:40:03', '0', '0', '398', '35', '36', '', null), ('319', '25D61AA0-52E0-49C6-BDF0-844FAD8F12A2', '2015-12-08 14:56:00', '2015-12-08 14:56:00', '2015-12-08 14:40:03', '0', '0', '398', '35', '36', '', null), ('320', '23CBB0AC-63BB-4842-B0C2-DA02A5C3A107', '2015-12-08 14:56:00', '2015-12-08 14:56:00', '2015-12-08 14:40:03', '0', '0', '398', '35', '36', '', null), ('321', '155C67B5-9A5C-4655-BDF0-5DBB0A461528', '2015-12-08 14:56:00', '2015-12-08 14:56:00', '2015-12-08 14:40:03', '0', '0', '398', '35', '36', '', null), ('322', '25AFE9A4-D175-44DE-93EE-E352ECB5E2FF', '2015-12-08 14:56:00', '2015-12-08 14:56:00', '2015-12-08 14:40:03', '0', '0', '398', '35', '36', '', null), ('323', 'E17FCA89-2C71-465E-9904-97506FBCFE2A', '2015-12-08 14:56:00', '2015-12-08 14:56:00', '2015-12-08 14:40:03', '0', '0', '398', '35', '36', '', null), ('324', '7ED280D1-904C-47F9-8B3E-25C2CC5CCE71', '2015-12-08 14:56:00', '2015-12-08 14:56:00', '2015-12-08 14:40:03', '0', '0', '398', '35', '36', '', null), ('325', '8A423EC1-B5E7-4CFA-B742-62B763E77637', '2015-12-08 14:56:00', '2015-12-08 14:56:00', '2015-12-08 14:40:03', '0', '0', '398', '35', '36', '', null), ('326', 'FBB00747-3030-4F0A-8422-98A145DE22C4', '2015-12-08 14:56:00', '2015-12-08 14:56:00', '2015-12-08 14:40:03', '0', '0', '398', '35', '36', '', null), ('327', 'AB6A734C-9FD4-4532-933B-E7EF1A781D0B', '2015-12-08 14:56:00', '2015-12-08 14:56:00', '2015-12-08 14:40:03', '0', '0', '398', '35', '36', '', null), ('328', '191FD9BE-4313-43B1-8E8A-58407296E3A8', '2015-12-08 14:56:00', '2015-12-08 14:56:00', '2015-12-08 14:40:03', '0', '0', '398', '35', '36', '', null), ('329', 'A49CA5BF-2FB9-4432-A672-7A3927E7B4F9', '2015-12-08 14:56:00', '2015-12-08 14:56:00', '2015-12-08 14:40:03', '0', '0', '398', '35', '36', '', null), ('330', 'AEBCB8F8-C70D-4A84-99E5-125ACB33FCC9', '2015-12-08 14:56:00', '2015-12-08 14:56:00', '2015-12-08 14:40:03', '0', '0', '398', '35', '36', '', null), ('331', '78DD80BC-A60B-4082-81DF-2D5B24D15D75', '2015-12-08 14:56:00', '2015-12-08 14:56:00', '2015-12-08 14:40:03', '0', '0', '398', '35', '36', '', null), ('332', 'D83905D9-FA3E-4F64-9FA8-A1EC6874EF48', '2015-12-08 14:56:00', '2015-12-08 14:56:00', '2015-12-08 14:40:03', '0', '0', '398', '35', '36', '', null), ('333', '14F41DA1-51F8-406D-8303-34815EDD19AF', '2015-12-08 14:56:00', '2015-12-08 14:56:00', '2015-12-08 14:40:03', '0', '0', '398', '35', '36', '', null), ('334', 'BDAF5D0F-2E43-46E6-BC91-E5FF95A3747F', '2015-12-08 14:56:00', '2015-12-08 14:56:00', '2015-12-08 14:40:03', '0', '0', '398', '35', '36', '', null), ('335', '10EBC2AE-6E03-482A-A244-C4DC2DD32E94', '2015-12-08 14:56:00', '2015-12-08 14:56:00', '2015-12-08 14:40:03', '0', '0', '398', '35', '36', '', null), ('336', 'A8DB3178-A556-43CB-901A-59043A5F3F1E', '2015-12-08 14:56:00', '2015-12-08 14:56:00', '2015-12-08 14:40:03', '0', '0', '398', '35', '36', '', null), ('337', '4E8E3A00-A12D-48F8-B810-F49FC907ECA1', '2015-12-08 15:11:05', '2015-12-08 15:20:34', '2015-12-08 15:14:38', '0', '0', '399', '35', '35', '', '39'), ('338', 'C92227CC-CA98-495F-871F-1AF83ABBEF43', '2015-12-08 15:11:05', '2015-12-08 15:20:34', '2015-12-08 15:14:38', '0', '0', '399', '35', '35', '', '39'), ('339', '07B43526-355A-4726-B648-72E548B057FD', '2015-12-08 15:11:05', '2015-12-08 15:20:34', '2015-12-08 15:14:38', '0', '0', '399', '35', '35', '', '39'), ('340', '15589C8E-BF1F-4E9B-813C-D29C5C606B79', '2015-12-08 15:11:05', '2015-12-08 15:20:34', '2015-12-08 15:14:38', '0', '0', '399', '35', '35', '', '39'), ('341', '0FA32A28-A869-430C-A9FA-755317FAA312', '2015-12-08 15:11:05', '2015-12-08 15:20:34', '2015-12-08 15:14:38', '0', '0', '399', '35', '35', '', '39'), ('342', '89EE40EB-BA61-4E78-8864-96D83B416FA7', '2015-12-08 15:11:05', '2015-12-08 15:20:34', '2015-12-08 15:14:38', '0', '0', '399', '35', '35', '', '39'), ('343', 'B59DF99E-8881-4CB1-A0B0-630C2D92DE11', '2015-12-08 15:11:05', '2015-12-08 15:20:34', '2015-12-08 15:14:38', '0', '0', '399', '35', '35', '', '39'), ('344', '10730EE6-1087-4F54-8453-05AE11AE1B3D', '2015-12-08 15:11:05', '2015-12-08 15:20:34', '2015-12-08 15:14:38', '0', '0', '399', '35', '35', '', '39'), ('345', 'B513C1B4-C118-44A4-9B95-A7248E2771E6', '2015-12-08 15:11:05', '2015-12-08 15:20:34', '2015-12-08 15:14:38', '0', '0', '399', '35', '35', '', '39'), ('346', 'C3376354-F7C5-4ED3-992E-BD47F9EFA42F', '2015-12-08 15:11:05', '2015-12-08 15:20:34', '2015-12-08 15:14:38', '0', '0', '399', '35', '35', '', '39'), ('347', 'F71CB098-6391-47CA-8C93-6394F6B35624', '2015-12-08 15:20:34', '2015-12-08 15:39:57', '2015-12-08 15:37:52', '0', '0', '395', '35', '30', '', null), ('348', '122BE85E-6D0D-49F1-8EE0-1B431105B272', '2015-12-08 15:20:34', '2015-12-08 15:39:57', '2015-12-08 15:37:52', '0', '0', '395', '35', '30', '', null), ('349', 'FB4D5249-EE6B-4358-8407-E9136DF39A64', '2015-12-08 15:20:34', '2015-12-08 15:39:57', '2015-12-08 15:37:52', '0', '0', '395', '35', '30', '', null), ('350', 'D9F9BBD4-7A91-49E3-8896-FEFE34162048', '2015-12-08 15:20:34', '2015-12-08 15:39:57', '2015-12-08 15:37:52', '0', '0', '395', '35', '30', '', null), ('351', '6202CD87-4403-4800-BC28-E58DD69E8C79', '2015-12-08 15:20:34', '2015-12-08 15:39:57', '2015-12-08 15:37:52', '0', '0', '395', '35', '30', '', null), ('352', '31A738AB-9578-4F17-93AA-F4EEAD861B6B', '2015-12-08 15:20:34', '2015-12-08 15:39:57', '2015-12-08 15:37:52', '0', '0', '395', '35', '30', '', null), ('353', '432BC266-E270-4802-97E6-34E4D4A287AC', '2015-12-08 15:20:34', '2015-12-08 15:39:57', '2015-12-08 15:37:52', '0', '0', '395', '35', '30', '', null), ('354', '359469D0-852E-4E56-91E3-64758B106E1D', '2015-12-08 15:20:34', '2015-12-08 15:39:57', '2015-12-08 15:37:52', '0', '0', '395', '35', '30', '', null), ('355', '63CD6CEA-7250-4279-8619-D8AAA8354804', '2015-12-08 15:20:34', '2015-12-08 15:39:57', '2015-12-08 15:37:52', '0', '0', '395', '35', '30', '', null), ('356', '0CAEBDEC-8FA1-4240-B2F4-1A903D6B518F', '2015-12-08 15:20:34', '2015-12-08 15:39:57', '2015-12-08 15:37:52', '0', '0', '395', '35', '30', '', null), ('357', 'ADD9DA3A-597E-48B5-B4DD-CE4D748A0E12', '2015-12-08 15:20:34', '2015-12-08 15:39:57', '2015-12-08 15:37:52', '0', '0', '395', '35', '30', '', null), ('358', '9A8024A3-9B3C-4F53-8425-CC82B5992335', '2015-12-08 15:20:34', '2015-12-08 15:39:57', '2015-12-08 15:37:52', '0', '0', '395', '35', '30', '', null), ('359', '8B1BD521-80E4-416C-A30E-29CBA51BA67A', '2015-12-08 15:20:34', '2015-12-08 15:39:57', '2015-12-08 15:37:52', '0', '0', '395', '35', '30', '', null), ('360', 'A644659B-C609-45C7-9EC2-94CB65539A99', '2015-12-08 15:20:34', '2015-12-08 15:39:57', '2015-12-08 15:37:52', '0', '0', '395', '35', '30', '', null), ('361', 'A5A587ED-E6EC-408C-88B6-88F5BE3F20B6', '2015-12-08 15:20:34', '2015-12-08 15:39:57', '2015-12-08 15:37:52', '0', '0', '395', '35', '30', '', null), ('362', '91D4D548-C886-420D-8DF3-C42CBFE24228', '2015-12-08 15:20:34', '2015-12-08 15:39:57', '2015-12-08 15:37:52', '0', '0', '395', '35', '30', '', null), ('363', '347279AE-84AF-436E-BF85-CDA18C43CF5A', '2015-12-08 15:20:34', '2015-12-08 15:39:57', '2015-12-08 15:37:52', '0', '0', '395', '35', '30', '', null), ('364', 'CADD3D47-4F4C-4F0B-9B89-A04C974EA5B7', '2015-12-08 15:20:34', '2015-12-08 15:39:57', '2015-12-08 15:37:52', '0', '0', '395', '35', '30', '', null), ('365', 'ADA46F91-41E4-4465-A3BE-69D9B9646E6D', '2015-12-08 15:20:34', '2015-12-08 15:39:57', '2015-12-08 15:37:52', '0', '0', '395', '35', '30', '', null), ('366', '383D3D34-6F8F-4786-8E02-E95D09786B47', '2015-12-08 15:20:34', '2015-12-08 15:39:57', '2015-12-08 15:37:52', '0', '0', '395', '35', '30', '', null), ('367', 'DEF64569-E3BA-40C5-8853-DF03958890DF', '2015-12-08 15:20:34', '2015-12-08 15:39:57', '2015-12-08 15:37:52', '0', '0', '395', '35', '30', '', null), ('368', '0C43F2EA-1641-491D-8313-8F7F63CDF8D4', '2015-12-08 15:20:34', '2015-12-08 15:39:57', '2015-12-08 15:37:52', '0', '0', '395', '35', '30', '', null), ('369', '6A26D12D-28A6-49C2-8BC3-54DCD815D5DA', '2015-12-08 15:20:34', '2015-12-08 15:39:57', '2015-12-08 15:37:52', '0', '0', '395', '35', '30', '', null), ('370', 'B474581F-65F1-48DD-8C74-DC2C7433EC23', '2015-12-08 15:20:34', '2015-12-08 15:39:57', '2015-12-08 15:37:52', '0', '0', '395', '35', '30', '', null), ('371', 'BB45FA4C-1B66-49F6-8BE4-15376BCBC675', '2015-12-08 15:20:34', '2015-12-08 15:39:57', '2015-12-08 15:37:52', '0', '0', '395', '35', '30', '', null), ('372', '8C302907-1415-4A37-A35E-A71D627EC50B', '2015-12-08 15:20:34', '2015-12-08 15:39:57', '2015-12-08 15:37:52', '0', '0', '395', '35', '30', '', null), ('373', '08E32BFF-5D4C-492B-A80A-244292D82303', '2015-12-08 15:20:34', '2015-12-08 15:39:57', '2015-12-08 15:37:52', '0', '0', '395', '35', '30', '', null), ('374', 'A8ED4D15-1FEC-46B9-AF1F-A59ABA820CAE', '2015-12-08 15:20:34', '2015-12-08 15:39:57', '2015-12-08 15:37:52', '0', '0', '395', '35', '30', '', null), ('375', '8B8341AE-610B-40CC-83CC-CC30B7C22F3E', '2015-12-08 15:20:34', '2015-12-08 15:39:57', '2015-12-08 15:37:52', '0', '0', '395', '35', '30', '', null), ('376', '08F9AF91-AB54-4E6F-9B80-B19D260B6E2D', '2015-12-08 15:23:58', '2015-12-08 15:40:21', '2015-12-08 15:34:59', '0', '0', '13', '2', '14', '', null), ('377', 'DB427698-4CB2-4762-9826-AC1DF2C06DD0', '2015-12-08 15:23:58', '2015-12-08 15:40:21', '2015-12-08 15:34:59', '0', '0', '13', '2', '14', '', null), ('378', '80408945-9945-41A5-BB56-22C50DAD727C', '2015-12-08 15:23:58', '2015-12-08 15:40:21', '2015-12-08 15:34:59', '0', '0', '13', '2', '14', '', null), ('379', '7176A846-1961-4175-AD1B-400A5D5914F2', '2015-12-08 15:23:58', '2015-12-08 15:40:21', '2015-12-08 15:34:59', '0', '0', '13', '2', '14', '', null), ('380', 'F5B1BECA-EFC9-4C3D-BF01-00D1C9BE4CF9', '2015-12-08 15:23:58', '2015-12-08 15:40:21', '2015-12-08 15:34:59', '0', '0', '13', '2', '14', '', null), ('381', '492C83AE-E341-493C-9A62-1EB067064924', '2015-12-08 15:23:58', '2015-12-08 15:40:21', '2015-12-08 15:34:59', '0', '0', '13', '2', '14', '', null), ('382', 'C83348CB-3C8B-43F4-9542-3AE67E699B0D', '2015-12-08 15:23:58', '2015-12-08 15:40:21', '2015-12-08 15:34:59', '0', '0', '13', '2', '14', '', null), ('383', '2E19EA49-6B9A-4D66-9029-C7962E8514A6', '2015-12-08 15:23:58', '2015-12-08 15:40:21', '2015-12-08 15:34:59', '0', '0', '13', '2', '14', '', null), ('384', 'E72BEAB1-6F2D-47AF-94C8-7BF7023A27E1', '2015-12-08 15:23:58', '2015-12-08 15:40:21', '2015-12-08 15:34:59', '0', '0', '13', '2', '14', '', null), ('385', '38C2A160-6C9C-4968-BE18-430B61C9E80E', '2015-12-08 15:23:58', '2015-12-08 15:40:21', '2015-12-08 15:34:59', '0', '0', '13', '2', '14', '', null), ('386', 'ECECA541-45C7-496E-89B4-D4A00CF37A36', '2015-12-08 15:34:59', '2015-12-08 15:39:57', '2015-12-08 15:37:52', '0', '0', '398', '35', '30', '', null), ('387', '93C7CB25-67FE-4142-83FD-347144D6DE67', '2015-12-08 15:34:59', '2015-12-08 15:39:57', '2015-12-08 15:37:52', '0', '0', '398', '35', '30', '', null), ('388', 'EC94326F-4173-4CB9-9046-076506B29684', '2015-12-08 15:34:59', '2015-12-08 15:39:57', '2015-12-08 15:37:52', '0', '0', '398', '35', '30', '', null), ('389', '763B60B8-C254-46DF-A9D0-D3CB98F611F4', '2015-12-08 15:37:40', '2015-12-08 15:39:57', '2015-12-08 15:37:52', '0', '0', '431', '35', '34', '', null), ('390', '2B20827C-67B4-4FBC-95D1-FE6844DDB7DB', '2015-12-08 15:37:40', '2015-12-08 15:39:57', '2015-12-08 15:37:52', '0', '0', '431', '35', '34', '', null), ('391', 'B97429EE-68FA-401D-B067-7157EFC71480', '2015-12-08 15:37:40', '2015-12-08 15:39:57', '2015-12-08 15:37:52', '0', '0', '431', '35', '34', '', null), ('392', '6E280A73-CD27-4D64-8268-1C31DF29869B', '2015-12-08 15:37:41', '2015-12-08 15:39:57', '2015-12-08 15:37:52', '0', '0', '431', '35', '34', '', null), ('393', 'A5635E7D-397C-43DF-B8FA-BF76BEB110CB', '2015-12-08 15:37:41', '2015-12-08 15:39:57', '2015-12-08 15:37:52', '0', '0', '431', '35', '34', '', null), ('394', '011216AD-F516-4414-A62F-986C82117A05', '2015-12-08 15:37:41', '2015-12-08 15:39:57', '2015-12-08 15:37:52', '0', '0', '431', '35', '34', '', null), ('395', '489B992E-E4EA-4FD7-801D-DC816416D2DF', '2015-12-08 15:37:41', '2015-12-08 15:39:57', '2015-12-08 15:37:52', '0', '0', '431', '35', '34', '', null), ('396', '22B3C421-3044-44EF-9788-63C11694C7C4', '2015-12-08 15:37:41', '2015-12-08 15:39:57', '2015-12-08 15:37:52', '0', '0', '431', '35', '34', '', null), ('397', '146638C8-6E35-48D7-B42D-6921BFF3E2F9', '2015-12-08 15:37:41', '2015-12-08 15:39:57', '2015-12-08 15:37:52', '0', '0', '431', '35', '34', '', null), ('398', '66973C74-5235-4156-9958-59083080197F', '2015-12-08 15:37:41', '2015-12-08 15:39:57', '2015-12-08 15:37:52', '0', '0', '431', '35', '34', '', null), ('399', '84424F9C-E6EF-4B21-B8AC-883A75C10296', '2015-12-08 15:37:41', '2015-12-08 15:39:57', '2015-12-08 15:37:52', '0', '0', '431', '35', '34', '', null), ('400', 'FD1B2BB9-0858-4630-9E43-935499D14971', '2015-12-08 15:37:41', '2015-12-08 15:39:57', '2015-12-08 15:37:52', '0', '0', '431', '35', '34', '', null), ('401', '0D53AF22-E521-406A-988A-64DB82178534', '2015-12-08 15:37:41', '2015-12-08 15:39:57', '2015-12-08 15:37:52', '0', '0', '431', '35', '34', '', null), ('402', '104C6500-3262-4E23-B973-0C1AD30DE22E', '2015-12-08 15:37:41', '2015-12-08 15:39:57', '2015-12-08 15:37:52', '0', '0', '431', '35', '34', '', null), ('403', 'FF214C99-8C9B-488B-BDF6-93DBECD034B7', '2015-12-08 15:37:41', '2015-12-08 15:39:57', '2015-12-08 15:37:52', '0', '0', '431', '35', '34', '', null), ('404', '76D2DD3E-45F0-43A8-AAC1-8B4F33CEFAE4', '2015-12-08 15:37:41', '2015-12-08 15:39:57', '2015-12-08 15:37:52', '0', '0', '431', '35', '34', '', null), ('405', '463FE017-D46D-4C2D-8014-949FE47C5FBF', '2015-12-08 15:37:41', '2015-12-08 15:39:57', '2015-12-08 15:37:52', '0', '0', '431', '35', '34', '', null), ('406', '5308A9EE-AD5D-458C-B4FA-6A8F9A281A69', '2015-12-08 15:37:41', '2015-12-08 15:39:57', '2015-12-08 15:37:52', '0', '0', '431', '35', '34', '', null), ('407', '7C6389B5-FFAE-4360-A2B6-486B1912706C', '2015-12-08 15:37:41', '2015-12-08 15:39:57', '2015-12-08 15:37:52', '0', '0', '431', '35', '34', '', null), ('408', '26438327-FBB3-444E-A9E1-38F279AB55BE', '2015-12-08 15:37:41', '2015-12-08 15:39:57', '2015-12-08 15:37:52', '0', '0', '431', '35', '34', '', null), ('409', '5E0496D1-E4B8-41DF-973C-635FE016B877', '2015-12-08 15:37:41', '2015-12-08 15:39:57', '2015-12-08 15:37:52', '0', '0', '431', '35', '34', '', null), ('410', 'FB6F7BE9-5AAA-4F7E-9009-922972C6D879', '2015-12-08 15:37:41', '2015-12-08 15:39:57', '2015-12-08 15:37:52', '0', '0', '431', '35', '34', '', null), ('411', '48D752F5-5D7F-4AF8-92D6-3F6FA144B35D', '2015-12-08 15:37:41', '2015-12-08 15:39:57', '2015-12-08 15:37:52', '0', '0', '431', '35', '34', '', null), ('412', '2AAD2AC2-B82A-4613-BAEF-5DC60663D52F', '2015-12-08 15:37:41', '2015-12-08 15:39:57', '2015-12-08 15:37:52', '0', '0', '431', '35', '34', '', null), ('413', 'BAB63D14-F01A-4975-9A4E-3E1CB918E844', '2015-12-08 15:37:41', '2015-12-08 15:39:57', '2015-12-08 15:37:52', '0', '0', '431', '35', '34', '', null), ('414', 'BCFAE296-BE98-4B29-B4A6-07CEBC3EF820', '2015-12-08 15:37:41', '2015-12-08 15:39:57', '2015-12-08 15:37:52', '0', '0', '431', '35', '34', '', null), ('415', 'D869BB81-62E2-487D-8629-893B0B2C7924', '2015-12-08 15:37:41', '2015-12-08 15:39:57', '2015-12-08 15:37:52', '0', '0', '431', '35', '34', '', null), ('416', '3F767FD8-74F4-4B7C-8278-8231BC00B542', '2015-12-08 15:37:41', '2015-12-08 15:39:57', '2015-12-08 15:37:52', '0', '0', '431', '35', '34', '', null), ('417', 'EF55A9B4-508D-45E7-87F3-D8AA6BF232AC', '2015-12-08 15:37:41', '2015-12-08 15:39:57', '2015-12-08 15:37:52', '0', '0', '431', '35', '34', '', null), ('418', '5E86FE0C-C52A-426B-919F-6629E781F40D', '2015-12-08 15:37:41', '2015-12-08 15:39:57', '2015-12-08 15:37:52', '0', '0', '431', '35', '34', '', null);
INSERT INTO `services_smile` VALUES ('419', '75C1403F-744E-42E0-8F57-71A0597F272E', '2015-12-08 15:37:41', '2015-12-08 15:39:57', '2015-12-08 15:37:52', '0', '0', '431', '35', '34', '', null), ('420', 'FDB1C97F-D419-46E7-B97A-09DE84C18151', '2015-12-08 15:37:41', '2015-12-08 15:39:57', '2015-12-08 15:37:52', '0', '0', '431', '35', '34', '', null), ('421', 'E20B292A-9FDA-4B50-AD1D-DF2294C537E6', '2015-12-08 15:37:41', '2015-12-08 15:39:57', '2015-12-08 15:37:52', '0', '0', '431', '35', '34', '', null), ('422', '0C50FF38-1860-47E8-A7E8-5EFBC875B446', '2015-12-08 15:37:41', '2015-12-08 15:39:57', '2015-12-08 15:37:52', '0', '0', '431', '35', '34', '', null), ('423', '21C76B32-32B2-4FDC-883C-543D23F7818A', '2015-12-08 16:35:23', '2015-12-09 16:42:41', '2015-12-08 16:42:41', '1', '0', '460', '42', '43', '', '45'), ('424', 'AD22211A-DB31-4F33-8CA3-A90F21B7C13E', '2015-12-08 16:35:23', '2015-12-09 16:42:41', '2015-12-08 16:42:41', '1', '0', '460', '42', '43', '', '45'), ('425', '2B421012-6DA0-4F0E-966E-DDA02C0BA1F5', '2015-12-08 16:35:23', '2015-12-09 16:42:41', '2015-12-08 16:42:41', '1', '0', '460', '42', '43', '', '45'), ('426', 'B9007B1B-E956-46BA-B05E-D9526855331C', '2015-12-08 16:35:23', '2015-12-09 16:42:40', '2015-12-08 16:42:41', '1', '0', '460', '42', '43', '', '45'), ('427', '312DC65D-CA67-417C-B784-80DBACD40DFE', '2015-12-08 16:35:23', '2015-12-09 16:42:41', '2015-12-08 16:42:42', '1', '0', '460', '42', '43', '', '45'), ('428', '9B19D60C-E0AA-4084-937D-D725466B3CFC', '2015-12-08 16:35:23', '2015-12-09 16:42:41', '2015-12-08 16:42:42', '1', '0', '460', '42', '43', '', '45'), ('429', 'DCB7D4E1-6CE4-4C54-B7BD-80D399835464', '2015-12-08 16:35:23', '2015-12-09 16:42:41', '2015-12-08 16:42:41', '1', '0', '460', '42', '43', '', '45'), ('430', 'F127560A-5B6D-45E2-AB7F-384B9DEA6D85', '2015-12-08 16:35:23', '2015-12-09 16:42:41', '2015-12-08 16:42:41', '1', '0', '460', '42', '43', '', '45'), ('431', 'EF331E95-96F8-4328-A1DC-5ED06B2890F0', '2015-12-08 16:35:23', '2015-12-09 16:42:40', '2015-12-08 16:42:41', '1', '0', '460', '42', '43', '', '45'), ('432', '6B6FFE5D-4849-445B-B2EE-6CA9FFE5AAE4', '2015-12-08 16:35:23', '2015-12-09 16:42:41', '2015-12-08 16:42:41', '1', '0', '460', '42', '43', '', '45'), ('433', 'FF1BC7D0-5437-42A4-8887-8D5DC8AC1069', '2015-12-08 16:35:23', '2015-12-09 16:42:40', '2015-12-08 16:42:41', '1', '0', '460', '42', '43', '', '45'), ('434', 'E1464567-AFA8-4026-ABCC-54D1454A170A', '2015-12-08 16:35:23', '2015-12-09 16:42:40', '2015-12-08 16:42:41', '1', '0', '460', '42', '43', '', '45'), ('435', '99EE7E6A-3A49-4ADF-852A-C07B3A25BA1E', '2015-12-08 16:35:23', '2015-12-09 16:42:41', '2015-12-08 16:42:41', '1', '0', '460', '42', '43', '', '45'), ('436', '0EF96976-4F3B-42C7-9D1C-5FE90B335E2A', '2015-12-08 16:35:23', '2015-12-09 16:42:40', '2015-12-08 16:42:41', '1', '0', '460', '42', '43', '', '45'), ('437', 'C076E8A4-3CBF-442B-955F-4C6FA8CE6D43', '2015-12-08 16:35:23', '2015-12-09 16:42:40', '2015-12-08 16:42:41', '1', '0', '460', '42', '43', '', '45'), ('438', '649B6DCF-0A42-4B2F-9BDE-9422426206B0', '2015-12-08 16:35:23', '2015-12-09 16:42:41', '2015-12-08 16:42:42', '1', '0', '460', '42', '43', '', '45'), ('439', '78993D1F-33C2-4ACE-96E6-78F97BA83C8C', '2015-12-08 16:35:23', '2015-12-09 16:42:41', '2015-12-08 16:42:41', '1', '0', '460', '42', '43', '', '45'), ('440', 'FC9706DD-6EA0-4941-BAB5-5F999DAE7636', '2015-12-08 16:35:23', '2015-12-09 16:42:41', '2015-12-08 16:42:42', '1', '0', '460', '42', '43', '', '45'), ('441', '0540CDC5-C93F-4358-AD39-35FCA0F2FDA9', '2015-12-08 16:35:23', '2015-12-09 16:42:41', '2015-12-08 16:42:41', '1', '0', '460', '42', '43', '', '45'), ('442', 'F18E5322-FE0D-42E2-A497-7FCC4AC45E11', '2015-12-08 16:35:23', '2015-12-09 16:42:40', '2015-12-08 16:42:41', '1', '0', '460', '42', '43', '', '45'), ('443', '7236D608-C83C-4E21-8749-358F5F1AD177', '2015-12-08 16:35:23', '2015-12-09 16:42:40', '2015-12-08 16:42:41', '1', '0', '460', '42', '43', '', '45'), ('444', '239896F6-BA70-49AC-AA3B-F3B6F6096F2F', '2015-12-08 16:35:23', '2015-12-09 16:42:40', '2015-12-08 16:42:42', '1', '0', '460', '42', '43', '', '45'), ('445', 'BD82FFC7-DA55-4B67-9035-6ECD7EBC2CA7', '2015-12-08 16:35:23', '2015-12-09 16:42:41', '2015-12-08 16:42:42', '1', '0', '460', '42', '43', '', '45'), ('446', 'C008D425-7545-496A-B2C5-C8ADC3C369E4', '2015-12-08 16:35:23', '2015-12-09 16:42:41', '2015-12-08 16:42:41', '1', '0', '460', '42', '43', '', '45'), ('447', '82FC41F2-D7E0-4696-8A83-F627AD136B37', '2015-12-08 16:35:23', '2015-12-09 16:42:40', '2015-12-08 16:42:42', '1', '0', '460', '42', '43', '', '45'), ('448', 'A969434D-FB96-4163-B57C-5A9483F29240', '2015-12-08 16:35:23', '2015-12-09 16:42:41', '2015-12-08 16:42:41', '1', '0', '460', '42', '43', '', '45'), ('449', '9B7E97B1-CDA3-49E8-894A-FD5BBBE58002', '2015-12-08 16:35:23', '2015-12-09 16:42:40', '2015-12-08 16:42:42', '1', '0', '460', '42', '43', '', '45'), ('450', '64A41584-D547-4F36-B1F6-E5FAF0E798DE', '2015-12-08 16:35:23', '2015-12-09 16:42:41', '2015-12-08 16:42:41', '1', '0', '460', '42', '43', '', '45'), ('451', 'AD27DEB8-028C-4D8A-95C2-06743FBB5ACA', '2015-12-08 16:35:23', '2015-12-09 16:42:41', '2015-12-08 16:42:41', '1', '0', '460', '42', '43', '', '45'), ('452', '2A679E41-8FFD-4255-8C2D-A80A54115799', '2015-12-08 16:35:23', '2015-12-09 16:42:40', '2015-12-08 16:42:41', '1', '0', '443', '42', '44', '', '45'), ('453', '5B048BD3-BD79-4961-B30F-11F97367784E', '2015-12-08 16:35:23', '2015-12-09 16:42:40', '2015-12-08 16:42:41', '1', '0', '443', '42', '44', '', '45'), ('454', 'D2B501D6-5403-43DC-A2FA-7060A341BEDE', '2015-12-08 16:35:23', '2015-12-09 16:42:40', '2015-12-08 16:42:41', '1', '0', '443', '42', '44', '', '45'), ('455', 'CA8E7457-D3B6-47BF-8EDE-387847EA71D1', '2015-12-08 16:35:23', '2015-12-09 16:42:40', '2015-12-08 16:42:41', '1', '0', '443', '42', '44', '', '45'), ('456', 'CEA8E842-BB16-470B-A2ED-78814C4ACF44', '2015-12-08 16:35:23', '2015-12-09 16:42:41', '2015-12-08 16:42:41', '1', '0', '443', '42', '44', '', '45'), ('457', '65CC0BC3-F0F8-4EAA-8378-E1B23E2FA34E', '2015-12-08 16:35:23', '2015-12-09 16:42:41', '2015-12-08 16:42:41', '1', '0', '443', '42', '44', '', '45'), ('458', '49D1B1C9-5610-4C73-A14C-A83402F0DFE7', '2015-12-08 16:35:23', '2015-12-09 16:42:41', '2015-12-08 16:42:41', '1', '0', '443', '42', '44', '', '45'), ('459', 'EECE0606-CA15-4CCB-8232-E51C1EB4F6D9', '2015-12-08 16:35:23', '2015-12-09 16:42:40', '2015-12-08 16:42:41', '1', '0', '443', '42', '44', '', '45'), ('460', 'C2E4349E-9FF9-44AA-A7EE-E88FE9F029B3', '2015-12-08 16:35:23', '2015-12-09 16:42:41', '2015-12-08 16:42:41', '1', '0', '443', '42', '44', '', '45'), ('461', '9C2E16ED-A74C-4C9B-AD45-3510D09FB670', '2015-12-08 16:35:23', '2015-12-09 16:42:40', '2015-12-08 16:42:41', '1', '0', '443', '42', '44', '', '45'), ('462', 'DDD96C72-8B14-4279-BB39-F188A4923CDA', '2015-12-08 16:35:23', '2015-12-09 16:42:41', '2015-12-08 16:42:41', '1', '0', '443', '42', '44', '', '45'), ('463', 'B2EED8A9-517D-4EE6-A99E-CF4DCA792795', '2015-12-08 16:35:23', '2015-12-09 16:42:40', '2015-12-08 16:42:41', '1', '0', '443', '42', '44', '', '45'), ('464', '3AE0096E-EBE0-4983-9ACF-19B2B241CF1F', '2015-12-08 16:35:23', '2015-12-09 16:42:41', '2015-12-08 16:42:42', '1', '0', '443', '42', '44', '', '45'), ('465', 'F322BF50-9525-43CD-938B-91F1B0BB255E', '2015-12-08 16:35:23', '2015-12-09 16:42:41', '2015-12-08 16:42:41', '1', '0', '443', '42', '44', '', '45'), ('466', 'F1E482EB-502A-4B2E-9F4F-98ADA974D698', '2015-12-08 16:35:23', '2015-12-09 16:42:40', '2015-12-08 16:42:42', '1', '0', '443', '42', '44', '', '45'), ('467', '0094F6E5-51D0-4DA8-A0DA-3B975B97C277', '2015-12-08 16:35:23', '2015-12-09 16:42:40', '2015-12-08 16:42:41', '1', '0', '443', '42', '44', '', '45'), ('468', '015311A7-9F34-43DE-B9CE-14E93EA472BA', '2015-12-08 16:35:23', '2015-12-09 16:42:41', '2015-12-08 16:42:41', '1', '0', '443', '42', '44', '', '45'), ('469', 'F358C1C2-8898-4A28-8F57-763E6D07882C', '2015-12-08 16:35:23', '2015-12-09 16:42:41', '2015-12-08 16:42:41', '1', '0', '443', '42', '44', '', '45'), ('470', 'E7360E9F-69BD-4918-962A-C1E92E31D06E', '2015-12-08 16:35:23', '2015-12-09 16:42:41', '2015-12-08 16:42:41', '1', '0', '448', '42', '42', '', '45'), ('471', '9EBFAE28-5C87-4120-BCD0-03CE31280DDE', '2015-12-08 16:35:23', '2015-12-09 16:42:41', '2015-12-08 16:42:41', '1', '0', '448', '42', '42', '', '45'), ('472', '68DEE5C8-EB4D-48D4-B8F7-590DFEAC56CB', '2015-12-08 16:35:23', '2015-12-09 16:42:41', '2015-12-08 16:42:41', '1', '0', '448', '42', '42', '', '45'), ('473', '8B2EDA2D-26E5-44C1-8B07-A93E0C262BC0', '2015-12-08 16:35:23', '2015-12-09 16:42:41', '2015-12-08 16:42:41', '1', '0', '448', '42', '42', '', '45'), ('474', '4517F443-7BD5-4F1E-BD6E-6BC066413CF1', '2015-12-08 16:35:23', '2015-12-09 16:42:40', '2015-12-08 16:42:41', '1', '0', '448', '42', '42', '', '45'), ('475', '46DC881E-6F30-4D71-A3C7-48DCA18C9A26', '2015-12-08 16:35:23', '2015-12-09 16:42:40', '2015-12-08 16:42:41', '1', '0', '448', '42', '42', '', '45'), ('476', '37E492EC-053D-4907-B8F1-56B8513C6AB3', '2015-12-08 16:35:23', '2015-12-09 16:42:40', '2015-12-08 16:42:41', '1', '0', '448', '42', '42', '', '45'), ('477', '3B15B340-60D1-4C01-AD87-742D13703290', '2015-12-08 16:35:23', '2015-12-09 16:42:41', '2015-12-08 16:42:41', '1', '0', '448', '42', '42', '', '45'), ('478', '13AB6B05-52C4-4271-976B-AC28202AFA43', '2015-12-08 16:35:23', '2015-12-09 16:42:41', '2015-12-08 16:42:41', '1', '0', '448', '42', '42', '', '45'), ('479', 'BCB06D3F-6E11-4B3A-9B53-E6DBACFA68D5', '2015-12-08 16:35:23', '2015-12-09 16:42:40', '2015-12-08 16:42:41', '1', '0', '448', '42', '42', '', '45'), ('480', '677CED66-ED8E-420C-A2C7-4A9EC346DF76', '2015-12-08 16:35:23', '2015-12-09 16:42:40', '2015-12-08 16:42:41', '1', '0', '448', '42', '42', '', '45'), ('481', 'A7EEBCA9-B517-4141-9126-537EEAC82EAA', '2015-12-08 16:35:23', '2015-12-09 16:42:40', '2015-12-08 16:42:41', '1', '0', '448', '42', '42', '', '45'), ('482', '006754AD-1A24-4A6E-A19E-BDCCDD061B90', '2015-12-08 16:35:23', '2015-12-09 16:42:41', '2015-12-08 16:42:41', '1', '0', '448', '42', '42', '', '45'), ('483', '1953A3AF-A830-43E4-AE4A-630CEC0DFCB9', '2015-12-08 16:35:23', '2015-12-09 16:42:41', '2015-12-08 16:42:41', '1', '0', '448', '42', '42', '', '45'), ('484', '185541A7-9B09-4643-B126-3AF3018FCFD1', '2015-12-08 16:35:23', '2015-12-09 16:42:41', '2015-12-08 16:42:41', '1', '0', '448', '42', '42', '', '45'), ('485', '5989F105-87F6-4154-BF29-7F76BBEF6CC1', '2015-12-08 16:35:23', '2015-12-09 16:42:41', '2015-12-08 16:42:41', '1', '0', '448', '42', '42', '', '45'), ('486', 'BCFB94F0-733C-4745-9FB3-22BBA60E7D46', '2015-12-08 16:35:23', '2015-12-09 16:42:41', '2015-12-08 16:42:42', '1', '0', '448', '42', '42', '', '45'), ('487', '40B26E6D-E6FE-4E63-9A3E-8E1CA87C621E', '2015-12-08 16:35:23', '2015-12-09 16:42:41', '2015-12-08 16:42:41', '1', '0', '448', '42', '42', '', '45'), ('488', '450A0CD8-AE10-4384-992C-062057DB3379', '2015-12-08 16:35:23', '2015-12-09 16:42:41', '2015-12-08 16:42:41', '1', '0', '448', '42', '42', '', '45'), ('489', '167E12D3-5E91-40FD-9686-646077C6FC63', '2015-12-08 16:35:23', '2015-12-09 16:42:41', '2015-12-08 16:42:41', '1', '0', '448', '42', '42', '', '45'), ('490', '92685B2D-11B1-45BE-B93D-CC2E68CCC908', '2015-12-08 16:35:23', '2015-12-09 16:42:41', '2015-12-08 16:42:41', '1', '0', '448', '42', '42', '', '45'), ('491', '0CDAB507-25EE-4751-96C0-A7F0BE7FBF9D', '2015-12-08 16:35:23', '2015-12-09 16:42:41', '2015-12-08 16:42:41', '1', '0', '448', '42', '42', '', '45'), ('492', 'A72F537A-DA1A-4C9D-B083-18C586E3A5ED', '2015-12-08 16:35:23', '2015-12-09 16:42:40', '2015-12-08 16:42:41', '1', '0', '448', '42', '42', '', '45'), ('493', '4935C499-1E17-4C6F-96AA-FB9F3D3C8B5D', '2015-12-08 16:35:23', '2015-12-09 16:42:41', '2015-12-08 16:42:41', '1', '0', '448', '42', '42', '', '45'), ('494', '46EE509F-33CF-406B-B1DC-9FF8DF0CCFE8', '2015-12-08 16:35:23', '2015-12-09 16:42:40', '2015-12-08 16:42:41', '1', '0', '448', '42', '42', '', '45'), ('495', '0EFDD7FD-0751-4B5F-AA5D-F5818BF786D3', '2015-12-08 16:35:23', '2015-12-09 16:42:41', '2015-12-08 16:42:41', '1', '0', '448', '42', '42', '', '45'), ('496', '72F8711B-F65A-42AE-B669-24360D9C2788', '2015-12-08 16:35:23', '2015-12-09 16:42:41', '2015-12-08 16:42:41', '1', '0', '448', '42', '42', '', '45'), ('497', '54B48AC7-B13A-4023-8DEA-34F61C0EC61F', '2015-12-08 16:35:23', '2015-12-09 16:42:41', '2015-12-08 16:42:42', '1', '0', '448', '42', '42', '', '45'), ('498', 'B07B1334-6E40-41E0-9A73-93E7012ECC33', '2015-12-08 16:35:23', '2015-12-09 16:42:41', '2015-12-08 16:42:41', '1', '0', '448', '42', '42', '', '45'), ('499', '7728BA75-D156-402D-8E2D-6918007654E2', '2015-12-08 16:35:23', '2015-12-09 16:42:40', '2015-12-08 16:42:41', '1', '0', '448', '42', '42', '', '45'), ('500', '2BB1AD58-FDEF-4E9D-93EA-B14FE593E6CB', '2015-12-08 16:35:23', '2015-12-09 16:42:41', '2015-12-08 16:42:41', '1', '0', '448', '42', '42', '', '45'), ('501', 'DBDDF02C-C860-4FB5-AC55-85234F479F84', '2015-12-08 16:35:23', '2015-12-09 16:42:41', '2015-12-08 16:42:41', '1', '0', '448', '42', '42', '', '45'), ('502', 'A40E38D9-9F08-4471-8335-76EBC9D90A7D', '2015-12-08 16:35:23', '2015-12-09 16:42:41', '2015-12-08 16:42:41', '1', '0', '448', '42', '42', '', '45'), ('503', '92B658A1-133F-487E-9167-B5FF840653F8', '2015-12-08 16:35:23', '2015-12-09 16:42:41', '2015-12-08 16:42:42', '1', '0', '448', '42', '42', '', '45'), ('504', '5A4D358C-8227-407C-AE99-C04313F31EF2', '2015-12-08 16:35:24', '2015-12-09 16:42:41', '2015-12-08 16:42:41', '1', '0', '448', '42', '42', '', '45'), ('505', 'D1B63618-C594-476B-8C04-CD1B6B2ADC31', '2015-12-08 16:35:24', '2015-12-09 16:42:41', '2015-12-08 16:42:41', '1', '0', '448', '42', '42', '', '45'), ('506', 'AF251C0E-6A1A-4C43-B7BB-954B11CB5872', '2015-12-08 16:35:24', '2015-12-09 16:42:41', '2015-12-08 16:42:41', '1', '0', '448', '42', '42', '', '45'), ('507', '6CC59D4A-BE97-4338-A58B-943325395322', '2015-12-08 16:35:24', '2015-12-09 16:42:41', '2015-12-08 16:42:41', '1', '0', '448', '42', '42', '', '45'), ('508', 'D76D2F45-A591-4236-AE82-7B4125DE82A7', '2015-12-08 16:35:24', '2015-12-09 16:42:41', '2015-12-08 16:42:41', '1', '0', '448', '42', '42', '', '45'), ('509', 'EC9358C9-1F89-47B9-833C-24B6A1AA3189', '2015-12-08 16:35:24', '2015-12-09 16:42:41', '2015-12-08 16:42:41', '1', '0', '448', '42', '42', '', '45'), ('510', '50939824-6B27-4778-95DD-9CDB1AC8F4AE', '2015-12-08 16:35:24', '2015-12-09 16:42:41', '2015-12-08 16:42:42', '1', '0', '448', '42', '42', '', '45'), ('511', '6A4C9CBD-3A45-46F7-8B32-A2E351146630', '2015-12-08 16:35:24', '2015-12-09 16:42:41', '2015-12-08 16:42:41', '1', '0', '448', '42', '42', '', '45'), ('512', '4E5832E2-A36C-4E8D-AFBC-7BCAE6A173B5', '2015-12-08 16:35:24', '2015-12-09 16:42:41', '2015-12-08 16:42:41', '1', '0', '469', '42', '41', '', '45'), ('513', '9F8C5FB9-73BF-43E4-91E3-ABEF074731CD', '2015-12-08 16:35:24', '2015-12-09 16:42:41', '2015-12-08 16:42:41', '1', '0', '469', '42', '41', '', '45'), ('514', '466BBDCB-0CA9-4E71-9233-1B8DCDF25917', '2015-12-08 16:35:24', '2015-12-09 16:42:41', '2015-12-08 16:42:41', '1', '0', '469', '42', '41', '', '45'), ('515', '68D5A804-7558-47A1-AFA9-AF44E979BFA5', '2015-12-08 16:35:24', '2015-12-09 16:42:40', '2015-12-08 16:42:41', '1', '0', '469', '42', '41', '', '45'), ('516', '71EC8230-47B7-4445-8E9C-722BCDEC9DA4', '2015-12-08 16:35:24', '2015-12-09 16:42:40', '2015-12-08 16:42:42', '1', '0', '469', '42', '41', '', '45'), ('517', '5CE15424-A171-4EAF-B3ED-47CE44001F23', '2015-12-08 16:35:24', '2015-12-09 16:42:41', '2015-12-08 16:42:41', '1', '0', '469', '42', '41', '', '45'), ('518', '2B3CCB8C-B7CC-45CD-BDFE-043A8A0021C6', '2015-12-08 16:35:24', '2015-12-09 16:42:41', '2015-12-08 16:42:41', '1', '0', '469', '42', '41', '', '45'), ('519', '85F210A9-01B9-4707-8C88-F169E1A33528', '2015-12-08 16:35:24', '2015-12-09 16:42:40', '2015-12-08 16:42:41', '1', '0', '469', '42', '41', '', '45'), ('520', '09A50565-4C08-4830-991C-D913178B3EB1', '2015-12-08 16:35:24', '2015-12-09 16:42:41', '2015-12-08 16:42:42', '1', '0', '469', '42', '41', '', '45'), ('521', 'BBC179CF-CA12-4747-BCFB-724834C41E48', '2015-12-08 16:35:24', '2015-12-09 16:42:40', '2015-12-08 16:42:41', '1', '0', '469', '42', '41', '', '45'), ('522', 'F59169C6-5573-4867-B5A3-397A9139557A', '2015-12-08 16:35:24', '2015-12-09 16:42:41', '2015-12-08 16:42:41', '1', '0', '469', '42', '41', '', '45'), ('523', '60D4F1FF-ED9C-4098-BA97-9AB46F7F9FB9', '2015-12-08 16:35:24', '2015-12-09 16:42:41', '2015-12-08 16:42:41', '1', '0', '469', '42', '41', '', '45'), ('524', 'D8D30101-8C91-46A8-9944-CF2A89BE4CFF', '2015-12-08 16:35:24', '2015-12-09 16:42:41', '2015-12-08 16:42:42', '1', '0', '469', '42', '41', '', '45'), ('525', 'D2FAE659-C7AB-472E-8CB8-D4E243AFDDDD', '2015-12-08 16:35:24', '2015-12-09 16:42:41', '2015-12-08 16:42:41', '1', '0', '469', '42', '41', '', '45'), ('526', '57E3D113-9B74-496A-B6AD-F78ACDE1C584', '2015-12-08 16:35:24', '2015-12-09 16:42:41', '2015-12-08 16:42:42', '1', '0', '469', '42', '41', '', '45'), ('527', '301739BA-22A4-4906-8272-337BC57D38C7', '2015-12-08 16:35:24', '2015-12-09 16:42:40', '2015-12-08 16:42:41', '1', '0', '469', '42', '41', '', '45'), ('528', 'B6AFA565-8EB9-4A07-9302-3589B669ADD8', '2015-12-08 16:35:24', '2015-12-09 16:42:41', '2015-12-08 16:42:41', '1', '0', '469', '42', '41', '', '45'), ('529', '5F0D30CF-CF1F-4BA4-9C7B-D43F702ACE2B', '2015-12-08 16:35:24', '2015-12-09 16:42:40', '2015-12-08 16:42:41', '1', '0', '469', '42', '41', '', '45'), ('530', '09C10BEB-494C-4C0E-9653-470C8EA3D4B5', '2015-12-08 16:35:24', '2015-12-09 16:42:41', '2015-12-08 16:42:42', '1', '0', '469', '42', '41', '', '45'), ('531', '2BEC7A19-3E0A-49D0-9313-7F6E32E48F8C', '2015-12-08 16:35:24', '2015-12-09 16:42:41', '2015-12-08 16:42:41', '1', '0', '469', '42', '41', '', '45'), ('532', 'E0ADE871-38CD-4D22-8939-ADF3EE05A886', '2015-12-08 16:35:24', '2015-12-09 16:42:40', '2015-12-08 16:42:41', '1', '0', '469', '42', '41', '', '45'), ('533', '7F215DA5-52B6-4A71-9973-F2FF8A23132C', '2015-12-08 16:35:24', '2015-12-09 16:42:41', '2015-12-08 16:42:41', '1', '0', '469', '42', '41', '', '45'), ('534', '5AC48C9E-D57A-498C-AD2A-0E75F6F8F1F0', '2015-12-08 16:35:24', '2015-12-09 16:42:41', '2015-12-08 16:42:41', '1', '0', '469', '42', '41', '', '45'), ('535', 'FDD0A602-2A43-4E1E-8C3B-BAF69419555E', '2015-12-08 16:35:24', '2015-12-09 16:42:41', '2015-12-08 16:42:41', '1', '0', '469', '42', '41', '', '45'), ('536', '5B1A13C4-4C27-4670-B2ED-C34B6B737034', '2015-12-08 16:35:24', '2015-12-09 16:42:41', '2015-12-08 16:42:41', '1', '0', '469', '42', '41', '', '45'), ('537', '1367DEAB-C2A3-4A30-A594-6D2695A7CEE6', '2015-12-08 16:35:24', '2015-12-09 16:42:41', '2015-12-08 16:42:41', '1', '0', '469', '42', '41', '', '45'), ('538', 'ACC9C205-3C18-4247-92BC-24ED0E8DDF5F', '2015-12-08 16:35:24', '2015-12-09 16:42:41', '2015-12-08 16:42:41', '1', '0', '469', '42', '41', '', '45'), ('539', 'E22CC4E0-9442-4B8C-8DEA-660C561B4272', '2015-12-08 16:35:24', '2015-12-09 16:42:40', '2015-12-08 16:42:41', '1', '0', '469', '42', '41', '', '45'), ('540', 'D1513452-4FB9-425F-A690-C8AB5D86A008', '2015-12-08 16:35:24', '2015-12-09 16:42:41', '2015-12-08 16:42:41', '1', '0', '469', '42', '41', '', '45'), ('541', '9E708C57-C3AA-47A7-B8C1-43E0E4EC0F55', '2015-12-08 16:35:24', '2015-12-09 16:42:41', '2015-12-08 16:42:41', '1', '0', '469', '42', '41', '', '45'), ('542', '2AA795E1-70A5-43A1-8206-66091AAA0615', '2015-12-08 16:35:24', '2015-12-09 16:42:41', '2015-12-08 16:42:41', '1', '0', '469', '42', '41', '', '45'), ('543', '7F0CFF06-993C-4FA4-BD43-677166AF6BB5', '2015-12-08 16:35:24', '2015-12-09 16:42:40', '2015-12-08 16:42:42', '1', '0', '469', '42', '41', '', '45'), ('544', '858ED9FF-363A-477A-A85E-0365DBC2A16D', '2015-12-08 16:35:24', '2015-12-09 16:42:41', '2015-12-08 16:42:42', '1', '0', '469', '42', '41', '', '45'), ('545', '42BC04A8-D377-4758-981F-D4330843B580', '2015-12-08 16:41:05', '2015-12-09 16:42:41', '2015-12-08 16:42:42', '1', '0', '467', '42', '43', '', '3'), ('546', 'F33EE820-1664-4A7F-B655-BAD4080BF514', '2015-12-08 16:41:05', '2015-12-09 16:42:40', '2015-12-08 16:42:42', '1', '0', '467', '42', '43', '', '3'), ('547', 'C31663BE-EEEF-4C2B-A4FB-4DA7CA487F1C', '2015-12-08 16:41:05', '2015-12-09 16:42:41', '2015-12-08 16:42:42', '1', '0', '467', '42', '43', '', '3'), ('548', '0C12CE14-78E4-45C1-832A-8676030F9176', '2015-12-08 16:41:05', '2015-12-09 16:42:40', '2015-12-08 16:42:42', '1', '0', '467', '42', '43', '', '3'), ('549', '6AC4E58F-2ABA-4AF9-BC22-76C79E2BE035', '2015-12-08 16:41:05', '2015-12-09 16:42:41', '2015-12-08 16:42:42', '1', '0', '467', '42', '43', '', '3'), ('550', '560649B9-9D0C-4C9E-8D9F-2838530D4970', '2015-12-08 16:41:05', '2015-12-09 16:42:41', '2015-12-08 16:42:42', '1', '0', '467', '42', '43', '', '3'), ('551', 'D057DACD-FAC8-4668-8779-DC9EFA57DA76', '2015-12-08 16:41:05', '2015-12-09 16:42:40', '2015-12-08 16:42:42', '1', '0', '467', '42', '43', '', '3'), ('552', '6E490C32-9F17-45FD-839E-579E408DAA29', '2015-12-08 16:41:05', '2015-12-09 16:42:41', '2015-12-08 16:42:42', '1', '0', '467', '42', '43', '', '3'), ('553', '3EEE7C0F-FFCD-430B-81E6-820BD0E50AAC', '2015-12-08 16:41:05', '2015-12-09 16:42:41', '2015-12-08 16:42:42', '1', '0', '467', '42', '43', '', '3'), ('554', '1227F2BD-0231-48AE-AEA7-13AD40AAF06D', '2015-12-08 16:41:05', '2015-12-09 16:42:41', '2015-12-08 16:42:42', '1', '0', '467', '42', '43', '', '3'), ('555', '046EC630-3F7D-4E9F-B7F9-1A33140547E0', '2015-12-08 16:41:06', '2015-12-09 16:42:41', '2015-12-08 16:42:42', '1', '0', '467', '42', '43', '', '3'), ('556', '3B83FC7D-048F-4F75-81D4-30FCEC64E0AC', '2015-12-08 16:41:06', '2015-12-09 16:42:40', '2015-12-08 16:42:42', '1', '0', '467', '42', '43', '', '3'), ('557', 'B6FF4CF1-7365-4F10-98AC-42C4CA22C1FF', '2015-12-08 16:41:06', '2015-12-09 16:42:41', '2015-12-08 16:42:42', '1', '0', '467', '42', '43', '', '3'), ('558', '455782CE-7DF3-4F74-B9B2-9C04D4DDCFEE', '2015-12-08 16:41:06', '2015-12-09 16:42:41', '2015-12-08 16:42:42', '1', '0', '467', '42', '43', '', '3'), ('559', 'D24BFDED-947C-4CF6-851F-54ED40BC3474', '2015-12-08 16:41:06', '2015-12-09 16:42:41', '2015-12-08 16:42:42', '1', '0', '467', '42', '43', '', '3'), ('560', 'B5CB937C-CC9C-4F8C-92F5-7791729C9331', '2015-12-08 16:41:06', '2015-12-09 16:42:40', '2015-12-08 16:42:42', '1', '0', '467', '42', '43', '', '3'), ('561', '74144E4F-E03D-44A7-82CA-5D58B382EE9D', '2015-12-08 16:41:06', '2015-12-09 16:42:40', '2015-12-08 16:42:42', '1', '0', '467', '42', '43', '', '3'), ('562', 'A2885010-BA8E-4BB4-AD03-BB976F270FC5', '2015-12-08 16:41:06', '2015-12-09 16:42:40', '2015-12-08 16:42:42', '1', '0', '467', '42', '43', '', '3'), ('563', 'A409242B-53A9-476F-9E4D-26364264C313', '2015-12-08 16:41:06', '2015-12-09 16:42:41', '2015-12-08 16:42:42', '1', '0', '467', '42', '43', '', '3'), ('564', '333A66D0-6BA2-4832-8ADF-0F814ABA1DE2', '2015-12-08 16:41:06', '2015-12-09 16:42:41', '2015-12-08 16:42:42', '1', '0', '467', '42', '43', '', '3'), ('565', '90874348-DC45-4A79-AA6F-28C1AD670F40', '2015-12-08 18:25:18', '2015-12-08 18:42:14', '2015-12-08 18:36:14', '0', '0', '481', '36', '35', '', '39'), ('566', 'B8847750-65F7-445E-8DAA-FCA9696DDCB4', '2015-12-08 18:25:18', '2015-12-08 18:42:14', '2015-12-08 18:36:14', '0', '0', '481', '36', '35', '', '39'), ('567', 'E42604C9-EA35-4153-B5A9-16DDD336B3F9', '2015-12-08 18:25:18', '2015-12-08 18:42:14', '2015-12-08 18:36:14', '0', '0', '481', '36', '35', '', '39'), ('568', '299CC3A1-BA15-4CDE-92B6-D509ED487403', '2015-12-08 18:36:09', '2015-12-08 18:42:17', '2015-12-08 18:39:02', '0', '0', '482', '36', '35', '', '39'), ('569', '9ED9DE6E-071B-4D01-890C-1287D9FDAAF7', '2015-12-08 18:36:09', '2015-12-08 18:42:17', '2015-12-08 18:39:02', '0', '0', '482', '36', '35', '', '39'), ('570', 'DD0545AE-873D-48BC-AE6F-E5D0C8F1CE9D', '2015-12-08 18:36:09', '2015-12-08 18:42:17', '2015-12-08 18:39:02', '0', '0', '482', '36', '35', '', '39'), ('571', '9A67DE2B-9974-40FA-84DE-0079763D513E', '2015-12-08 18:39:02', '2015-12-08 18:42:17', '2015-12-08 18:39:02', '0', '0', '482', '36', '35', '', '39'), ('572', '4972A4A0-60EE-4E57-9876-4D1C94AE18F2', '2015-12-08 18:39:02', '2015-12-08 18:42:17', '2015-12-08 18:39:02', '0', '0', '482', '36', '35', '', '39'), ('573', '3AFCADBF-0B46-409F-829B-A329F8373724', '2015-12-08 18:39:02', '2015-12-08 18:42:17', '2015-12-08 18:39:02', '0', '0', '482', '36', '35', '', '39'), ('574', 'B1DC30E6-D4A9-4621-A154-49C88EA0DD06', '2015-12-08 18:39:02', '2015-12-08 18:42:17', '2015-12-08 18:39:02', '0', '0', '482', '36', '35', '', '39'), ('575', '5E0DBC36-FE7E-4DA8-8C1B-F4D3ACF89EE0', '2015-12-08 18:39:02', '2015-12-08 18:42:17', '2015-12-08 18:39:02', '0', '0', '482', '36', '35', '', '39'), ('576', '016BBCAA-D4E0-490E-91A2-A16C85E8030D', '2015-12-08 18:39:02', '2015-12-08 18:42:17', '2015-12-08 18:39:02', '0', '0', '482', '36', '35', '', '39'), ('577', '64A4D0EE-954D-4E78-B52E-637F02FEAAAF', '2015-12-08 18:41:34', '2015-12-08 18:41:34', '2015-12-08 18:40:12', '0', '0', '482', '36', '35', '', '39'), ('578', '2D558D3C-3F9F-45F3-9AE7-5F3C5FDE6042', '2015-12-08 18:41:34', '2015-12-08 18:41:34', '2015-12-08 18:40:12', '0', '0', '482', '36', '35', '', '39'), ('579', 'D378F279-C21D-4ECE-86C8-841E5A85CFFD', '2015-12-08 19:24:56', '2015-12-08 21:06:49', '2015-12-08 20:52:22', '1', '0', '490', null, '47', '', '46'), ('580', 'A2E7A354-541C-42A5-A943-533122D6B921', '2015-12-08 19:24:56', '2015-12-08 21:06:49', '2015-12-08 20:52:22', '1', '0', '490', null, '47', '', '46'), ('581', 'C679F7E7-03D5-46B2-BB42-C4ED3F9815F8', '2015-12-08 19:24:56', '2015-12-08 21:06:49', '2015-12-08 20:52:22', '1', '0', '490', null, '47', '', '46'), ('582', 'D688BF3F-A7B8-44AA-A117-5E48F27DE652', '2015-12-08 19:24:56', '2015-12-08 21:06:49', '2015-12-08 20:52:22', '1', '0', '490', null, '47', '', '46'), ('583', '281FECE9-ED64-4DB0-9A53-3A419D9D82DC', '2015-12-08 19:24:56', '2015-12-08 21:06:49', '2015-12-08 20:52:22', '1', '0', '490', null, '47', '', '46'), ('584', '0515EE95-072A-466E-8439-79E79E4D1ABA', '2015-12-08 19:24:56', '2015-12-08 21:06:49', '2015-12-08 20:52:22', '1', '0', '490', null, '47', '', '46'), ('585', '25102453-32FE-43D3-82F1-66C5ECE8CC35', '2015-12-08 19:24:56', '2015-12-08 21:06:49', '2015-12-08 20:52:22', '1', '0', '490', null, '47', '', '46'), ('586', '5BDA3C07-08DF-49C1-8C4D-3C2E62A5A81F', '2015-12-08 19:24:56', '2015-12-08 21:06:49', '2015-12-08 20:52:22', '1', '0', '490', null, '47', '', '46'), ('587', '2B1F4C16-04F6-4C65-A212-DA5FE546F3D5', '2015-12-08 19:24:56', '2015-12-08 21:06:49', '2015-12-08 20:52:22', '1', '0', '490', null, '47', '', '46'), ('588', 'DFD88747-8D03-4810-9FB9-3C89445D93A2', '2015-12-08 19:24:56', '2015-12-08 21:06:49', '2015-12-08 20:52:22', '1', '0', '490', null, '47', '', '46'), ('589', '1B0AB602-1DD3-4591-9DA4-D21A01EDBCC0', '2015-12-08 19:26:42', '2015-12-08 21:06:49', '2015-12-08 20:52:22', '1', '0', '501', null, '47', '', '3'), ('590', '89AD0F4E-CE9C-4E9C-8DA3-811349D3210B', '2015-12-08 19:26:42', '2015-12-08 21:06:49', '2015-12-08 20:52:22', '1', '0', '501', null, '47', '', '3'), ('591', 'F1AAA994-1E85-4830-B542-7A44189EB0C2', '2015-12-08 19:26:42', '2015-12-08 21:06:49', '2015-12-08 20:52:22', '1', '0', '501', null, '47', '', '3'), ('592', '35565566-9D64-40AE-9183-726ED3730433', '2015-12-08 19:26:42', '2015-12-08 21:06:49', '2015-12-08 20:52:22', '1', '0', '501', null, '47', '', '3'), ('593', '8555EDDE-7C95-43D1-9461-2ABB41DF2B0E', '2015-12-08 19:26:42', '2015-12-08 21:06:49', '2015-12-08 20:52:22', '1', '0', '501', null, '47', '', '3'), ('594', '3D8B2FFB-1A21-4C85-8105-59C9ADAD4269', '2015-12-08 19:26:42', '2015-12-08 21:06:49', '2015-12-08 20:52:22', '1', '0', '501', null, '47', '', '3'), ('595', '3171E3FC-9CAE-46FE-A4F0-5F13B68F7BCA', '2015-12-08 19:26:42', '2015-12-08 21:06:49', '2015-12-08 20:52:22', '1', '0', '501', null, '47', '', '3'), ('596', '92AF62C1-389F-41EA-82DF-5F5DC70C3B79', '2015-12-08 19:26:42', '2015-12-08 21:06:49', '2015-12-08 20:52:22', '1', '0', '501', null, '47', '', '3'), ('597', '5EBD890A-D9FE-48E3-8BC3-AC67EC26CE92', '2015-12-08 19:26:42', '2015-12-08 21:06:49', '2015-12-08 20:52:22', '1', '0', '501', null, '47', '', '3'), ('598', '603FBE9A-96D2-4F70-A96F-916A293C6C13', '2015-12-08 19:26:42', '2015-12-08 21:06:49', '2015-12-08 20:52:22', '1', '0', '501', null, '47', '', '3'), ('599', '2F0D8AEC-8208-498C-8672-68ABF5B0DC7E', '2015-12-08 19:32:49', '2015-12-08 21:06:49', '2015-12-08 20:52:22', '1', '0', '509', null, '48', '', '46'), ('600', 'A2F80383-76AE-48D1-AE26-05079888ABC3', '2015-12-08 19:32:49', '2015-12-08 21:06:49', '2015-12-08 20:52:22', '1', '0', '509', null, '48', '', '46'), ('601', '1FF0D2DF-C150-41B0-A405-954625B4EBFB', '2015-12-08 19:32:49', '2015-12-08 21:06:49', '2015-12-08 20:52:22', '1', '0', '509', null, '48', '', '46'), ('602', '33CD996B-7DE7-4763-A3D4-CB2AF4736909', '2015-12-08 19:32:49', '2015-12-08 21:06:49', '2015-12-08 20:52:22', '1', '0', '509', null, '48', '', '46'), ('603', '998661BB-C327-4DA0-9B9F-85782FEEDF9B', '2015-12-08 19:32:49', '2015-12-08 21:06:49', '2015-12-08 20:52:22', '1', '0', '509', null, '48', '', '46'), ('604', '72FC8CB5-CF69-42D2-8C92-F4DBE24BF2E3', '2015-12-08 19:32:49', '2015-12-08 21:06:49', '2015-12-08 20:52:22', '1', '0', '509', null, '48', '', '46'), ('605', 'FBB4FAB6-03DB-4FF9-A48A-EEBEF3F8B4B1', '2015-12-08 19:53:17', '2015-12-09 16:42:41', '2015-12-08 19:56:04', '1', '0', '452', '42', '43', '', '40'), ('606', '6DACB5FE-CACB-4E46-B904-8137A85619EA', '2015-12-08 19:53:17', '2015-12-09 16:42:40', '2015-12-08 19:56:04', '1', '0', '452', '42', '43', '', '40'), ('607', 'F0601994-ADEC-44D8-9642-254C2D0998D7', '2015-12-08 19:53:17', '2015-12-09 16:42:41', '2015-12-08 19:56:04', '1', '0', '452', '42', '43', '', '40'), ('608', '55067AA3-AAE0-46C7-A31B-19E75604C7CB', '2015-12-08 19:53:17', '2015-12-09 16:42:41', '2015-12-08 19:56:04', '1', '0', '452', '42', '43', '', '40'), ('609', 'EA918AF9-254F-4206-AED9-93B2E04C61A9', '2015-12-08 19:53:17', '2015-12-09 16:42:40', '2015-12-08 19:56:04', '1', '0', '452', '42', '43', '', '40'), ('610', '6CDFC19C-BB77-47CB-A6BF-D09297A6D184', '2015-12-09 18:17:20', '2015-12-09 18:28:04', '2015-12-09 18:25:08', '1', '0', '617', '80', '43', '', '45'), ('611', 'FBDFBF44-9BA8-4489-AB4C-20A760156990', '2015-12-09 18:17:20', '2015-12-09 18:28:04', '2015-12-09 18:25:08', '1', '0', '617', '80', '43', '', '45'), ('612', '7D8FFC83-FCF9-408B-AFD0-2E88A7025B96', '2015-12-09 18:17:20', '2015-12-09 18:28:05', '2015-12-09 18:25:08', '1', '0', '617', '80', '43', '', '45'), ('613', '2C0659CA-1077-4392-846F-08386EA3A147', '2015-12-09 18:17:20', '2015-12-09 18:28:05', '2015-12-09 18:25:08', '1', '0', '617', '80', '43', '', '45'), ('614', '36E59E61-760B-4C7C-8044-7CB0017E994E', '2015-12-09 18:17:20', '2015-12-09 18:28:05', '2015-12-09 18:25:08', '1', '0', '617', '80', '43', '', '45'), ('615', '8BA29729-534B-496B-BA8C-F136F3F95336', '2015-12-09 18:17:20', '2015-12-09 18:28:05', '2015-12-09 18:25:08', '1', '0', '617', '80', '43', '', '45'), ('616', '89CD1AE8-DC1A-4955-8DF3-BAEBF37471F8', '2015-12-09 18:17:20', '2015-12-09 18:28:05', '2015-12-09 18:25:08', '1', '0', '617', '80', '43', '', '45'), ('617', 'BA9B2817-05F5-4820-801F-EA7DCD890875', '2015-12-09 18:17:20', '2015-12-09 18:28:05', '2015-12-09 18:25:08', '1', '0', '617', '80', '43', '', '45'), ('618', '356AB2C4-808A-4168-A5A6-F436FC76E9F6', '2015-12-09 18:17:20', '2015-12-09 18:28:05', '2015-12-09 18:25:08', '1', '0', '617', '80', '43', '', '45'), ('619', 'E49B0657-013E-4B3C-A8B0-8F6664806600', '2015-12-09 18:17:20', '2015-12-09 18:28:05', '2015-12-09 18:25:08', '1', '0', '617', '80', '43', '', '45'), ('620', 'F06EEF32-3BCE-49CC-85A1-A4541579B645', '2015-12-09 18:17:20', '2015-12-09 18:28:05', '2015-12-09 18:25:08', '1', '0', '617', '80', '43', '', '45'), ('621', 'C0A170BF-B021-459A-B3D1-76C22BB5208C', '2015-12-09 18:17:20', '2015-12-09 18:28:05', '2015-12-09 18:25:08', '1', '0', '617', '80', '43', '', '45'), ('622', '3F1DF16D-35A0-4634-84AA-01B0D0F17B97', '2015-12-09 18:17:20', '2015-12-09 18:28:05', '2015-12-09 18:25:08', '1', '0', '617', '80', '43', '', '45'), ('623', 'F7A143BD-6C8C-40A6-8CEB-F641F7020944', '2015-12-09 18:17:20', '2015-12-09 18:28:05', '2015-12-09 18:25:08', '1', '0', '617', '80', '43', '', '45'), ('624', '66D4595C-E426-43E0-AAF6-3A1CB096374F', '2015-12-09 18:17:20', '2015-12-09 18:28:05', '2015-12-09 18:25:08', '1', '0', '610', '80', '44', '', '45'), ('625', '85C2F67B-B1BC-4416-87DB-0DC49018DFAF', '2015-12-09 18:17:20', '2015-12-09 18:28:05', '2015-12-09 18:25:08', '1', '0', '610', '80', '44', '', '45'), ('626', 'BC8B9632-A525-4890-826B-6733FE227D71', '2015-12-09 18:17:20', '2015-12-09 18:28:05', '2015-12-09 18:25:07', '1', '0', '610', '80', '44', '', '45'), ('627', '746B9C29-E399-4945-A6A7-1861E32EFE45', '2015-12-09 18:17:20', '2015-12-09 18:28:05', '2015-12-09 18:25:08', '1', '0', '610', '80', '44', '', '45'), ('628', 'A12529D8-CC1B-4C3B-9632-94427F7636B8', '2015-12-09 18:17:20', '2015-12-09 18:28:05', '2015-12-09 18:25:08', '1', '0', '610', '80', '44', '', '45'), ('629', '6D08ED5E-946C-436B-9906-C445916747BD', '2015-12-09 18:17:20', '2015-12-09 18:28:05', '2015-12-09 18:25:08', '1', '0', '610', '80', '44', '', '45'), ('630', '514482E8-40EC-4A2A-A54E-3818609B81FE', '2015-12-09 18:17:20', '2015-12-09 18:28:05', '2015-12-09 18:25:08', '1', '0', '610', '80', '44', '', '45'), ('631', 'B2BA38AA-EBAD-4EA0-91CA-2FCFF8E7635B', '2015-12-09 18:17:20', '2015-12-09 18:28:05', '2015-12-09 18:25:07', '1', '0', '610', '80', '44', '', '45'), ('632', '9F306B45-E7C7-4F78-9B93-B9374796F37B', '2015-12-09 18:17:20', '2015-12-09 18:28:05', '2015-12-09 18:25:08', '1', '0', '610', '80', '44', '', '45'), ('633', '17B623AD-E9ED-42A1-8486-4B7116C4B626', '2015-12-09 18:17:20', '2015-12-09 18:28:05', '2015-12-09 18:25:08', '1', '0', '609', '80', '42', '', '45'), ('634', 'F44A7E35-06A7-475C-AA53-7D4B875D8266', '2015-12-09 18:17:20', '2015-12-09 18:28:05', '2015-12-09 18:25:08', '1', '0', '609', '80', '42', '', '45'), ('635', '5603F4AB-638A-4DF9-8EAE-CC30ADF401EE', '2015-12-09 18:17:20', '2015-12-09 18:28:05', '2015-12-09 18:25:08', '1', '0', '609', '80', '42', '', '45'), ('636', '818F7C20-A46D-48B8-9D7E-B66CFF1F2636', '2015-12-09 18:17:20', '2015-12-09 18:28:05', '2015-12-09 18:25:08', '1', '0', '609', '80', '42', '', '45'), ('637', '8897BF81-AB84-4477-8D49-FA7AF8A3CCB3', '2015-12-09 18:17:20', '2015-12-09 18:28:05', '2015-12-09 18:25:08', '1', '0', '609', '80', '42', '', '45'), ('638', 'A17A4C25-333F-4C06-A2C7-AC42FFD68F7D', '2015-12-09 18:17:20', '2015-12-09 18:28:05', '2015-12-09 18:25:08', '1', '0', '609', '80', '42', '', '45'), ('639', 'B9F0A463-3FA0-4E97-A939-B4216868312E', '2015-12-09 18:17:20', '2015-12-09 18:28:05', '2015-12-09 18:25:08', '1', '0', '609', '80', '42', '', '45'), ('640', 'D2428148-AB1A-49A5-8333-920A2E5D6279', '2015-12-09 18:17:20', '2015-12-09 18:28:05', '2015-12-09 18:25:08', '1', '0', '609', '80', '42', '', '45'), ('641', 'D90B966D-AF6A-4667-BD7E-51964F05EDA9', '2015-12-09 18:17:20', '2015-12-09 18:28:05', '2015-12-09 18:25:08', '1', '0', '609', '80', '42', '', '45'), ('642', '5A1341DB-F662-412F-8BEE-656BF86CE523', '2015-12-09 18:17:20', '2015-12-09 18:28:05', '2015-12-09 18:25:08', '1', '0', '609', '80', '42', '', '45'), ('643', '2BF7E8FA-BCA0-4407-9808-E1C14E02DF10', '2015-12-09 18:17:20', '2015-12-09 18:28:05', '2015-12-09 18:25:08', '1', '0', '609', '80', '42', '', '45'), ('644', 'E78AB61C-4ECC-4E10-A067-C0930992D34B', '2015-12-09 18:17:20', '2015-12-09 18:28:05', '2015-12-09 18:25:08', '1', '0', '609', '80', '42', '', '45'), ('645', 'FADB2A01-039E-4CA1-83F8-14AACF0DFC57', '2015-12-09 18:17:20', '2015-12-09 18:28:05', '2015-12-09 18:25:08', '1', '0', '609', '80', '42', '', '45'), ('646', '232B41AA-478F-4E07-870C-50CED7E24ACA', '2015-12-09 18:17:20', '2015-12-09 18:28:05', '2015-12-09 18:25:08', '1', '0', '609', '80', '42', '', '45'), ('647', '70EED883-9886-4505-A5DA-DABEC0092C96', '2015-12-09 18:17:20', '2015-12-09 18:28:05', '2015-12-09 18:25:08', '1', '0', '609', '80', '42', '', '45'), ('648', 'B6F8837F-19FD-4128-9E98-26F7FAA3B56D', '2015-12-09 18:17:20', '2015-12-09 18:28:05', '2015-12-09 18:25:07', '1', '0', '609', '80', '42', '', '45'), ('649', '71EA7FEF-15EC-4788-A9D7-23422E411A10', '2015-12-09 18:17:20', '2015-12-09 18:28:05', '2015-12-09 18:25:08', '1', '0', '609', '80', '42', '', '45'), ('650', '611F346B-2B9F-4FF7-BDEB-D475D2C90D6E', '2015-12-09 18:17:20', '2015-12-09 18:28:05', '2015-12-09 18:25:07', '1', '0', '609', '80', '42', '', '45'), ('651', 'AB9C4634-F0B7-4F8E-8E7F-BF48838D7A96', '2015-12-09 18:17:20', '2015-12-09 18:28:05', '2015-12-09 18:25:08', '1', '0', '609', '80', '42', '', '45'), ('652', '3D2FD0B0-2F2B-433F-B4D5-96FCCBF4FC05', '2015-12-09 18:17:20', '2015-12-09 18:28:05', '2015-12-09 18:25:08', '1', '0', '609', '80', '42', '', '45'), ('653', '4B6A13B3-C040-468A-BE8F-C7E8B73C67F4', '2015-12-09 18:17:20', '2015-12-09 18:28:05', '2015-12-09 18:25:08', '1', '0', '609', '80', '42', '', '45'), ('654', 'A20B8FEC-6A50-4D16-913A-DFC984325DBF', '2015-12-09 18:17:20', '2015-12-09 18:28:05', '2015-12-09 18:25:07', '1', '0', '609', '80', '41', '', '45'), ('655', '7DF6048E-1B59-48A8-9287-E8019856C2E7', '2015-12-09 18:17:20', '2015-12-09 18:28:05', '2015-12-09 18:25:08', '1', '0', '609', '80', '41', '', '45'), ('656', 'C91D585D-A30C-4136-AD5B-A95DC2D359F2', '2015-12-09 18:17:20', '2015-12-09 18:28:05', '2015-12-09 18:25:08', '1', '0', '609', '80', '41', '', '45'), ('657', 'E8825820-CD33-45AF-BD26-D0C6E555B958', '2015-12-09 18:17:20', '2015-12-09 18:28:05', '2015-12-09 18:25:08', '1', '0', '609', '80', '41', '', '45'), ('658', '1C7F3179-4F22-462E-AEAD-4F2686EDFF0E', '2015-12-09 18:17:20', '2015-12-09 18:28:05', '2015-12-09 18:25:07', '1', '0', '609', '80', '41', '', '45'), ('659', '850C9D76-EAA5-4197-A048-20270FBBC6E5', '2015-12-09 18:17:20', '2015-12-09 18:28:05', '2015-12-09 18:25:07', '1', '0', '609', '80', '41', '', '45'), ('660', '3593B883-EF18-408A-A6F3-C00AA56EF6F2', '2015-12-09 18:17:20', '2015-12-09 18:28:05', '2015-12-09 18:25:08', '1', '0', '609', '80', '41', '', '45'), ('661', '1D5F008B-C26C-40C6-8167-E0F75A710BEF', '2015-12-09 18:17:20', '2015-12-09 18:28:05', '2015-12-09 18:25:08', '1', '0', '609', '80', '41', '', '45'), ('662', '42F43349-30BD-44D4-B094-C030BDF97254', '2015-12-09 18:17:20', '2015-12-09 18:28:05', '2015-12-09 18:25:08', '1', '0', '609', '80', '41', '', '45'), ('663', '4ADB8FAF-351F-4B60-A3ED-BD95978D9387', '2015-12-09 18:17:20', '2015-12-09 18:28:05', '2015-12-09 18:25:08', '1', '0', '609', '80', '41', '', '45'), ('664', 'BC6F82E9-EC34-486E-8AC8-33E76F0D3207', '2015-12-09 18:17:20', '2015-12-09 18:28:05', '2015-12-09 18:25:08', '1', '0', '609', '80', '41', '', '45'), ('665', '8B83D694-06F2-4AEA-A82C-941517B0FF70', '2015-12-09 18:17:20', '2015-12-09 18:28:05', '2015-12-09 18:25:08', '1', '0', '609', '80', '41', '', '45'), ('666', '42BE2DD6-4CCB-4201-993D-B7A2AB8C4096', '2015-12-09 18:17:20', '2015-12-09 18:28:05', '2015-12-09 18:25:08', '1', '0', '609', '80', '41', '', '45'), ('667', '2E83C836-F887-47D0-B763-A3588E70AA98', '2015-12-09 18:17:20', '2015-12-09 18:28:05', '2015-12-09 18:25:08', '1', '0', '609', '80', '41', '', '45'), ('668', 'F2F2C5DC-D858-4BDC-8C26-A3316A03CCDF', '2015-12-09 18:17:20', '2015-12-09 18:28:05', '2015-12-09 18:25:08', '1', '0', '609', '80', '41', '', '45'), ('669', 'BDE6009D-C868-4E6F-8F28-340B40113018', '2015-12-09 18:17:20', '2015-12-09 18:28:05', '2015-12-09 18:25:08', '1', '0', '609', '80', '41', '', '45'), ('670', '17BD5B25-5961-48FF-8E93-4D6C55A38CB7', '2015-12-09 18:17:20', '2015-12-09 18:28:05', '2015-12-09 18:25:08', '1', '0', '609', '80', '41', '', '45'), ('671', '597898F6-BCDA-455F-9052-0C47D3C75841', '2015-12-09 18:17:20', '2015-12-09 18:28:05', '2015-12-09 18:25:08', '1', '0', '609', '80', '41', '', '45'), ('672', '3F778244-BC79-4E56-8901-66EBC797186F', '2015-12-09 18:17:20', '2015-12-09 18:28:05', '2015-12-09 18:25:08', '1', '0', '609', '80', '41', '', '45'), ('673', 'FC32169E-ADE3-43F8-B495-91F7FCC5C30B', '2015-12-09 18:17:20', '2015-12-09 18:28:05', '2015-12-09 18:25:08', '1', '0', '609', '80', '41', '', '45'), ('674', '9CBB929A-BE93-42C2-96A6-6EEE0A9041E2', '2015-12-09 18:17:20', '2015-12-09 18:28:05', '2015-12-09 18:25:08', '1', '0', '609', '80', '41', '', '45'), ('675', '8BE89B3D-CE25-40C3-A1B8-5448CA07D44C', '2015-12-09 18:17:20', '2015-12-09 18:28:05', '2015-12-09 18:25:07', '1', '0', '609', '80', '41', '', '45'), ('676', '90FED4C3-D3C6-451F-AE49-393537F779D5', '2015-12-09 18:17:20', '2015-12-09 18:28:05', '2015-12-09 18:25:08', '1', '0', '609', '80', '41', '', '45'), ('677', 'CC2339B0-449B-418C-8669-A34BE41CE5DF', '2015-12-09 18:17:20', '2015-12-09 18:28:05', '2015-12-09 18:25:08', '1', '0', '609', '80', '41', '', '45'), ('678', '09000193-DFCD-4FC0-858B-986B067AD224', '2015-12-09 18:17:20', '2015-12-09 18:28:05', '2015-12-09 18:25:08', '1', '0', '609', '80', '41', '', '45'), ('679', 'CDAC84BB-042E-471B-B839-314B382FF339', '2015-12-09 18:17:20', '2015-12-09 18:28:05', '2015-12-09 18:25:08', '1', '0', '609', '80', '41', '', '45'), ('680', '7B3A8610-DD10-4F02-AA71-B5C0725FA968', '2015-12-09 18:17:20', '2015-12-09 18:28:05', '2015-12-09 18:25:08', '1', '0', '609', '80', '41', '', '45'), ('681', '2280DFE2-7822-4F60-9B23-E5F964C9EF50', '2015-12-09 18:17:20', '2015-12-09 18:28:05', '2015-12-09 18:25:08', '1', '0', '609', '80', '41', '', '45'), ('682', 'D28403BB-F6F2-4C54-B80A-CAE2E17ABDBF', '2015-12-09 18:17:20', '2015-12-09 18:28:05', '2015-12-09 18:25:08', '1', '0', '609', '80', '41', '', '45'), ('683', '690FC323-FBA4-4779-B3E4-3B6FECD36128', '2015-12-09 18:17:20', '2015-12-09 18:28:05', '2015-12-09 18:25:08', '1', '0', '609', '80', '41', '', '45'), ('684', 'C8C21FF0-246C-42CB-ADD3-39ACACD4B68A', '2015-12-09 18:17:20', '2015-12-09 18:28:05', '2015-12-09 18:25:08', '1', '0', '609', '80', '41', '', '45'), ('685', '4B17A1B4-4C54-4E31-9580-F3705AE026A8', '2015-12-09 18:17:20', '2015-12-09 18:28:05', '2015-12-09 18:25:08', '1', '0', '609', '80', '41', '', '45'), ('686', '392FC9DC-14EF-4029-BA53-B45E4BF51CAE', '2015-12-09 18:17:20', '2015-12-09 18:28:05', '2015-12-09 18:25:08', '1', '0', '609', '80', '41', '', '45'), ('687', 'C43CE987-D4A0-4FDC-A8A1-7AA617A7F906', '2015-12-09 18:17:20', '2015-12-09 18:28:05', '2015-12-09 18:25:07', '1', '0', '609', '80', '41', '', '45'), ('688', 'B5498D1A-4B25-4CAF-9382-18BD4402D167', '2015-12-09 18:17:20', '2015-12-09 18:28:05', '2015-12-09 18:25:08', '1', '0', '609', '80', '41', '', '45'), ('689', '9CB8674B-F454-4FF2-8F02-F09711338AA3', '2015-12-09 18:17:20', '2015-12-09 18:28:05', '2015-12-09 18:25:08', '1', '0', '609', '80', '41', '', '45'), ('690', 'CE42CA10-F4FE-42A9-9224-C124FF9EEC78', '2015-12-09 18:17:20', '2015-12-09 18:28:05', '2015-12-09 18:25:07', '1', '0', '609', '80', '41', '', '45'), ('691', '3719655F-6272-4216-A222-8EEFEEBE126F', '2015-12-09 18:17:20', '2015-12-09 18:28:05', '2015-12-09 18:25:08', '1', '0', '609', '80', '41', '', '45'), ('692', 'D03B52E0-7410-4149-8985-2D95F2926FA7', '2015-12-09 18:17:20', '2015-12-09 18:28:05', '2015-12-09 18:25:08', '1', '0', '609', '80', '41', '', '45'), ('693', '01A128F4-7359-4146-B785-01F07460E57F', '2015-12-09 18:17:20', '2015-12-09 18:28:05', '2015-12-09 18:25:08', '1', '0', '609', '80', '41', '', '45'), ('694', '09D86D24-6D84-4BCA-AE84-FF9A5CD3E881', '2015-12-09 18:17:20', '2015-12-09 18:28:05', '2015-12-09 18:25:08', '1', '0', '609', '80', '41', '', '45'), ('695', '66B6FE10-E805-40D9-A40B-5A9C849EC529', '2015-12-09 18:17:20', '2015-12-09 18:28:05', '2015-12-09 18:25:08', '1', '0', '609', '80', '41', '', '45'), ('696', '624803F4-E8ED-4CBB-8CB0-FB0312F1207D', '2015-12-09 18:17:20', '2015-12-09 18:28:05', '2015-12-09 18:25:08', '1', '0', '609', '80', '41', '', '45'), ('697', '1206C929-ACA5-4D5B-B177-0C710C5C9809', '2015-12-09 18:17:20', '2015-12-09 18:28:05', '2015-12-09 18:25:08', '1', '0', '609', '80', '41', '', '45'), ('698', '87E147EF-9A05-4C4C-BA9E-5C5652EAA617', '2015-12-09 18:17:20', '2015-12-09 18:28:05', '2015-12-09 18:25:08', '1', '0', '609', '80', '41', '', '45'), ('699', '34D60A6E-A0D0-4C5E-8F1E-6C5E8529D7FE', '2015-12-09 18:17:20', '2015-12-09 18:28:05', '2015-12-09 18:25:08', '1', '0', '609', '80', '41', '', '45'), ('700', 'F8DE5E70-B53F-4E27-9153-1DD99439258C', '2015-12-09 18:17:20', '2015-12-09 18:28:05', '2015-12-09 18:25:08', '1', '0', '609', '80', '41', '', '45'), ('701', '9DF85677-2AB4-4E65-AF8A-B09718EE39AB', '2015-12-09 18:17:20', '2015-12-09 18:28:05', '2015-12-09 18:25:08', '1', '0', '609', '80', '41', '', '45'), ('702', 'AB14FA94-5F15-491E-BA58-B721757DF479', '2015-12-09 18:17:20', '2015-12-09 18:28:05', '2015-12-09 18:25:08', '1', '0', '609', '80', '41', '', '45'), ('703', '19D38897-B880-457E-BF2E-5A8D3702B02B', '2015-12-09 18:17:20', '2015-12-09 18:28:05', '2015-12-09 18:25:08', '1', '0', '609', '80', '41', '', '45'), ('704', 'E3A2AF8D-428F-4E1E-8ED2-EE9A1C36B462', '2015-12-09 18:17:20', '2015-12-09 18:28:05', '2015-12-09 18:25:08', '1', '0', '609', '80', '41', '', '45'), ('705', 'BC328CD6-AF70-4984-A1B4-1336173E9783', '2015-12-09 18:17:20', '2015-12-09 18:28:05', '2015-12-09 18:25:08', '1', '0', '609', '80', '41', '', '45'), ('706', '8C4D4CF5-BE31-4F86-9F9C-7FCFC137F903', '2015-12-09 18:22:02', '2015-12-09 18:28:34', '2015-12-09 18:27:54', '1', '0', '624', '78', '41', '', '40'), ('707', 'CD2C8A97-CFB2-4A76-990C-8972AA391F05', '2015-12-09 18:22:02', '2015-12-09 18:28:34', '2015-12-09 18:27:54', '1', '0', '624', '78', '41', '', '40'), ('708', '60952840-35CD-42F4-9BB6-38CA221AB6C6', '2015-12-09 18:22:02', '2015-12-09 18:28:34', '2015-12-09 18:27:54', '1', '0', '624', '78', '41', '', '40'), ('709', 'F20969DB-C332-4419-ADFB-E705B83ED361', '2015-12-09 18:22:02', '2015-12-09 18:28:34', '2015-12-09 18:27:54', '1', '0', '624', '78', '41', '', '40'), ('710', 'FD7CCA04-0EE9-498F-807E-30B420C4B031', '2015-12-09 18:22:02', '2015-12-09 18:28:34', '2015-12-09 18:27:54', '1', '0', '624', '78', '41', '', '40'), ('711', '1FEE7427-5D8D-4D73-B555-26B6558437B9', '2015-12-09 18:22:02', '2015-12-09 18:28:35', '2015-12-09 18:27:54', '1', '0', '624', '78', '41', '', '40'), ('712', '2D492BAB-4CFE-47C8-BC16-5FE92DC18BC2', '2015-12-09 18:22:02', '2015-12-09 18:28:35', '2015-12-09 18:27:54', '1', '0', '624', '78', '41', '', '40'), ('713', 'E7C9E43A-038D-4F31-AB18-0628757B1A92', '2015-12-09 18:22:02', '2015-12-09 18:28:35', '2015-12-09 18:27:54', '1', '0', '624', '78', '41', '', '40'), ('714', 'B594536A-1F4C-4554-A961-13648DA495A6', '2015-12-09 18:22:02', '2015-12-09 18:28:35', '2015-12-09 18:27:54', '1', '0', '624', '78', '41', '', '40'), ('715', '5AAF019E-40DE-45AC-ADAA-9067E782C8F8', '2015-12-09 18:22:02', '2015-12-09 18:28:35', '2015-12-09 18:27:54', '1', '0', '624', '78', '41', '', '40'), ('716', '872A3B0D-62DB-45B7-955B-60ABA4880F7D', '2015-12-09 18:22:02', '2015-12-09 18:28:35', '2015-12-09 18:27:54', '1', '0', '624', '78', '41', '', '40'), ('717', 'A6CFB55E-394C-45AB-A8CA-0DA0E5AFD25B', '2015-12-09 18:22:02', '2015-12-09 18:28:35', '2015-12-09 18:27:54', '1', '0', '624', '78', '41', '', '40'), ('718', '005B975F-1981-4710-99E5-7C4011B640F8', '2015-12-09 18:22:02', '2015-12-09 18:28:35', '2015-12-09 18:27:54', '1', '0', '624', '78', '41', '', '40'), ('719', 'A98D3F1E-959F-4CEF-9E6C-505DB3CED3C9', '2015-12-09 18:22:02', '2015-12-09 18:28:35', '2015-12-09 18:27:54', '1', '0', '624', '78', '41', '', '40'), ('720', '9B9CF207-C52C-49BF-9DBC-009D24E105EB', '2015-12-09 18:22:02', '2015-12-09 18:28:35', '2015-12-09 18:27:54', '1', '0', '624', '78', '41', '', '40'), ('721', '191A2077-CE52-4EBF-85FE-F90A46EE1511', '2015-12-09 18:22:02', '2015-12-09 18:28:35', '2015-12-09 18:27:54', '1', '0', '624', '78', '41', '', '40'), ('722', 'B70D8D58-6B10-4DC2-AD7A-15AB60CF2424', '2015-12-09 18:22:02', '2015-12-09 18:28:35', '2015-12-09 18:27:54', '1', '0', '624', '78', '41', '', '40'), ('723', '9A150495-6643-4395-90A5-BC7D57169ED9', '2015-12-09 18:22:02', '2015-12-09 18:28:35', '2015-12-09 18:27:54', '1', '0', '624', '78', '41', '', '40'), ('724', '0513F96E-6DC1-47F3-8B60-0A10A1E094E5', '2015-12-09 18:22:02', '2015-12-09 18:28:35', '2015-12-09 18:27:54', '1', '0', '624', '78', '41', '', '40'), ('725', '6DE6773A-1002-4A53-9A32-9D77E00E58C8', '2015-12-09 18:25:08', '2015-12-09 18:28:35', '2015-12-09 18:27:54', '1', '0', '626', '81', '43', '', '40'), ('726', '1D50698E-CBA6-41F6-834B-EA1815D7FFD5', '2015-12-09 18:25:08', '2015-12-09 18:28:35', '2015-12-09 18:27:54', '1', '0', '626', '81', '43', '', '40'), ('727', '0A7739E0-405B-406C-B17D-63AF64FEF029', '2015-12-09 18:25:08', '2015-12-09 18:28:35', '2015-12-09 18:27:54', '1', '0', '626', '81', '43', '', '40'), ('728', '60FBDA2C-DA9F-4668-919D-EC1EB0595C91', '2015-12-09 18:25:08', '2015-12-09 18:28:35', '2015-12-09 18:27:54', '1', '0', '626', '81', '43', '', '40'), ('729', '90F5236D-8E33-4874-9C9B-8FA6BA51523B', '2015-12-09 18:25:08', '2015-12-09 18:28:35', '2015-12-09 18:27:54', '1', '0', '626', '81', '43', '', '40'), ('730', '1299E0EC-200F-469A-918B-53087AC67BA4', '2015-12-09 18:25:08', '2015-12-09 18:28:35', '2015-12-09 18:27:54', '1', '0', '626', '81', '43', '', '40'), ('731', '9353C503-4787-4F2E-AFB1-ADDD634BCB90', '2015-12-09 18:25:08', '2015-12-09 18:28:35', '2015-12-09 18:27:54', '1', '0', '626', '81', '43', '', '40'), ('732', '157A82AA-D99C-471C-9B4B-8F9273130BD0', '2015-12-09 18:25:08', '2015-12-09 18:28:35', '2015-12-09 18:27:54', '1', '0', '626', '81', '43', '', '40'), ('733', '3334257C-15DA-47E5-8CC4-FD23EAAE3A80', '2015-12-09 18:25:08', '2015-12-09 18:28:35', '2015-12-09 18:27:54', '1', '0', '626', '81', '43', '', '40'), ('734', 'A5F56AED-447D-4D64-8AA0-8DE66D1EC206', '2015-12-09 18:25:08', '2015-12-09 18:28:35', '2015-12-09 18:27:54', '1', '0', '626', '81', '43', '', '40'), ('735', '0FC525D0-A50E-4D3F-BB32-4F54F2DE8B6B', '2015-12-09 18:25:08', '2015-12-09 18:28:35', '2015-12-09 18:27:54', '1', '0', '626', '81', '43', '', '40'), ('736', '832793ED-3DBB-421E-89D6-78D38E513AB4', '2015-12-09 18:25:08', '2015-12-09 18:28:35', '2015-12-09 18:27:54', '1', '0', '626', '81', '43', '', '40'), ('737', '022BA9B5-A58F-4456-8A7A-74E45894051A', '2015-12-09 18:25:08', '2015-12-09 18:28:35', '2015-12-09 18:27:54', '1', '0', '626', '81', '43', '', '40'), ('738', '2D6992E6-822B-44D3-A18B-33498F70BC46', '2015-12-09 18:25:08', '2015-12-09 18:28:35', '2015-12-09 18:27:54', '1', '0', '626', '81', '43', '', '40'), ('739', '6D1B02C1-F97B-4BD2-BB6E-ED04FD969E90', '2015-12-09 18:25:08', '2015-12-09 18:28:35', '2015-12-09 18:27:55', '1', '0', '626', '81', '43', '', '40'), ('740', '0F8DD1B8-E212-4768-BDA8-BF6B70CF1487', '2015-12-09 18:25:08', '2015-12-09 18:28:35', '2015-12-09 18:27:55', '1', '0', '626', '81', '43', '', '40'), ('741', 'AF9B1CE4-0730-43C9-A70E-B5311359AA18', '2015-12-09 18:25:08', '2015-12-09 18:28:35', '2015-12-09 18:27:55', '1', '0', '626', '81', '43', '', '40'), ('742', '6552D856-8381-4389-B35D-BF8E6407B99B', '2015-12-09 18:25:08', '2015-12-09 18:28:35', '2015-12-09 18:27:55', '1', '0', '626', '81', '43', '', '40'), ('743', '4C0ED305-5FDA-4457-B347-F973B896BFF7', '2015-12-09 18:25:08', '2015-12-09 18:28:35', '2015-12-09 18:27:55', '1', '0', '626', '81', '43', '', '40'), ('744', 'ABB8247C-A677-4283-8DD0-D2DD71E1C01F', '2015-12-09 18:25:08', '2015-12-09 18:28:35', '2015-12-09 18:27:55', '1', '0', '626', '81', '43', '', '40'), ('745', '9C3AE100-E544-4BD9-9A42-4872C7DF0D3C', '2015-12-09 18:25:08', '2015-12-09 18:28:35', '2015-12-09 18:27:55', '1', '0', '626', '81', '43', '', '40'), ('746', '634E0B00-9AC5-42D5-B486-ABB4122ADEDD', '2015-12-09 18:25:08', '2015-12-09 18:28:35', '2015-12-09 18:27:55', '1', '0', '626', '81', '43', '', '40'), ('747', 'A778BF61-1FAC-4C68-BCE5-064701643F86', '2015-12-09 18:25:08', '2015-12-09 18:28:35', '2015-12-09 18:27:55', '1', '0', '626', '81', '43', '', '40'), ('748', 'AE48819B-4D82-4E5C-8E91-911D2E8AA986', '2015-12-09 18:25:08', '2015-12-09 18:28:35', '2015-12-09 18:27:55', '1', '0', '626', '81', '43', '', '40'), ('749', '5955D754-8F65-4093-823A-6CCD459AC79B', '2015-12-09 18:25:08', '2015-12-09 18:28:35', '2015-12-09 18:27:55', '1', '0', '626', '81', '43', '', '40'), ('750', 'A266472B-8F9F-4C2C-8144-2195DF153F30', '2015-12-09 18:25:08', '2015-12-09 18:28:35', '2015-12-09 18:27:55', '1', '0', '626', '81', '43', '', '40'), ('751', 'CCEF7F67-ACAE-4177-B831-AE4E0F05C24F', '2015-12-09 18:25:08', '2015-12-09 18:28:35', '2015-12-09 18:27:55', '1', '0', '626', '81', '43', '', '40'), ('752', 'B9C6E852-225D-40E9-A272-BF74A4A5E7B1', '2015-12-09 18:25:08', '2015-12-09 18:28:35', '2015-12-09 18:27:55', '1', '0', '626', '81', '43', '', '40'), ('753', '39247AE4-721B-4CCF-8C19-E25EB2108842', '2015-12-09 18:25:08', '2015-12-09 18:28:35', '2015-12-09 18:27:55', '1', '0', '626', '81', '43', '', '40'), ('754', '38DCD790-3938-4B15-8159-DA74219C277F', '2015-12-09 18:25:08', '2015-12-09 18:28:35', '2015-12-09 18:27:55', '1', '0', '626', '81', '43', '', '40'), ('755', '49BFFF09-1E45-4FAA-9939-FA546CB79D05', '2015-12-09 18:25:08', '2015-12-09 18:28:35', '2015-12-09 18:27:55', '1', '0', '626', '81', '43', '', '40'), ('756', '08C5E0A5-85FA-4EBC-9F4C-DA60C3DC2627', '2015-12-09 18:25:08', '2015-12-09 18:28:35', '2015-12-09 18:27:55', '1', '0', '626', '81', '43', '', '40'), ('757', '70A339CC-BDD3-4DD1-AF5C-5437DADB63BA', '2015-12-09 18:25:08', '2015-12-09 18:28:35', '2015-12-09 18:27:55', '1', '0', '626', '81', '43', '', '40'), ('758', 'F13A760D-6055-4E5E-84F2-A7DC9BE74EA1', '2015-12-09 18:25:08', '2015-12-09 18:28:35', '2015-12-09 18:27:55', '1', '0', '626', '81', '43', '', '40'), ('759', 'B9E74398-0EC9-456B-831D-AF51DCA88751', '2015-12-09 18:25:08', '2015-12-09 18:28:35', '2015-12-09 18:27:55', '1', '0', '626', '81', '43', '', '40'), ('760', 'FBDEBFF0-DD7F-4E51-958E-A7C1C53AA2F8', '2015-12-09 18:25:08', '2015-12-09 18:28:35', '2015-12-09 18:27:55', '1', '0', '626', '81', '43', '', '40'), ('761', '2AE4FF0C-A8AE-4A20-8660-0C69EAAE540F', '2015-12-09 18:25:08', '2015-12-09 18:28:35', '2015-12-09 18:27:55', '1', '0', '626', '81', '43', '', '40'), ('762', 'DE9669C9-13CB-4C25-A4DD-0E4985D8545B', '2015-12-09 18:25:08', '2015-12-09 18:28:35', '2015-12-09 18:27:55', '1', '0', '626', '81', '43', '', '40'), ('763', '4ED9D74E-50C7-4291-9288-B9D0D91F0331', '2015-12-09 18:25:08', '2015-12-09 18:28:35', '2015-12-09 18:27:55', '1', '0', '626', '81', '43', '', '40'), ('764', '9041D2FA-DD9E-4C7E-960B-AA1966A1E4DF', '2015-12-09 18:25:08', '2015-12-09 18:28:35', '2015-12-09 18:27:55', '1', '0', '626', '81', '43', '', '40'), ('765', '00E35FF9-4E4F-4AF1-AC31-F572AFB73AF2', '2015-12-09 18:25:08', '2015-12-09 18:28:35', '2015-12-09 18:27:55', '1', '0', '626', '81', '43', '', '40'), ('766', '2EB5B7EA-67C3-4A0B-B63B-24E78B590EAE', '2015-12-09 18:25:08', '2015-12-09 18:28:35', '2015-12-09 18:27:55', '1', '0', '626', '81', '43', '', '40'), ('767', '1A303F4E-2798-4766-B043-538335DD2A61', '2015-12-09 18:27:55', '2015-12-09 18:28:35', '2015-12-09 18:24:12', '1', '0', '630', '81', '43', 'Bed note', '40');
COMMIT;

-- ----------------------------
--  Table structure for `services_tempprofileimage`
-- ----------------------------
DROP TABLE IF EXISTS `services_tempprofileimage`;
CREATE TABLE `services_tempprofileimage` (
  `id` int(11) NOT NULL AUTO_INCREMENT,
  `uuid` varchar(64) DEFAULT NULL,
  `created_date` datetime DEFAULT NULL,
  `updated_date` datetime DEFAULT NULL,
  `image` varchar(100) DEFAULT NULL,
  PRIMARY KEY (`id`),
  UNIQUE KEY `uuid` (`uuid`)
) ENGINE=MyISAM AUTO_INCREMENT=36 DEFAULT CHARSET=latin1;

-- ----------------------------
--  Records of `services_tempprofileimage`
-- ----------------------------
BEGIN;
INSERT INTO `services_tempprofileimage` VALUES ('1', 'd4c01a55-06d3-464f-8b40-53165da1380f', '2015-11-23 20:43:32', '2015-11-23 20:43:32', 'ProfileImage/5195F437-81A2-4EC2-BFB9-F1F387E14FF7.jpg'), ('4', '7a956ec5-f723-4904-800c-f9b7b80b778c', '2015-11-24 19:14:32', '2015-11-24 19:14:32', 'ProfileImage/453AC4C7-78C3-4906-8B2F-26215854A0A8.jpg'), ('5', 'a26769d7-f497-47f2-b944-770841d38e20', '2015-11-24 19:15:44', '2015-11-24 19:15:44', 'ProfileImage/BA657CAA-8DD1-4E0A-AF8A-F6D7C00BE5E6.jpg'), ('6', '62a4ba5e-a029-41a5-a2b8-d5b59c260cc0', '2015-11-24 19:23:50', '2015-11-24 19:23:50', 'ProfileImage/16C60368-1605-4F8C-85B4-4319DE27D57E.jpg'), ('8', '72aaf1d7-5545-4d31-b5b5-f36a866203dc', '2015-11-24 20:29:03', '2015-11-24 20:29:03', 'ProfileImage/5BE375C8-82E1-404E-88D2-F3D840F36CAD.jpg'), ('15', 'de6a1ffc-1c0c-49bc-8295-1a43e5d0a774', '2015-11-25 02:16:03', '2015-11-25 02:16:03', 'ProfileImage/AB7FA730-8234-486F-A0B4-ECAA4A1089C4.jpg'), ('10', '2e804daf-46ad-4691-94fc-8785bc5db1b9', '2015-11-25 02:12:11', '2015-11-25 02:12:11', 'ProfileImage/9BD854A8-7A41-47B9-BB0B-DD2FC21B1414.jpg'), ('11', '57388f8b-b204-405d-a077-6fb5db05d760', '2015-11-25 02:12:31', '2015-11-25 02:12:31', 'ProfileImage/E6DF6A06-EA84-4CF5-9DDE-2D6189DA5161.jpg'), ('12', 'cb5532a6-fa93-4c14-b259-12ae6a55eabe', '2015-11-25 02:12:46', '2015-11-25 02:12:46', 'ProfileImage/D4B738B2-366C-4A5B-B8E0-9E5FCC1D3A57.jpg'), ('14', 'eb495289-1d75-4b44-b368-b643e4edd143', '2015-11-25 02:15:46', '2015-11-25 02:15:46', 'ProfileImage/C64D720D-8154-4D19-9A90-775896452EA0.jpg'), ('16', 'e5fe3081-2728-4a0c-a1eb-28ab600f5008', '2015-11-25 05:57:59', '2015-11-25 05:57:59', 'ProfileImage/657F90FF-0DDB-4044-A612-E01E8FCB2A81.jpg'), ('22', 'ca2a768c-b426-4013-b7c7-7e62c1638b07', '2015-12-07 18:11:47', '2015-12-07 18:11:47', 'ProfileImage/994FE2B1-AECC-4EB7-9F85-DEA577437DF7.jpg'), ('24', '29eba6d4-8419-45ae-86a9-22c18f3b03a3', '2015-12-07 19:17:57', '2015-12-07 19:17:57', 'ProfileImage/0EF82256-0618-45EC-9017-C9F4F075DB89.jpg'), ('29', '948de4b5-5f43-49a6-ac46-f58fcd38190c', '2015-12-07 21:22:22', '2015-12-07 21:22:22', 'ProfileImage/32DBB242-405C-42FF-A757-16590DA5FC5D.jpg'), ('28', '95e6a51f-8d8e-4c9f-be93-c94fe9fe635b', '2015-12-07 21:21:39', '2015-12-07 21:21:39', 'ProfileImage/22CE0BC5-C0CA-49D5-A4D0-1C2B03AFA795.jpg');
COMMIT;

-- ----------------------------
--  Table structure for `services_userrole`
-- ----------------------------
DROP TABLE IF EXISTS `services_userrole`;
CREATE TABLE `services_userrole` (
  `id` int(11) NOT NULL AUTO_INCREMENT,
  `role` varchar(64) DEFAULT NULL,
  `user_id` int(11) DEFAULT NULL,
  `board_id` int(11) DEFAULT NULL,
  `created_date` datetime NOT NULL,
  `deleted` tinyint(1) NOT NULL,
  `device_date` datetime NOT NULL,
  `updated_date` datetime NOT NULL,
  `uuid` varchar(64) NOT NULL,
  PRIMARY KEY (`id`),
  UNIQUE KEY `uuid` (`uuid`),
  KEY `services_userrole_0047b239` (`board_id`)
) ENGINE=MyISAM AUTO_INCREMENT=88 DEFAULT CHARSET=latin1;

-- ----------------------------
--  Records of `services_userrole`
-- ----------------------------
BEGIN;
INSERT INTO `services_userrole` VALUES ('1', 'child', null, '1', '2015-11-23 20:48:15', '1', '2015-11-23 20:47:31', '2015-11-23 20:48:15', 'E462F67B-36FC-46D1-AF9C-BB1E7FD9A2ED'), ('2', 'child', '5', '1', '2015-11-23 20:59:28', '0', '2015-11-23 21:00:15', '2015-11-23 21:00:15', '843B2C35-3FA8-4BEF-B3D2-BC9B534F5F33'), ('3', 'child', '8', null, '2015-11-23 21:43:30', '0', '2015-11-23 22:34:28', '2015-11-23 22:36:37', 'ACFE0356-19E0-4A26-B1EE-C7B8F79DE997'), ('4', 'parent', '3', '2', '2015-11-23 21:44:29', '0', '2015-12-08 18:40:43', '2015-12-08 18:42:17', '1713a2d8-37ce-48cb-89bd-fa32beefdbd2'), ('5', 'child', '9', '1', '2015-11-23 21:45:47', '0', '2015-11-24 00:45:22', '2015-11-24 00:48:02', '840715CC-9DBE-49C6-A55D-F286D490290F'), ('6', 'child', '10', null, '2015-11-23 21:53:31', '0', '2015-11-23 22:34:28', '2015-11-23 22:36:37', '1AF35A5C-F38F-40C6-A4E2-BFD6102B2EFE'), ('7', 'child', '11', null, '2015-11-23 21:55:11', '0', '2015-11-23 22:34:28', '2015-11-23 22:36:37', 'D77CC058-E77A-4A82-936D-1C2DCEB653C2'), ('8', 'parent', null, '2', '2015-11-23 22:01:05', '0', '2015-11-24 18:57:45', '2015-11-24 18:57:45', 'b4d1d4f3-8ce1-4990-9d67-3d4d5fc7b5d0'), ('9', 'child', '13', '2', '2015-11-23 22:02:56', '1', '2015-12-07 15:24:06', '2015-12-07 15:24:06', 'C3B877EB-CC9A-439F-B64B-D9E057FDFCF7'), ('10', 'child', '13', '2', '2015-11-24 19:05:30', '0', '2015-12-08 18:41:39', '2015-12-08 19:00:38', 'D4049490-9063-438C-9126-51DBC2A9930C'), ('11', 'child', '14', '2', '2015-11-24 19:05:30', '0', '2015-11-24 23:54:01', '2015-12-08 18:41:39', 'CCF12F68-A766-4C13-A54B-70CA5F494A68'), ('12', 'child', '14', '24', '2015-11-24 19:16:26', '0', '2015-11-24 20:28:19', '2015-11-24 20:28:19', '225E70EA-E611-44CA-996D-F1D623D4FE17'), ('13', 'child', '13', '24', '2015-11-24 19:16:26', '0', '2015-12-07 15:24:06', '2015-12-07 15:24:06', '1CD32D93-D5BE-4029-9F65-19AC4B7F7E27'), ('14', 'parent', null, '24', '2015-11-24 19:23:58', '1', '2015-11-30 19:07:05', '2015-11-30 19:30:11', '34e3a3fb-95ce-4af0-a3ff-dd75a9e80ab9'), ('15', 'child', '15', '1', '2015-11-24 19:25:40', '0', '2015-11-24 19:57:13', '2015-11-24 20:00:14', '4536C12A-0E63-4AFC-A0F4-587D1B608214'), ('16', 'child', '16', '24', '2015-11-24 19:37:52', '0', '2015-11-24 19:18:24', '2015-11-24 19:37:52', '26FAF8D8-FA48-4905-A4B9-09F407D45DE7'), ('17', 'parent', '7', '2', '2015-11-24 20:00:11', '0', '2015-12-06 22:03:08', '2015-12-06 23:43:42', 'ab70be06-fc5d-4410-bc06-3878e42f39a3'), ('18', 'child', '17', '29', '2015-11-24 20:11:08', '0', '2015-11-24 20:10:12', '2015-11-24 20:12:13', '25F53AEA-4FBB-4E63-BC1F-3BAF0566DE4B'), ('19', 'child', '18', '28', '2015-11-24 20:18:19', '0', '2015-11-24 20:09:56', '2015-11-24 20:18:19', '00BE6C5E-7733-40FA-8FF4-3D0F85DDE01B'), ('20', 'child', '20', '30', '2015-11-25 02:14:00', '0', '2015-11-25 02:14:28', '2015-11-25 02:26:50', 'B6CC4F9F-838C-4424-B103-DF8CFEDBC32E'), ('21', 'child', '21', '30', '2015-11-25 02:14:00', '0', '2015-11-25 02:10:01', '2015-11-25 02:16:37', 'B75906DA-066C-4B81-96CE-A4C171F082F9'), ('22', 'child', '22', '30', '2015-11-25 02:14:00', '1', '2015-11-25 02:16:37', '2015-11-25 02:26:50', '039FFF80-1AA3-4AA0-B339-7D7DDE4430AA'), ('23', 'child', '22', '30', '2015-11-25 02:16:37', '1', '2015-11-25 05:54:54', '2015-11-25 06:09:20', 'A21F10AA-209D-4A73-8555-019017C2FF70'), ('24', 'child', '22', '30', '2015-11-25 06:09:20', '1', '2015-11-25 05:55:25', '2015-11-25 06:09:20', '6C1AD088-EAD9-4842-97F7-A9AB016E6BBE'), ('25', 'child', '22', '30', '2015-11-25 06:09:20', '0', '2015-11-25 05:57:31', '2015-11-25 06:09:20', '272B8B4F-2022-48D0-AD52-3FBB8A1CB170'), ('26', 'child', '23', '24', '2015-11-25 15:34:15', '0', '2015-11-25 15:30:55', '2015-11-25 17:35:14', '0C140714-B486-4A3B-AED3-B6BD6777CC51'), ('27', 'child', '24', '30', '2015-11-25 20:04:49', '1', '2015-11-25 18:23:39', '2015-11-25 20:04:49', '8B61866A-9AD1-4028-A70E-78006B7742AB'), ('28', 'child', '25', '30', '2015-11-27 03:39:56', '0', '2015-11-27 03:41:24', '2015-11-27 03:49:29', '772A90E1-5A99-4BDA-83B0-92C8EAF1C325'), ('29', 'parent', '3', '24', '2015-11-30 19:08:29', '0', '2015-11-30 19:30:11', '2015-12-02 06:14:03', 'da07707e-4f1c-42fe-8122-a0e8a643ed77'), ('30', 'child', '26', '32', '2015-12-01 17:09:01', '0', '2015-12-01 17:09:01', '2015-12-01 17:26:50', '0133988B-A125-4B5D-8383-01298FCAD249'), ('31', 'child', '14', '33', '2015-12-04 15:18:54', '0', '2015-12-04 15:16:38', '2015-12-04 18:52:33', 'B415A635-EA10-4B89-A18C-4201C931377A'), ('32', 'child', '13', '33', '2015-12-04 15:18:54', '0', '2015-12-07 15:24:06', '2015-12-07 15:24:06', '940C69F5-56BC-4208-BA10-E1E0B22F2B1F'), ('33', 'child', '27', '33', '2015-12-04 15:18:54', '0', '2015-12-04 15:21:30', '2015-12-04 15:21:30', '70FAD4AE-F763-4415-9D9B-5A450054A943'), ('34', 'parent', null, '33', '2015-12-04 15:57:29', '0', '2015-12-07 15:10:55', '2015-12-07 15:20:05', 'ef76ae20-2142-4d53-bd3b-a3e5be5958e0'), ('35', 'parent', '28', '24', '2015-12-04 17:24:07', '0', '2015-12-04 17:24:07', '2015-12-04 17:24:07', 'b142a355-8b3e-4281-b9e9-fc9cae0cf9e9'), ('36', 'guardian', '28', '2', '2015-12-04 17:24:51', '0', '2015-12-04 17:24:51', '2015-12-04 17:24:51', 'a28a9d63-adc9-48ef-b9fa-3a95dadcd470'), ('37', 'child', '29', '33', '2015-12-04 18:52:33', '0', '2015-12-04 15:21:09', '2015-12-04 18:52:33', '07B910C8-ABCA-4B5D-98D1-6119A0CE23EE'), ('38', 'child', '30', '2', '2015-12-04 19:11:48', '0', '2015-12-08 18:41:39', '2015-12-08 19:00:38', '24C743C8-75E1-45EE-B9F7-606E3A3E2A33'), ('39', 'child', '30', '35', '2015-12-04 19:11:48', '1', '2015-12-08 18:40:43', '2015-12-08 18:42:17', '8195F6E9-E29D-4FAF-B2B4-9BA8E66E454B'), ('40', 'child', '18', '15', '2015-12-06 16:11:35', '0', '2015-12-06 17:33:37', '2015-12-06 17:39:30', 'DB8451F6-0183-4416-BF15-DC3D6797DE24'), ('41', 'child', '31', '1', '2015-12-07 18:08:37', '0', '2015-12-07 18:11:59', '2015-12-07 18:17:13', 'BC3D1333-1D2C-4778-8EF0-DE2F6D7499A2'), ('42', 'child', '32', '1', '2015-12-07 18:11:42', '0', '2015-12-07 18:15:20', '2015-12-07 18:36:03', '1F4BB7C3-7BBD-449F-B54E-ADE8E2753A34'), ('43', 'child', '33', '1', '2015-12-07 18:18:37', '0', '2015-12-07 18:16:11', '2015-12-07 18:36:03', '7DF0818C-12F6-47E2-AB4A-4C777B681834'), ('44', 'child', '30', '35', '2015-12-07 21:14:41', '0', '2015-12-08 18:40:43', '2015-12-08 18:42:17', '1496A396-641A-4DB2-B2DF-50B6A4918F9A'), ('45', 'child', '34', '35', '2015-12-07 21:18:38', '0', '2015-12-08 18:40:43', '2015-12-08 18:42:17', 'A388F836-183D-495D-9281-CD8AE9619A89'), ('46', 'child', '35', '35', '2015-12-07 21:18:38', '0', '2015-12-07 21:14:52', '2015-12-07 21:19:52', 'BFD7BF53-9B92-48A1-92CD-43F8A3F708A9'), ('47', 'child', '36', '35', '2015-12-07 21:18:38', '0', '2015-12-08 18:40:43', '2015-12-08 18:42:17', 'FCF63784-01CF-46DC-AC15-300DBA2B9993'), ('48', 'child', '13', '40', '2015-12-07 21:41:34', '0', '2015-12-07 21:39:49', '2015-12-07 21:44:32', '3F2FD5FB-C45C-41E3-88EB-3956349C982C'), ('49', 'child', '37', '40', '2015-12-07 21:41:34', '0', '2015-12-07 21:41:39', '2015-12-07 21:44:32', '4111BB43-F3F8-4B40-BDF9-4F5D66C54B4D'), ('50', 'child', '16', '40', '2015-12-07 21:43:07', '0', '2015-12-07 21:40:33', '2015-12-07 21:44:32', 'FAA48897-D260-4E3A-84FF-9F055668EE4A'), ('51', 'child', '38', '40', '2015-12-07 21:43:07', '0', '2015-12-07 21:41:25', '2015-12-07 21:44:32', 'CB1FCB9A-F60E-4D5F-BCC1-F8455FC3C518'), ('52', 'parent', null, '35', '2015-12-08 13:46:21', '1', '2015-12-08 15:39:27', '2015-12-08 15:39:57', 'f70318a4-20eb-4f1f-8f02-fa893a84a248'), ('55', 'child', '41', '42', '2015-12-08 16:12:07', '1', '2015-12-08 16:09:55', '2015-12-09 16:42:40', '8552B2ED-E7F6-40B2-8833-2BA6507329CD'), ('53', 'parent', '39', '35', '2015-12-08 15:03:28', '0', '2015-12-08 15:20:34', '2015-12-08 18:41:39', 'f83089d3-a95f-4d14-83d8-2e6aa45139e4'), ('54', 'parent', '7', '35', '2015-12-08 15:12:26', '0', '2015-12-08 15:14:38', '2015-12-08 15:20:34', '19e1a05a-3a8b-471d-a9d4-12ae4dcca1b7'), ('56', 'child', '42', '42', '2015-12-08 16:12:07', '1', '2015-12-08 16:09:41', '2015-12-09 16:42:40', '3260B435-6F6D-401F-A46A-F2E751C22EA9'), ('57', 'child', '43', '42', '2015-12-08 16:12:07', '1', '2015-12-08 16:09:10', '2015-12-09 16:42:40', '5FD1A7E6-02E9-4FB4-ADB1-514BBBBEB976'), ('58', 'child', '44', '42', '2015-12-08 16:12:07', '1', '2015-12-08 16:09:25', '2015-12-09 16:42:40', '28665100-5C64-4204-AC0C-FF30CF52FD10'), ('59', 'parent', '45', '42', '2015-12-08 16:32:35', '1', '2015-12-08 16:42:41', '2015-12-09 16:42:40', 'e8549ec7-eebf-4021-94fa-9ca7c401e1e8'), ('60', 'parent', '3', '42', '2015-12-08 16:40:43', '1', '2015-12-08 16:59:45', '2015-12-09 16:42:40', 'c385f233-a4e8-434f-909d-eb9195eab81a'), ('61', 'child', '35', '36', '2015-12-08 18:24:24', '0', '2015-12-08 18:36:14', '2015-12-08 18:42:14', '946C41BA-B201-4634-B2E6-F2F2F50CED59'), ('62', 'parent', '39', '36', '2015-12-08 18:24:37', '0', '2015-12-08 18:40:43', '2015-12-08 18:42:17', 'b313acbf-2152-4fab-82cf-6ba1845b1b9d'), ('63', 'guardian', '3', '44', '2015-12-08 19:20:32', '1', '2015-12-08 23:06:04', '2015-12-08 23:21:11', '1fc661e8-2beb-4f1e-829e-6392d3810b77'), ('64', 'child', '47', '44', '2015-12-08 19:21:02', '1', '2015-12-08 23:06:04', '2015-12-08 23:21:11', 'A6B6983F-AE1D-48EE-B994-2C9766683AF2'), ('65', 'child', '48', '44', '2015-12-08 19:28:52', '1', '2015-12-08 23:06:04', '2015-12-08 23:21:11', '74A33367-940A-4DC2-9602-2D5165AAE244'), ('66', 'guardian', '3', null, '2015-12-08 21:05:36', '0', '2015-12-08 21:06:06', '2015-12-08 21:06:49', 'fc30cd8b-98d6-4575-8c98-1dd418c7bae3'), ('67', 'guardian', '3', null, '2015-12-08 21:11:34', '0', '2015-12-08 21:13:06', '2015-12-08 21:14:05', 'e2db07ad-05c1-47ec-89ea-c2f2b9851961'), ('68', 'guardian', '3', null, '2015-12-08 21:21:13', '0', '2015-12-08 21:21:18', '2015-12-08 21:25:32', '642b4c13-5745-468f-9b61-a6bf6cac9b59'), ('69', 'guardian', '3', null, '2015-12-08 21:26:41', '0', '2015-12-08 21:27:52', '2015-12-08 21:31:06', 'f513d6b1-0127-4849-8d7f-aa6a1e5a4a5e'), ('70', 'guardian', '3', null, '2015-12-09 04:45:28', '1', '2015-12-09 04:45:48', '2015-12-09 04:47:11', 'c6a2baeb-46ec-4686-9a2e-72231a6be107'), ('71', 'guardian', '3', null, '2015-12-09 04:49:47', '0', '2015-12-09 04:52:59', '2015-12-09 04:53:26', '61a8aef6-832c-4566-bdd2-c323bad3be72'), ('72', 'guardian', '3', null, '2015-12-09 04:57:54', '0', '2015-12-09 04:58:55', '2015-12-09 04:59:14', '3afb6e1d-c106-4646-a5db-4c4a2bcd01c9'), ('73', 'guardian', '3', null, '2015-12-09 05:00:20', '0', '2015-12-09 05:01:05', '2015-12-09 05:09:27', '6e8c216c-62f7-407f-858d-621b7415ec55'), ('74', 'parent', '3', '71', '2015-12-09 05:10:32', '1', '2015-12-09 05:10:32', '2015-12-09 05:11:05', '1fe00ca2-e3c4-4a11-a447-1c07b0c8c68a'), ('75', 'guardian', '3', '72', '2015-12-09 05:16:12', '0', '2015-12-09 18:40:25', '2015-12-09 18:41:23', '54f2c717-9af2-46f8-9211-33382e9ff4d7'), ('76', 'guardian', '3', '74', '2015-12-09 05:20:25', '0', '2015-12-09 18:40:25', '2015-12-09 18:41:23', '0ac75714-a60d-4340-8bcf-897e35012546'), ('77', 'parent', '45', '77', '2015-12-09 16:56:22', '1', '2015-12-09 16:56:22', '2015-12-09 16:56:57', '37f99dd6-732b-480d-ab1d-da9d542b3df0'), ('78', 'child', '41', '80', '2015-12-09 18:17:19', '1', '2015-12-09 18:25:07', '2015-12-09 18:28:04', 'C75D6832-18ED-4902-A929-4671E121839E'), ('79', 'child', '43', '80', '2015-12-09 18:17:19', '1', '2015-12-09 18:25:07', '2015-12-09 18:28:04', '72FBD487-07A3-4C06-8219-B7057B9449EE'), ('80', 'child', '42', '80', '2015-12-09 18:17:19', '1', '2015-12-09 18:25:07', '2015-12-09 18:28:04', '8C5BFFB3-B50A-4B65-BD1B-1BB524F9AC84'), ('81', 'child', '44', '80', '2015-12-09 18:17:19', '1', '2015-12-09 18:25:07', '2015-12-09 18:28:04', '056D0484-24A2-4573-B8DF-8D4BC92E30F4'), ('82', 'parent', '40', '80', '2015-12-09 18:19:00', '1', '2015-12-09 18:25:07', '2015-12-09 18:28:04', 'ee5b3905-4f4c-4e70-8bb3-e95cea011c16'), ('83', 'parent', '40', '79', '2015-12-09 18:19:14', '1', '2015-12-09 18:25:07', '2015-12-09 18:28:04', '1d9a4535-8603-431f-92cc-18f946e5d850'), ('84', 'child', '41', '78', '2015-12-09 18:21:19', '1', '2015-12-09 18:27:53', '2015-12-09 18:28:34', '4441ECFE-ACD5-469A-B3DD-D63895B8801A'), ('85', 'child', '43', '81', '2015-12-09 18:25:07', '1', '2015-12-09 18:27:53', '2015-12-09 18:28:34', '1D404520-8F32-45FD-AB29-7EAD5AA48D2E'), ('86', 'parent', '45', '81', '2015-12-09 18:26:30', '1', '2015-12-09 18:26:30', '2015-12-09 18:28:34', '264567c0-00b0-46e8-b33f-c533d5ee3ca1'), ('87', 'parent', '45', '78', '2015-12-09 18:26:39', '1', '2015-12-09 18:26:39', '2015-12-09 18:28:34', '9957457b-61c3-4875-bec6-435cddf69580');
COMMIT;

-- ----------------------------
--  Table structure for `social_auth_association`
-- ----------------------------
DROP TABLE IF EXISTS `social_auth_association`;
CREATE TABLE `social_auth_association` (
  `id` int(11) NOT NULL AUTO_INCREMENT,
  `server_url` varchar(255) NOT NULL,
  `handle` varchar(255) NOT NULL,
  `secret` varchar(255) NOT NULL,
  `issued` int(11) NOT NULL,
  `lifetime` int(11) NOT NULL,
  `assoc_type` varchar(64) NOT NULL,
  PRIMARY KEY (`id`)
) ENGINE=MyISAM DEFAULT CHARSET=latin1;

-- ----------------------------
--  Table structure for `social_auth_code`
-- ----------------------------
DROP TABLE IF EXISTS `social_auth_code`;
CREATE TABLE `social_auth_code` (
  `id` int(11) NOT NULL AUTO_INCREMENT,
  `email` varchar(254) NOT NULL,
  `code` varchar(32) NOT NULL,
  `verified` tinyint(1) NOT NULL,
  PRIMARY KEY (`id`),
  UNIQUE KEY `social_auth_code_email_75f27066d057e3b6_uniq` (`email`,`code`),
  KEY `social_auth_code_c1336794` (`code`)
) ENGINE=MyISAM DEFAULT CHARSET=latin1;

-- ----------------------------
--  Table structure for `social_auth_nonce`
-- ----------------------------
DROP TABLE IF EXISTS `social_auth_nonce`;
CREATE TABLE `social_auth_nonce` (
  `id` int(11) NOT NULL AUTO_INCREMENT,
  `server_url` varchar(255) NOT NULL,
  `timestamp` int(11) NOT NULL,
  `salt` varchar(65) NOT NULL,
  PRIMARY KEY (`id`),
  UNIQUE KEY `social_auth_nonce_server_url_36601f978463b4_uniq` (`server_url`,`timestamp`,`salt`)
) ENGINE=MyISAM DEFAULT CHARSET=latin1;

-- ----------------------------
--  Table structure for `social_auth_usersocialauth`
-- ----------------------------
DROP TABLE IF EXISTS `social_auth_usersocialauth`;
CREATE TABLE `social_auth_usersocialauth` (
  `id` int(11) NOT NULL AUTO_INCREMENT,
  `provider` varchar(32) NOT NULL,
  `uid` varchar(255) NOT NULL,
  `extra_data` longtext NOT NULL,
  `user_id` int(11) NOT NULL,
  PRIMARY KEY (`id`),
  UNIQUE KEY `social_auth_usersocialauth_provider_2f763109e2c4a1fb_uniq` (`provider`,`uid`),
  KEY `social_auth_usersocialauth_e8701ad4` (`user_id`)
) ENGINE=MyISAM AUTO_INCREMENT=4 DEFAULT CHARSET=latin1;

-- ----------------------------
--  Records of `social_auth_usersocialauth`
-- ----------------------------
BEGIN;
INSERT INTO `social_auth_usersocialauth` VALUES ('3', 'facebook', '10153324498581936', '{\"access_token\": \"CAAXVFcE1cKwBAHn5pCCtQnxPpuCOdiP6Dgs8oDCU7l5Mr8imI2pdbYTSu3vFocErBnBwYZBbb1kEbJELqOgGecs2yTNSw5g0Kx8S8Puop0y7HEZBNWBLhHZAsUVl6cHecNgWRggcGOKVqSmqGmTBoHUiZC2ZB0oKLHNQYgwIu9jwd0ewX4PIhgRZCj9kvzbHlM8puJWpV7TkzjIKIeHpfR\", \"expires\": null, \"id\": \"10153324498581936\"}', '40'), ('2', 'facebook', '10207479243075365', '{\"access_token\": \"CAAXVFcE1cKwBAFLYllqlQdJbFZA5oh7EQrK3c1P08ZCfVabL34M1jwphLTw0QdrZAWWtElEXmkrJUPZBRQjKcZAeeaNzSMHIoqm9nGYC9ASZBqpfqiklE5w42GjMECDOObBTqYyDOHuj8zWWtZCOVsn892ZAcZBu3HZC1KF20vhTaLqbo2ZAoZA2EkzVPM4wzsKHfCSwaTJ0jZAvZBnQZDZD\", \"expires\": null, \"id\": \"10207479243075365\"}', '7');
COMMIT;

SET FOREIGN_KEY_CHECKS = 1;
